Product Name,Product Slug,Last Modified
"Ogio Vision 2 0 Golf Bag",ogio-vision-2-0-golf-bag-425044,2025-10-01 09:38
"Ogio All Elements Pack",ogio-all-elements-pack-423009,2025-10-01 09:38
"Ogio Pursuit Pack",ogio-pursuit-pack-417054,2025-10-01 09:38
"Ogio Ladies Melrose Tote",ogio-ladies-melrose-tote-414006,2025-10-01 09:38
"Ogio Apex 15 Slim Case",ogio-apex-15-slim-case-417051,2025-10-01 09:38
"Ogio Xl Xtra Light 2 0 Golf Bag",ogio-xl-xtra-light-2-0-golf-bag-425043,2025-10-01 09:38
"Ogio Commuter Duffel",ogio-commuter-duffel-411098,2025-10-01 09:38
"Ogio Resistant Crossbody",ogio-resistant-crossbody-97002,2025-10-01 09:38
"Ogio Pulse Cinch Pack",ogio-pulse-cinch-pack-412045,2025-10-01 09:38
"Ogio Shuttle Pack",ogio-shuttle-pack-411094,2025-10-01 09:38
"Ogio Ladies Melrose Pack",ogio-ladies-melrose-pack-414004,2025-10-01 09:38
"Nike Dri Fit Stretch 1 2 Zip Cover Up",nike-dri-fit-stretch-1-2-zip-cover-up-779795,2025-10-01 09:38
"Nike Dri Fit Solid Icon Pique Modern Fit Polo",nike-dri-fit-solid-icon-pique-modern-fit-polo-746099,2025-10-01 09:38
"Nike Ladies Dri Fit Solid Icon Pique Modern Fit Polo",nike-ladies-dri-fit-solid-icon-pique-modern-fit-polo-746100,2025-10-01 09:38
"Nike Dri Fit Vertical Mesh Polo",nike-dri-fit-vertical-mesh-polo-637167,2025-10-01 09:38
"Ogio Metro Ballistic Pack",ogio-metro-ballistic-pack-711107,2025-10-01 09:38
"Nike Ladies Dri Fit Vertical Mesh Polo",nike-ladies-dri-fit-vertical-mesh-polo-637165,2025-10-01 09:38
"Nike Dri Fit Classic Fit Players Polo With Flat Knit Collar",nike-dri-fit-classic-fit-players-polo-with-flat-knit-collar-838956,2025-10-01 09:38
"Nike Ladies Dri Fit Legacy Polo",nike-ladies-dri-fit-legacy-polo-838957,2025-10-01 09:38
"Nike Dri Fit Embossed Tri Blade Polo",nike-dri-fit-embossed-tri-blade-polo-838964,2025-10-01 09:38
"Nike Ladies Dri Fit Stretch 1 2 Zip Cover Up",nike-ladies-dri-fit-stretch-1-2-zip-cover-up-779796,2025-10-01 09:38
"Nike Dri Fit Players Modern Fit Polo",nike-dri-fit-players-modern-fit-polo-799802,2025-10-01 09:38
"Nike Ladies Dri Fit Players Modern Fit Polo",nike-ladies-dri-fit-players-modern-fit-polo-811807,2025-10-01 09:38
"Jerzees Dri Power 100 Polyester T Shirt",jerzees-dri-power-100-polyester-t-shirt-21m,2025-10-01 09:38
"Jerzees Spotshield 5 4 Ounce Jersey Knit Sport Shirt",jerzees-spotshield-5-4-ounce-jersey-knit-sport-shirt-437m,2025-10-01 09:38
"Jerzees Dri Power 50 50 Cotton Poly Long Sleeve T Shirt",jerzees-dri-power-50-50-cotton-poly-long-sleeve-t-shirt-29ls,2025-10-01 09:38
"Gildan Youth Heavy Blend Sweatpant",gildan-youth-heavy-blend-sweatpant-18200b,2025-10-01 09:38
"Ogio Camo Big Dome Duffel",ogio-camo-big-dome-duffel-108087c,2025-10-01 09:38
"Gildan Youth Heavy Blend Hooded Sweatshirt",gildan-youth-heavy-blend-hooded-sweatshirt-18500b,2025-10-01 09:38
"Nike Dri Fit Legacy Polo",nike-dri-fit-legacy-polo-883681,2025-10-01 09:38
"Gildan Ladies Heavy Cotton 100 Cotton V Neck T Shirt",gildan-ladies-heavy-cotton-100-cotton-v-neck-t-shirt-5v00l,2025-10-01 09:38
"Jerzees Nublend Crewneck Sweatshirt",jerzees-nublend-crewneck-sweatshirt-562m,2025-10-01 09:38
"Jerzees Super Sweats Nublend Crewneck Sweatshirt",jerzees-super-sweats-nublend-crewneck-sweatshirt-4662m,2025-10-01 09:38
"Gildan Youth Heavy Cotton 100 Cotton T Shirt",gildan-youth-heavy-cotton-100-cotton-t-shirt-5000b,2025-10-01 09:38
"Jerzees Super Sweats Nublend Sweatpant With Pockets",jerzees-super-sweats-nublend-sweatpant-with-pockets-4850mp,2025-10-01 09:38
"Jerzees Super Sweats Nublend Pullover Hooded Sweatshirt",jerzees-super-sweats-nublend-pullover-hooded-sweatshirt-4997m,2025-10-01 09:38
"Gildan Youth Heavy Cotton 100 Cotton Long Sleeve T Shirt",gildan-youth-heavy-cotton-100-cotton-long-sleeve-t-shirt-5400b,2025-10-01 09:38
"Jerzees Nublend Open Bottom Pant With Pockets",jerzees-nublend-open-bottom-pant-with-pockets-974mp,2025-10-01 09:38
"Bellacanvas Unisex Jersey Tank",bellacanvas-unisex-jersey-tank-bc3480,2025-10-01 09:38
"Jerzees Nublend 1 4 Zip Cadet Collar Sweatshirt",jerzees-nublend-1-4-zip-cadet-collar-sweatshirt-995m,2025-10-01 09:38
"Jerzees Nublend Full Zip Hooded Sweatshirt",jerzees-nublend-full-zip-hooded-sweatshirt-993m,2025-10-01 09:38
"Bellacanvas Unisex Triblend Short Sleeve V Neck Te",bellacanvas-unisex-triblend-short-sleeve-v-neck-te-bc3415,2025-10-01 09:38
"Jerzees Nublend Pullover Hooded Sweatshirt",jerzees-nublend-pullover-hooded-sweatshirt-996m,2025-10-01 09:38
"Bellacanvas Womens Slim Fit Tee",bellacanvas-womens-slim-fit-tee-bc6004,2025-10-01 09:38
"Bellacanvas Unisex Triblend Full Zip Lightweight Hoodie",bellacanvas-unisex-triblend-full-zip-lightweight-hoodie-bc3939,2025-10-01 09:38
"Bellacanvas Unisex Sponge Fleece Pullover Dtm Hoodie",bellacanvas-unisex-sponge-fleece-pullover-dtm-hoodie-bc3729,2025-10-01 09:38
"Bellacanvas Unisex Jogger Sweatpants",bellacanvas-unisex-jogger-sweatpants-bc3727,2025-10-01 09:38
"Bellacanvas Unisex Sponge Fleece Pullover Hoodie",bellacanvas-unisex-sponge-fleece-pullover-hoodie-bc3719,2025-10-01 09:38
"Bellacanvas Unisex Sponge Fleece Full Zip Hoodie",bellacanvas-unisex-sponge-fleece-full-zip-hoodie-bc3739,2025-10-01 09:38
"Bellacanvas Unisex Triblend Sponge Fleece Full Zip Hoodie",bellacanvas-unisex-triblend-sponge-fleece-full-zip-hoodie-bc3909,2025-10-01 09:38
"Port Authority Value Backpack",port-authority-value-backpack-bg203,2025-10-01 09:38
"Port Authority Core Cotton Tote",port-authority-core-cotton-tote-bg1500,2025-10-01 09:38
"Bellacanvas Womens Flowy Racerback Tank",bellacanvas-womens-flowy-racerback-tank-bc8800,2025-10-01 09:38
"Port Authority Commuter Backpack",port-authority-commuter-backpack-bg205,2025-10-01 09:38
"Port Authority Basic Backpack",port-authority-basic-backpack-bg204,2025-10-01 09:38
"Port Authority Active Sling Pack",port-authority-active-sling-pack-bg206,2025-10-01 09:38
"Port Authority Core Cotton Drawstring Bag",port-authority-core-cotton-drawstring-bag-bg0350,2025-10-01 09:38
"Bellacanvas Womens Triblend Short Sleeve Tee",bellacanvas-womens-triblend-short-sleeve-tee-bc8413,2025-10-01 09:38
"Port Authority Xtreme Backpack",port-authority-xtreme-backpack-bg207,2025-10-01 09:38
"Bellacanvas Womens Flowy Scoop Muscle Tank",bellacanvas-womens-flowy-scoop-muscle-tank-bc8803,2025-10-01 09:38
"Port Authority Ridge Backpack",port-authority-ridge-backpack-bg208,2025-10-01 09:38
"Port Authority Camo Xtreme Backpack",port-authority-camo-xtreme-backpack-bg207c,2025-10-01 09:38
"Port Authority Impact Tech Backpack",port-authority-impact-tech-backpack-bg225,2025-10-01 09:38
"Port Authority Transit Backpack",port-authority-transit-backpack-bg224,2025-10-01 09:38
"Port Authority City Backpack",port-authority-city-backpack-bg222,2025-10-01 09:38
"Port Authority Access Rucksack",port-authority-access-rucksack-bg219,2025-10-01 09:38
"Port Authority Crush Ripstop Backpack",port-authority-crush-ripstop-backpack-bg213,2025-10-01 09:38
"Port Authority Hybrid Backpack",port-authority-hybrid-backpack-bg211,2025-10-01 09:38
"Port Authority Vector Backpack",port-authority-vector-backpack-bg209,2025-10-01 09:38
"Port Authority Beach Wash Tote",port-authority-beach-wash-tote-bg421,2025-10-01 09:38
"Port Authority Eco Blend Canvas Tote",port-authority-eco-blend-canvas-tote-bg420,2025-10-01 09:38
"Port Authority Access Convertible Tote",port-authority-access-convertible-tote-bg418,2025-10-01 09:38
"Port Authority Circuit Tote",port-authority-circuit-tote-bg417,2025-10-01 09:38
"Port Authority Ultra Core Shopper Tote",port-authority-ultra-core-shopper-tote-bg416,2025-10-01 09:38
"Port Authority Large Cotton Canvas Boat Tote",port-authority-large-cotton-canvas-boat-tote-bg413,2025-10-01 09:38
"Port Authority Colorblock Cotton Tote",port-authority-colorblock-cotton-tote-bg414,2025-10-01 09:38
"Port Authority Medium Cotton Canvas Boat Tote",port-authority-medium-cotton-canvas-boat-tote-bg412,2025-10-01 09:38
"Port Authority On The Go Tote",port-authority-on-the-go-tote-bg411,2025-10-01 09:38
"Port Authority Vector Briefcase",port-authority-vector-briefcase-bg309,2025-10-01 09:38
"Port Authority Clear Backpack",port-authority-clear-backpack-bg230,2025-10-01 09:38
"Port Authority The Original Pack",port-authority-the-original-pack-bg227,2025-10-01 09:38
"Port Authority Daily Commute Backpack",port-authority-daily-commute-backpack-bg226,2025-10-01 09:38
"Port Authority Core Cotton Cinch",port-authority-core-cotton-cinch-bg6200,2025-10-01 09:38
"Port Authority Outdoor Cinch Pack",port-authority-outdoor-cinch-pack-bg617c,2025-10-01 09:38
"Port Authority Zip It Cinch Pack",port-authority-zip-it-cinch-pack-bg616,2025-10-01 09:38
"Port Authority Large Tote Cooler",port-authority-large-tote-cooler-bg527,2025-10-01 09:38
"Port Company Core Fleece Sweatshirt Cinch Pack",port-company-core-fleece-sweatshirt-cinch-pack-bg614,2025-10-01 09:38
"Port Authority 18 Can Collapsible Cooler",port-authority-18-can-collapsible-cooler-bg516,2025-10-01 09:38
"Port Authority 6 Can Collapsible Cooler",port-authority-6-can-collapsible-cooler-bg515,2025-10-01 09:38
"Port Authority Camouflage 24 Can Cube Cooler",port-authority-camouflage-24-can-cube-cooler-bg514c,2025-10-01 09:38
"Port Authority 24 Can Cube Cooler",port-authority-24-can-cube-cooler-bg514,2025-10-01 09:38
"Port Authority 12 Can Cube Cooler",port-authority-12-can-cube-cooler-bg513,2025-10-01 09:38
"Port Authority 6 Can Cube Cooler",port-authority-6-can-cube-cooler-bg512,2025-10-01 09:38
"Port Authority 18 Can Backpack Cooler",port-authority-18-can-backpack-cooler-bg501,2025-10-01 09:38
"Port Authority Clear Stadium",port-authority-clear-stadium-totebg430,2025-10-01 09:38
"Port Authority Cotton Canvas Tote",port-authority-cotton-canvas-tote-bg424,2025-10-01 09:38
"Port Authority Hip Pack",port-authority-hip-pack-bg905,2025-10-01 09:38
"Port Authority Medium Active Duffel",port-authority-medium-active-duffel-bg801,2025-10-01 09:38
"Port Authority Travel Bag",port-authority-travel-bag-bg751,2025-10-01 09:38
"Port Authority Beach Wash Cinch Pack",port-authority-beach-wash-cinch-pack-bg621,2025-10-01 09:38
"Port Authority Team Duffel",port-authority-team-duffel-bg804,2025-10-01 09:38
"Port Authority Mini Ripstop Dome Duffel",port-authority-mini-ripstop-dome-duffel-bg819,2025-10-01 09:38
"Port Authority Mini Ripstop Travel Duffel",port-authority-mini-ripstop-travel-duffel-bg820,2025-10-01 09:38
"Port Authority Hip Pack",port-authority-hip-pack-bg905,2025-10-01 09:38
"Port Authority Ultimate Hip Pack",port-authority-ultimate-hip-pack-bg910,2025-10-01 09:38
"Port Authority Stash Pouch 5 Pack",port-authority-stash-pouch-5-pack-bg915,2025-10-01 09:38
"Port Authority Stash Dimensional Pouch 5 Pack",port-authority-stash-dimensional-pouch-5-pack-bg916,2025-10-01 09:38
"Port Authority Stash Crossbody Pouch 5 Pack",port-authority-stash-crossbody-pouch-5-pack-bg917,2025-10-01 09:38
"Port Authority Cozy Blanket",port-authority-cozy-blanket-bp36,2025-10-01 09:38
"Port Authority Americana Contrast Stitch Camouflage Cap",port-authority-americana-contrast-stitch-camouflage-cap-c909,2025-10-01 09:38
"Port Company Six Panel Unstructured Twill Cap",port-company-six-panel-unstructured-twill-cap-c914,2025-10-01 09:38
"Port Company Unstructured Sandwich Bill Cap",port-company-unstructured-sandwich-bill-cap-c919,2025-10-01 09:38
"Port Company Infant Core Cotton Tee",port-company-infant-core-cotton-tee-car54i,2025-10-01 09:38
"Port Company Toddler Core Cotton Tee",port-company-toddler-core-cotton-tee-car54t,2025-10-01 09:38
"Port Company Infant Core Fleece Full Zip Hooded Sweatshirt",port-company-infant-core-fleece-full-zip-hooded-sweatshirt-car78izh,2025-10-01 09:38
"Port Company Toddler Core Fleece Pullover Hooded Sweatshirt",port-company-toddler-core-fleece-pullover-hooded-sweatshirt-car78th,2025-10-01 09:38
"Port Company Toddler Core Fleece Full Zip Hooded Sweatshirt",port-company-toddler-core-fleece-full-zip-hooded-sweatshirt-car78tzh,2025-10-01 09:38
"Nike Utility Duffel",nike-utility-duffel-ck2792,2025-10-01 09:38
"Nike Therma Fit Pullover Fleece Hoodie",nike-therma-fit-pullover-fleece-hoodie-cn9473,2025-10-01 09:38
"Cotopaxi Bataan Hip Pack",cotopaxi-bataan-hip-pack-cotobfp,2025-10-01 09:38
"Cornerstone 1 2 Zip Job Shirt",cornerstone-1-2-zip-job-shirt-cs626,2025-10-01 09:38
"Cornerstone Heavyweight Sherpa Lined Hooded Fleece Jacket",cornerstone-heavyweight-sherpa-lined-hooded-fleece-jacket-cs625,2025-10-01 09:38
"Cornerstone Ladies Select Lightweight Snag Proof Polo",cornerstone-ladies-select-lightweight-snag-proof-polo-cs419,2025-10-01 09:38
"Cornerstone Select Snag Proof Polo",cornerstone-select-snag-proof-polo-cs412,2025-10-01 09:38
"Port Company Washed Twill Cap",port-company-washed-twill-cap-cp78,2025-10-01 09:38
"Cotopaxi Luzon Backpack",cotopaxi-luzon-backpack-cotol18l,2025-10-01 09:38
"Cotopaxi Del Dia Hip Pack",cotopaxi-del-dia-hip-pack-cotoddfp,2025-10-01 09:38
"Cotopaxi Batac Backpack",cotopaxi-batac-backpack-cotobtp,2025-10-01 09:38
"Cornerstone Ansi 107 Class 2 Long Sleeve Safety T Shirt",cornerstone-ansi-107-class-2-long-sleeve-safety-t-shirt-cs401ls,2025-10-01 09:38
"Cornerstone Tactical Backpack",cornerstone-tactical-backpack-csb205,2025-10-01 09:38
"Cornerstone 18 Can Cooler",cornerstone-18-can-cooler-csb505,2025-10-01 09:38
"Cornerstone Tactical Duffel",cornerstone-tactical-duffel-csb815,2025-10-01 09:38
"Cornerstone Tactical Gear Bag",cornerstone-tactical-gear-bag-csb816,2025-10-01 09:38
"Carhartt Womens Clarksburg Full Zip Hoodie",carhartt-womens-clarksburg-full-zip-hoodie-ct102788,2025-10-01 09:38
"Carhartt Vertical 12 Can Cooler",carhartt-vertical-12-can-cooler-ct89032822,2025-10-01 09:38
"Carhartt Waist Pack",carhartt-waist-pack-ct89098101,2025-10-01 09:38
"Carhartt Tote 18 Can Cooler",carhartt-tote-18-can-cooler-ct89101701,2025-10-01 09:38
"Carhartt Canvas Packable Duffel With Pouch",carhartt-canvas-packable-duffel-with-pouch-ct89105112,2025-10-01 09:38
"Carhartt Utility Tote",carhartt-utility-tote-ct89121325,2025-10-01 09:38
"Carhartt Backpack 20 Can Cooler",carhartt-backpack-20-can-cooler-ct89132109,2025-10-01 09:38
"Carhartt Foundry Series Pro Backpack",carhartt-foundry-series-pro-backpack-ct89176508,2025-10-01 09:38
"Carhartt Foundry Series 14 Tool Bag",carhartt-foundry-series-14-tool-bag-ct89240105,2025-10-01 09:38
"Carhartt Canvas Backpack",carhartt-canvas-backpack-ct89241804,2025-10-01 09:38
"Carhartt Lunch 6 Can Cooler",carhartt-lunch-6-can-cooler-ct89251601,2025-10-01 09:38
"Carhartt Foundry Series 20 Duffel",carhartt-foundry-series-20-duffel-ct89260209,2025-10-01 09:38
"Carhartt Foundry Series Backpack",carhartt-foundry-series-backpack-ct89350303,2025-10-01 09:38
"Carhartt Duffel 36 Can Cooler",carhartt-duffel-36-can-cooler-ct89520701,2025-10-01 09:38
"Carhartt Long Sleeve Henley T Shirt",carhartt-long-sleeve-henley-t-shirt-ctk128,2025-10-01 09:38
"Carhartt Short Sleeve Henley T Shirt",carhartt-short-sleeve-henley-t-shirt-ctk84,2025-10-01 09:38
"Cornerstone Select Snag Proof Long Sleeve Polo",cornerstone-select-snag-proof-long-sleeve-polo-cs412ls,2025-10-01 09:38
"Cornerstone Select Snag Proof Two Way Colorblock Pocket Polo",cornerstone-select-snag-proof-two-way-colorblock-pocket-polo-cs416,2025-10-01 09:38
"District Womens Perfect Blend V Neck Tee",district-womens-perfect-blend-v-neck-tee-dm1190l,2025-10-01 09:38
"District Perfect Tri Dtg",district-perfect-tri-dtg-teedm130dtg,2025-10-01 09:38
"District Womens Game V Neck Tee",district-womens-game-v-neck-tee-dm476,2025-10-01 09:38
"District Womens Lightweight Fleece Hoodie",district-womens-lightweight-fleece-hoodie-dm493,2025-10-01 09:38
"District Womens Perfect Tri Long Sleeve Tunic Tee",district-womens-perfect-tri-long-sleeve-tunic-tee-dt132l,2025-10-01 09:38
"District Perfect Tri V Neck Tee",district-perfect-tri-v-neck-tee-dt1350,2025-10-01 09:38
"District Young Mens Lightweight Fleece Raglan Hoodie",district-young-mens-lightweight-fleece-raglan-hoodie-dt196,2025-10-01 09:38
"District Womens Lightweight Fleece Raglan Hoodie",district-womens-lightweight-fleece-raglan-hoodie-dt296,2025-10-01 09:38
"District Womens V I T Rib Scoop Neck Tee",district-womens-v-i-t-rib-scoop-neck-tee-dt6020,2025-10-01 09:38
"District V I T Fleece Hoodie",district-v-i-t-fleece-hoodie-dt6100,2025-10-01 09:38
"District V I T Fleece Crew",district-v-i-t-fleece-crew-dt6104,2025-10-01 09:38
"District V I T Fleece Jogger",district-v-i-t-fleece-jogger-dt6107,2025-10-01 09:38
"District V I T Fleece 1 4 Zip",district-v-i-t-fleece-1-4-zip-dt6106,2025-10-01 09:38
"District Youth V I T Fleece Hoodie",district-youth-v-i-t-fleece-hoodie-dt6100y,2025-10-01 09:38
"District V I T Fleece Full Zip Hoodie",district-v-i-t-fleece-full-zip-hoodie-dt6102,2025-10-01 09:38
"District Youth Re Tee",district-youth-re-tee-dt8000y,2025-10-01 09:38
"Eddie Bauer Performance Polo",eddie-bauer-performance-polo-eb102,2025-10-01 09:38
"Eddie Bauer Ladies 1 2 Zip Microfleece Jacket",eddie-bauer-ladies-1-2-zip-microfleece-jacket-eb227,2025-10-01 09:38
"Eddie Bauer Ladies Highpoint Fleece Jacket",eddie-bauer-ladies-highpoint-fleece-jacket-eb241,2025-10-01 09:38
"Eddie Bauer Medium Ripstop Duffel",eddie-bauer-medium-ripstop-duffel-eb900,2025-10-01 09:38
"Eddie Bauer Large Ripstop Duffel",eddie-bauer-large-ripstop-duffel-eb901,2025-10-01 09:38
"Eddie Bauer Ripstop Backpack",eddie-bauer-ripstop-backpack-eb910,2025-10-01 09:38
"Port Authority Colorblock Value Fleece Jacket",port-authority-colorblock-value-fleece-jacket-f216,2025-10-01 09:38
"Port Authority Digi Stripe Fleece Jacket",port-authority-digi-stripe-fleece-jacket-f231,2025-10-01 09:38
"Port Authority Heather Microfleece Full Zip Jacket",port-authority-heather-microfleece-full-zip-jacket-f235,2025-10-01 09:38
"Port Authority Torrent Waterproof Jacket",port-authority-torrent-waterproof-jacket-j333,2025-10-01 09:38
"Port Authority Hooded Core Soft Shell Jacket",port-authority-hooded-core-soft-shell-jacket-j335,2025-10-01 09:38
"Port Authority Core Classic Pique Polo",port-authority-core-classic-pique-polo-k100,2025-10-01 09:38
"Port Authority Trace Heather Polo",port-authority-trace-heather-polo-k576,2025-10-01 09:38
"Port Authority Pinpoint Mesh Polo",port-authority-pinpoint-mesh-polo-k580,2025-10-01 09:38
"Port Authority Silk Touch Interlock Performance Polo",port-authority-silk-touch-interlock-performance-polo-k5200,2025-10-01 09:38
"Port Authority Core Classic Pique Pocket Polo",port-authority-core-classic-pique-pocket-polo-k100p,2025-10-01 09:38
"Port Authority Long Sleeve Core Classic Pique Polo",port-authority-long-sleeve-core-classic-pique-polo-k100ls,2025-10-01 09:38
"Port Authority Dry Zone Uv Micro Mesh Tipped Polo",port-authority-dry-zone-uv-micro-mesh-tipped-polo-k111,2025-10-01 09:38
"Port Authority Collective Smooth Fleece Jacket",port-authority-collective-smooth-fleece-jacket-f904,2025-10-01 09:38
"Eddie Bauer 1 2 Zip Performance Fleece",eddie-bauer-1-2-zip-performance-fleece-eb234,2025-10-01 09:38
"Eddie Bauer Ladies 1 2 Zip Performance Fleece",eddie-bauer-ladies-1-2-zip-performance-fleece-eb235,2025-10-01 09:38
"Port Authority Crossover Raglan Polo",port-authority-crossover-raglan-polo-k575,2025-10-01 09:38
"Port Authority Summit Fleece Full Zip Jacket",port-authority-summit-fleece-full-zip-jacket-f233,2025-10-01 09:38
"District Womens Perfect Tri Rocker Tank",district-womens-perfect-tri-rocker-tank-dt137l,2025-10-01 09:38
"Port Authority Ezcotton Polo",port-authority-ezcotton-polo-k8000,2025-10-01 09:38
"District Lightweight Fleece 1 4 Zip",district-lightweight-fleece-1-4-zip-dm392,2025-10-01 09:38
"District Lightweight Fleece Hoodie",district-lightweight-fleece-hoodie-dm391,2025-10-01 09:38
"Eddie Bauer Highpoint Fleece Jacket",eddie-bauer-highpoint-fleece-jacket-eb240,2025-10-01 09:38
"District Womens Perfect Tri Long Sleeve Hoodie",district-womens-perfect-tri-long-sleeve-hoodie-dm139l,2025-10-01 09:38
"Ogio Ladies Metro Polo",ogio-ladies-metro-polo-log130,2025-10-01 09:38
"Port Company Ladies Tie Dye V Neck Tee",port-company-ladies-tie-dye-v-neck-tee-lpc147v,2025-10-01 09:38
"Ogio Ladies Tread Henley",ogio-ladies-tread-henley-log136,2025-10-01 09:38
"New Era Ladies French Terry Full Zip Hoodie",new-era-ladies-french-terry-full-zip-hoodie-lnea502,2025-10-01 09:38
"Port Company Ladies Tie Dye V Neck Tee",port-company-ladies-tie-dye-v-neck-tee-lpc147v,2025-10-01 09:38
"Sport Tek Ladies Colorblock Micropique Sport Wick Polo",sport-tek-ladies-colorblock-micropique-sport-wick-polo-lst652,2025-10-01 09:38
"Sport Tek Ladies Posicharge Electric Heather Colorblock 1 4 Zip Pullover",sport-tek-ladies-posicharge-electric-heather-colorblock-1-4-zip-pullover-lst397,2025-10-01 09:38
"Sport Tek Ladies Posicharge Electric Heather Fleece Hooded Pullover",sport-tek-ladies-posicharge-electric-heather-fleece-hooded-pullover-lst225,2025-10-01 09:38
"Port Company Ladies Fan Favorite V Neck Tee",port-company-ladies-fan-favorite-v-neck-tee-lpc450v,2025-10-01 09:38
"Sport Tek Ladies Posicharge Competitor Racerback Tank",sport-tek-ladies-posicharge-competitor-racerback-tank-lst356,2025-10-01 09:38
"Sport Tek Ladies Posicharge Competitor Polo",sport-tek-ladies-posicharge-competitor-polo-lst550,2025-10-01 09:38
"Sport Tek Ladies Posicharge Electric Heather Polo",sport-tek-ladies-posicharge-electric-heather-polo-lst590,2025-10-01 09:38
"Sport Tek Ladies Sport Wick Varsity Fleece Full Zip Hooded Jacket",sport-tek-ladies-sport-wick-varsity-fleece-full-zip-hooded-jacket-lst236,2025-10-01 09:38
"Port Company Ladies Performance Blend V Neck Tee",port-company-ladies-performance-blend-v-neck-tee-lpc381v,2025-10-01 09:38
"New Era Ladies Tri Blend Fleece Full Zip Hoodie",new-era-ladies-tri-blend-fleece-full-zip-hoodie-lnea511,2025-10-01 09:38
"Port Authority Ladies Interlock Cardigan",port-authority-ladies-interlock-cardigan-l807,2025-10-01 09:38
"Port Authority Ladies Collective Smooth Fleece Jacket",port-authority-ladies-collective-smooth-fleece-jacket-l904,2025-10-01 09:38
"Port Authority Ladies Dry Zone Uv Micro Mesh Polo",port-authority-ladies-dry-zone-uv-micro-mesh-polo-lk110,2025-10-01 09:38
"Port Authority Ladies Ezcotton Polo",port-authority-ladies-ezcotton-polo-lk8000,2025-10-01 09:38
"Port Authority Ladies Knit Blazer",port-authority-ladies-knit-blazer-lm2000,2025-10-01 09:38
"Port Authority Ladies Pinpoint Mesh 1 2 Zip",port-authority-ladies-pinpoint-mesh-1-2-zip-l806,2025-10-01 09:38
"Port Authority Ladies Heather Microfleece Full Zip Jacket",port-authority-ladies-heather-microfleece-full-zip-jacket-l235,2025-10-01 09:38
"Port Authority Interlock 1 4 Zip",port-authority-interlock-1-4-zip-k807,2025-10-01 09:38
"Port Company Combed Ring Spun Pique Polo",port-company-combed-ring-spun-pique-polo-kp1500,2025-10-01 09:38
"Port Authority Ladies Torrent Waterproof Jacket",port-authority-ladies-torrent-waterproof-jacket-l333,2025-10-01 09:38
"Port Authority Ladies Concept Open Cardigan",port-authority-ladies-concept-open-cardigan-l5430,2025-10-01 09:38
"Port Authority Ladies Crossover Raglan Polo",port-authority-ladies-crossover-raglan-polo-l575,2025-10-01 09:38
"Port Authority Ladies Colorblock Value Fleece Jacket",port-authority-ladies-colorblock-value-fleece-jacket-l216,2025-10-01 09:38
"Port Authority Ladies Trace Heather Polo",port-authority-ladies-trace-heather-polo-l576,2025-10-01 09:38
"Port Authority Pinpoint Mesh 1 2 Zip",port-authority-pinpoint-mesh-1-2-zip-k806,2025-10-01 09:38
"Port Authority Ladies Pinpoint Mesh Zip Polo",port-authority-ladies-pinpoint-mesh-zip-polo-l580,2025-10-01 09:38
"Port Authority Ladies Digi Stripe Fleece Jacket",port-authority-ladies-digi-stripe-fleece-jacket-l231,2025-10-01 09:38
"Port Authority Ladies Hooded Core Soft Shell Jacket",port-authority-ladies-hooded-core-soft-shell-jacket-l335,2025-10-01 09:38
"Port Authority Ladies Core Classic Pique Polo",port-authority-ladies-core-classic-pique-polo-l100,2025-10-01 09:38
"Port Authority Ladies Dry Zone Uv Micro Mesh Tipped Polo",port-authority-ladies-dry-zone-uv-micro-mesh-tipped-polo-lk111,2025-10-01 09:38
"Port Authority Ladies Summit Fleece Full Zip Jacket",port-authority-ladies-summit-fleece-full-zip-jacket-l233,2025-10-01 09:38
"Port Authority Ezcotton Long Sleeve Polo",port-authority-ezcotton-long-sleeve-polo-k8000ls,2025-10-01 09:38
"Sport Tek Ladies Heather Colorblock Contender Polo",sport-tek-ladies-heather-colorblock-contender-polo-lst665,2025-10-01 09:38
"Sport Tek Ladies Sport Wick Stretch Contrast Full Zip Jacket",sport-tek-ladies-sport-wick-stretch-contrast-full-zip-jacket-lst853,2025-10-01 09:38
"Sport Tek Ladies Sport Wick Stretch Contrast 1 4 Zip Pullover",sport-tek-ladies-sport-wick-stretch-contrast-1-4-zip-pullover-lst854,2025-10-01 09:38
"Sport Tek Ladies Sport Wick Textured 1 4 Zip Pullover",sport-tek-ladies-sport-wick-textured-1-4-zip-pullover-lst860,2025-10-01 09:38
"New Era Stretch Mesh Cap",new-era-stretch-mesh-cap-ne1020,2025-10-01 09:38
"New Era Legacy Backpack",new-era-legacy-backpack-neb201,2025-10-01 09:38
"New Era Legacy Backpack",new-era-legacy-backpack-neb202,2025-10-01 09:38
"New Era Legacy Duffel",new-era-legacy-duffel-neb800,2025-10-01 09:38
"The North Face Groundwork Backpack",the-north-face-groundwork-backpack-nf0a3kx6,2025-10-01 09:38
"The North Face Fall Line Backpack",the-north-face-fall-line-backpack-nf0a3kx7,2025-10-01 09:38
"The North Face Connector Backpack",the-north-face-connector-backpack-nf0a3kx8,2025-10-01 09:38
"The North Face Thermoball Trekker Jacket",the-north-face-thermoball-trekker-jacket-nf0a3lh2,2025-10-01 09:38
"Nike Therma Fit Full Zip Fleece Hoodie",nike-therma-fit-full-zip-fleece-hoodie-nkah6259,2025-10-01 09:38
"Nike Ladies Therma Fit Full Zip Fleece Hoodie",nike-ladies-therma-fit-full-zip-fleece-hoodie-nkah6264,2025-10-01 09:38
"Ogio Tread Polo",ogio-tread-polo-og135,2025-10-01 09:38
"Ogio Pixel 1 4 Zip",ogio-pixel-1-4-zip-og202,2025-10-01 09:38
"Port Company Beach Wash Garment Dyed Tank",port-company-beach-wash-garment-dyed-tank-pc099tt,2025-10-01 09:38
"Port Company Tie Dye Long Sleeve Tee",port-company-tie-dye-long-sleeve-tee-pc147ls,2025-10-01 09:38
"Port Company Youth Performance Blend Tee",port-company-youth-performance-blend-tee-pc381y,2025-10-01 09:38
"Port Company Core Cotton Ringer Tee",port-company-core-cotton-ringer-tee-pc54r,2025-10-01 09:38
"Port Company Core Cotton Tank Top",port-company-core-cotton-tank-top-pc54tt,2025-10-01 09:38
"Port Company Performance Fleece Pullover Hooded Sweatshirt",port-company-performance-fleece-pullover-hooded-sweatshirt-pc590h,2025-10-01 09:38
"Port Company Core Fleece Camo Pullover Hooded Sweatshirt",port-company-core-fleece-camo-pullover-hooded-sweatshirt-pc78hc,2025-10-01 09:38
"Port Company Fan Favorite Fleece Crewneck Sweatshirt",port-company-fan-favorite-fleece-crewneck-sweatshirt-pc850,2025-10-01 09:38
"Port Company Fan Favorite Fleece 1 4 Zip Pullover Sweatshirt",port-company-fan-favorite-fleece-1-4-zip-pullover-sweatshirt-pc850q,2025-10-01 09:38
"Port Company Fan Favorite Fleece Full Zip Hooded Sweatshirt",port-company-fan-favorite-fleece-full-zip-hooded-sweatshirt-pc850zh,2025-10-01 09:38
"Rabbit Skins Infant Fine Jersey Tee",rabbit-skins-infant-fine-jersey-tee-rs3322,2025-10-01 09:38
"Rabbit Skins Toddler Baseball Fine Jersey Tee",rabbit-skins-toddler-baseball-fine-jersey-tee-rs3330,2025-10-01 09:38
"Rabbit Skins Infant Short Sleeve Baby Rib Bodysuit",rabbit-skins-infant-short-sleeve-baby-rib-bodysuit-rs4400,2025-10-01 09:38
"Rabbit Skins Infant Long Sleeve Baby Rib Bodysuit",rabbit-skins-infant-long-sleeve-baby-rib-bodysuit-rs4411,2025-10-01 09:38
"Rabbit Skins Infant Baseball Fine Jersey Bodysuit",rabbit-skins-infant-baseball-fine-jersey-bodysuit-rs4430,2025-10-01 09:38
"Rabbit Skins Infant Football Fine Jersey Bodysuit",rabbit-skins-infant-football-fine-jersey-bodysuit-rs4437,2025-10-01 09:38
"Port Company Youth Fan Favorite Fleece Pullover Hooded Sweatshirt",port-company-youth-fan-favorite-fleece-pullover-hooded-sweatshirt-pc850yh,2025-10-01 09:38
"Port Company Core Fleece Pullover Hooded Sweatshirt",port-company-core-fleece-pullover-hooded-sweatshirt-pc78h,2025-10-01 09:38
"Port Company Fan Favorite Fleece Pullover Hooded Sweatshirt",port-company-fan-favorite-fleece-pullover-hooded-sweatshirt-pc850h,2025-10-01 09:38
"Port Company Core Blend 3 4 Sleeve Raglan Tee",port-company-core-blend-3-4-sleeve-raglan-tee-pc55rs,2025-10-01 09:38
"Port Company Youth Fan Favorite Tee",port-company-youth-fan-favorite-tee-pc450y,2025-10-01 09:38
"Port Company Tall Essential Tee",port-company-tall-essential-tee-pc61t,2025-10-01 09:38
"Port Company Long Sleeve Performance Blend Tee",port-company-long-sleeve-performance-blend-tee-pc381ls,2025-10-01 09:38
"Port Company Beach Wash Garment Dyed Long Sleeve Pocket Tee",port-company-beach-wash-garment-dyed-long-sleeve-pocket-tee-pc099lsp,2025-10-01 09:38
"Port Company Beach Wash Garment Dyed Pocket Tee",port-company-beach-wash-garment-dyed-pocket-tee-pc099p,2025-10-01 09:38
"Sport Tek Posicharge Electric Heather Fleece 1 4 Zip Pullover",sport-tek-posicharge-electric-heather-fleece-1-4-zip-pullover-st226,2025-10-01 09:38
"Sport Tek Posicharge Electric Heather Fleece Hooded Pullover",sport-tek-posicharge-electric-heather-fleece-hooded-pullover-st225,2025-10-01 09:38
"Port Company Tall Core Blend Tee",port-company-tall-core-blend-tee-pc55t,2025-10-01 09:38
"Port Company Tie Dye Tank Top",port-company-tie-dye-tank-top-pc147tt,2025-10-01 09:38
"Port Company Core Cotton Camo Tee",port-company-core-cotton-camo-tee-pc54c,2025-10-01 09:38
"Sport Tek Sport Wick Mineral Freeze Fleece Colorblock Hooded Pullover",sport-tek-sport-wick-mineral-freeze-fleece-colorblock-hooded-pullover-st231,2025-10-01 09:38
"Sport Tek Sport Wick Varsity Fleece Full Zip Hooded Jacket",sport-tek-sport-wick-varsity-fleece-full-zip-hooded-jacket-st236,2025-10-01 09:38
"Sport Tek Sport Wick Fleece Pant",sport-tek-sport-wick-fleece-pant-st237,2025-10-01 09:38
"Sport Tek Sport Wick Fleece Full Zip Jacket",sport-tek-sport-wick-fleece-full-zip-jacket-st241,2025-10-01 09:38
"Sport Tek Tech Fleece Colorblock Full Zip Hooded Jacket",sport-tek-tech-fleece-colorblock-full-zip-hooded-jacket-st245,2025-10-01 09:38
"Sport Tek Posicharge Tough Tee",sport-tek-posicharge-tough-tee-st320,2025-10-01 09:38
"Sport Tek Long Sleeve Heather Contender Tee",sport-tek-long-sleeve-heather-contender-tee-st360ls,2025-10-01 09:38
"Sport Tek Camohex Colorblock Tee",sport-tek-camohex-colorblock-tee-st371,2025-10-01 09:38
"Sport Tek Posicharge Electric Heather Tee",sport-tek-posicharge-electric-heather-tee-st390,2025-10-01 09:38
"Sport Tek Posicharge Competitor Cotton Touch Tee",sport-tek-posicharge-competitor-cotton-touch-tee-st450,2025-10-01 09:38
"Sport Tek Posicharge Electric Heather Cap",sport-tek-posicharge-electric-heather-cap-stc34,2025-10-01 09:38
"Port Authority Plaid Flannel Shirt",port-authority-plaid-flannel-shirt-w668,2025-10-01 09:38
"Sport Tek Youth Tricot Track Jogger",sport-tek-youth-tricot-track-jogger-ypst95,2025-10-01 09:38
"Ogio Commuter Xl Pack",ogio-commuter-xl-pack-91012,2025-10-01 09:38
"Ogio Stratagem Pack",ogio-stratagem-pack-411067,2025-10-01 09:38
"Nike Tech Sport Dri Fit Polo",nike-tech-sport-dri-fit-polo-266998,2025-10-01 09:38
"Ogio Revolve Spinner",ogio-revolve-spinner-98000,2025-10-01 09:38
"Ogio Vault",ogio-vault-97000,2025-10-01 09:38
"Ogio Boundary Cinch Pack",ogio-boundary-cinch-pack-92000,2025-10-01 09:38
"Ogio Catalyst Duffel",ogio-catalyst-duffel-95001,2025-10-01 09:38
"Sport Tek Posicharge Electric Heather Colorblock 1 4 Zip Pullover",sport-tek-posicharge-electric-heather-colorblock-1-4-zip-pullover-st397,2025-10-01 09:38
"Ogio Stratagem Pack",ogio-stratagem-pack-411067,2025-10-01 09:38
"Ogio Surge Rss Pack",ogio-surge-rss-pack-411073,2025-10-01 09:38
"Ogio Sly Pack",ogio-sly-pack-411086,2025-10-01 09:38
"Ogio Bolt Pack",ogio-bolt-pack-411087,2025-10-01 09:38
"Ogio Apex Rucksack",ogio-apex-rucksack-411090,2025-10-01 09:38
"Ogio Logan Pack",ogio-logan-pack-411092,2025-10-01 09:38
"Ogio Transition Duffel",ogio-transition-duffel-411097,2025-10-01 09:38
"Ogio Nomad 30 Travel Bag",ogio-nomad-30-travel-bag-413017,2025-10-01 09:38
"Ogio Nomad 22 Travel Bag",ogio-nomad-22-travel-bag-413018,2025-10-01 09:38
"Gildan 100 Ring Spun Cotton T Shirt",gildan-100-ring-spun-cotton-t-shirt-980,2025-10-01 09:38
"Hanes Ecosmart 50 50 Cotton Poly T Shirt",hanes-ecosmart-50-50-cotton-poly-t-shirt-5170,2025-10-01 09:38
"Hanes Beefy T 100 Cotton T Shirt",hanes-beefy-t-100-cotton-t-shirt-5180,2025-10-01 09:39
"Hanes Youth Ecosmart 50 50 Cotton Poly T Shirt",hanes-youth-ecosmart-50-50-cotton-poly-t-shirt-5370,2025-10-01 09:39
"Hanes Youth Authentic 100 Cotton T Shirt",hanes-youth-authentic-100-cotton-t-shirt-5450,2025-10-01 09:39
"Gildan Dryblend 50 Cotton 50 Poly T Shirt",gildan-dryblend-50-cotton-50-poly-t-shirt-8000,2025-10-01 09:39
"Gildan Dryblend Crewneck Sweatshirt",gildan-dryblend-crewneck-sweatshirt-12000,2025-10-01 09:39
"Gildan Softstyle Long Sleeve T Shirt",gildan-softstyle-long-sleeve-t-shirt-64400,2025-10-01 09:39
"Ogio Hatch Pack",ogio-hatch-pack-91001,2025-10-01 09:39
"Ogio Flashpoint Pack",ogio-flashpoint-pack-91002,2025-10-01 09:39
"Ogio Convert Pack",ogio-convert-pack-91005,2025-10-01 09:39
"Ogio Commuter Transfer Pack",ogio-commuter-transfer-pack-91009,2025-10-01 09:39
"Ogio Utilitarian Pack",ogio-utilitarian-pack-91010,2025-10-01 09:39
"Allmade Unisex Tri Blend Long Sleeve Tee",allmade-unisex-tri-blend-long-sleeve-tee-al6004,2025-10-01 09:39
"Allmade Unisex Organic Cotton Tee",allmade-unisex-organic-cotton-tee-al2100,2025-10-01 09:39
"American Apparel Fine Jersey Long Sleeve T Shirt",american-apparel-fine-jersey-long-sleeve-t-shirt-2007w,2025-10-01 09:39
"Port Authority Outback Hat",port-authority-outback-hat-hcf,2025-10-01 09:39
"Ogio Verge Crew",ogio-verge-crew-oe326,2025-10-01 09:39
"Ogio Ladies Verge Scoop Neck",ogio-ladies-verge-scoop-neck-loe326,2025-10-01 09:39
"Ogio Ladies Verge Racerback Tank",ogio-ladies-verge-racerback-tank-loe327,2025-10-01 09:39
"Sport Tek Posicharge Electric Heather Polo",sport-tek-posicharge-electric-heather-polo-st590,2025-10-01 09:39
"Sport Tek Posicharge Competitor Pocketed Short",sport-tek-posicharge-competitor-pocketed-short-st355p,2025-10-01 09:39
"Sport Tek Youth Posicharge Competitor Pocketed Short",sport-tek-youth-posicharge-competitor-pocketed-short-yst355p,2025-10-01 09:39
"Port Company Toddler Fan Favorite Tee",port-company-toddler-fan-favorite-tee-pc450td,2025-10-01 09:39
"Red House Tall Nailhead Non Iron Shirt",red-house-tall-nailhead-non-iron-shirt-tlrh370,2025-10-01 09:39
"Red House Tall Pinpoint Oxford Non Iron Shirt",red-house-tall-pinpoint-oxford-non-iron-shirt-tlrh240,2025-10-01 09:39
"Nike Dri Fit Mesh Back Cap",nike-dri-fit-mesh-back-cap-nkao9293,2025-10-01 09:39
"Port Authority Packable Travel Blanket",port-authority-packable-travel-blanket-bp75,2025-10-01 09:39
"Port Authority Plush Texture Blanket",port-authority-plush-texture-blanket-bp35,2025-10-01 09:39
"New Era Shadow Stretch Heather Cap",new-era-shadow-stretch-heather-cap-ne703,2025-10-01 09:39
"New Era Colorblock Cuffed Beanie",new-era-colorblock-cuffed-beanie-ne904,2025-10-01 09:39
"New Era Speckled Beanie",new-era-speckled-beanie-ne905,2025-10-01 09:39
"Sport Tek Posicharge Competitor Mesh Back Cap",sport-tek-posicharge-competitor-mesh-back-cap-stc36,2025-10-01 09:39
"Port Authority Pigment Print Mesh Back Cap",port-authority-pigment-print-mesh-back-cap-c927,2025-10-01 09:39
"Cornerstone Ansi 107 Safety Cap",cornerstone-ansi-107-safety-cap-cs802,2025-10-01 09:39
"Eddie Bauer Weatheredge Jacket",eddie-bauer-weatheredge-jacket-eb558,2025-10-01 09:39
"Eddie Bauer Ladies Weatheredge Jacket",eddie-bauer-ladies-weatheredge-jacket-eb559,2025-10-01 09:39
"Ogio Trax Jacket",ogio-trax-jacket-og726,2025-10-01 09:39
"Port Authority Ladies Collective Outer Shell Jacket",port-authority-ladies-collective-outer-shell-jacket-l900,2025-10-01 09:39
"Port Authority Collective Outer Shell Jacket",port-authority-collective-outer-shell-jacket-j900,2025-10-01 09:39
"Port Authority Collective Insulated Vest",port-authority-collective-insulated-vest-j903,2025-10-01 09:39
"Port Authority Collective Insulated Jacket",port-authority-collective-insulated-jacket-j902,2025-10-01 09:39
"Port Authority Ladies Collective Insulated Jacket",port-authority-ladies-collective-insulated-jacket-l902,2025-10-01 09:39
"Port Authority Ladies Collective Insulated Vest",port-authority-ladies-collective-insulated-vest-l903,2025-10-01 09:39
"Port Authority Ladies Collective Soft Shell Jacket",port-authority-ladies-collective-soft-shell-jacket-l901,2025-10-01 09:39
"Port Authority Collective Soft Shell Jacket",port-authority-collective-soft-shell-jacket-j901,2025-10-01 09:39
"Sport Tek Ombre Heather Polo",sport-tek-ombre-heather-polo-st671,2025-10-01 09:39
"Sport Tek Posicharge Competitor Polo",sport-tek-posicharge-competitor-polo-st550,2025-10-01 09:39
"Sport Tek Posicharge Competitor Hooded Pullover",sport-tek-posicharge-competitor-hooded-pullover-st358,2025-10-01 09:39
"Sport Tek Posicharge Long Sleeve Electric Heather Tee",sport-tek-posicharge-long-sleeve-electric-heather-tee-st390ls,2025-10-01 09:39
"Nike Ladies Dri Fit Cotton Poly Scoop Neck Tee",nike-ladies-dri-fit-cotton-poly-scoop-neck-tee-nkbq5234,2025-10-01 09:39
"Port Authority Market Full Length Bib Apron",port-authority-market-full-length-bib-apron-a800,2025-10-01 09:39
"Port Authority Market Half Bistro Apron",port-authority-market-half-bistro-apron-a801,2025-10-01 09:39
"Port Authority Full Length Two Pocket Bib Apron",port-authority-full-length-two-pocket-bib-apron-a600,2025-10-01 09:39
"Port Authority Medium Length Two Pocket Bib Apron",port-authority-medium-length-two-pocket-bib-apron-a601,2025-10-01 09:39
"Port Authority Three Pocket Waist Apron",port-authority-three-pocket-waist-apron-a602,2025-10-01 09:39
"Port Authority Flexfit 110 Foam Outdoor Cap",port-authority-flexfit-110-foam-outdoor-cap-c937,2025-10-01 09:39
"Sport Tek Flexfit Air Mesh Back Cap",sport-tek-flexfit-air-mesh-back-cap-stc40,2025-10-01 09:39
"Port Authority 5 Panel Twill Foam Trucker Cap",port-authority-5-panel-twill-foam-trucker-cap-c936,2025-10-01 09:39
"Sport Tek Solid Pom Pom Beanie",sport-tek-solid-pom-pom-beanie-stc37,2025-10-01 09:39
"Ogio Ladies Luuma Tank",ogio-ladies-luuma-tank-log801,2025-10-01 09:39
"Port Authority Ladies Long Sleeve Button Front Blouse",port-authority-ladies-long-sleeve-button-front-blouse-lw700,2025-10-01 09:39
"Port Company Tall Core Cotton Tee",port-company-tall-core-cotton-tee-pc54t,2025-10-01 09:39
"New Era Perforated Performance Cap",new-era-perforated-performance-cap-ne406,2025-10-01 09:39
"Sport Tek Youth Posicharge Tri Blend Wicking Raglan Tee",sport-tek-youth-posicharge-tri-blend-wicking-raglan-tee-yst400,2025-10-01 09:39
"Sport Tek Posicharge Racermesh Pocket Polo",sport-tek-posicharge-racermesh-pocket-polo-st640p,2025-10-01 09:39
"Sport Tek Posicharge Racermesh Long Sleeve Polo",sport-tek-posicharge-racermesh-long-sleeve-polo-st640ls,2025-10-01 09:39
"Sport Tek Ladies Posicharge Tri Blend Wicking Tank",sport-tek-ladies-posicharge-tri-blend-wicking-tank-lst402,2025-10-01 09:39
"Sport Tek Ladies Heather On Heather Contender Scoop Neck Tee",sport-tek-ladies-heather-on-heather-contender-scoop-neck-tee-lst362,2025-10-01 09:39
"Port Authority Ladies Ezperformance Pique Polo",port-authority-ladies-ezperformance-pique-polo-lk600,2025-10-01 09:39
"Sport Tek Youth Posicharge Electric Heather Colorblock 1 4 Zip Pullover",sport-tek-youth-posicharge-electric-heather-colorblock-1-4-zip-pullover-yst397,2025-10-01 09:39
"Port Company Long Sleeve Fan Favorite Blend Tee",port-company-long-sleeve-fan-favorite-blend-tee-pc455ls,2025-10-01 09:39
"Ogio Stealth Full Zip Jacket",ogio-stealth-full-zip-jacket-oe728,2025-10-01 09:39
"Ogio Ladies Stealth Full Zip Jacket",ogio-ladies-stealth-full-zip-jacket-loe728,2025-10-01 09:39
"Nike Ladies Core Cotton Long Sleeve Scoop Neck Tee",nike-ladies-core-cotton-long-sleeve-scoop-neck-tee-nkbq5235,2025-10-01 09:39
"Carhartt Acrylic Knit Hat",carhartt-acrylic-knit-hat-cta205,2025-10-01 09:39
"Carhartt Force Helmet Liner Mask",carhartt-force-helmet-liner-mask-cta267,2025-10-01 09:39
"Carhartt Fleece 2 In 1 Headwear",carhartt-fleece-2-in-1-headwear-cta202,2025-10-01 09:39
"Carhartt Fleece Hat",carhartt-fleece-hat-cta207,2025-10-01 09:39
"Carhartt Ashland Cap",carhartt-ashland-cap-ct101604,2025-10-01 09:39
"Port Authority Two Stripe Snapback Trucker Cap",port-authority-two-stripe-snapback-trucker-cap-c113,2025-10-01 09:39
"Nike Dri Fit Cotton Poly Tee",nike-dri-fit-cotton-poly-tee-nkbq5231,2025-10-01 09:39
"Nike Dri Fit Cotton Poly Long Sleeve Tee",nike-dri-fit-cotton-poly-long-sleeve-tee-nkbq5230,2025-10-01 09:39
"Carhartt Washed Duck Work Dungaree",carhartt-washed-duck-work-dungaree-ctb11,2025-10-01 09:39
"Carhartt Duck Vest",carhartt-duck-vest-ctv01,2025-10-01 09:39
"Carhartt Tall Duck Traditional Coat",carhartt-tall-duck-traditional-coat-cttc003,2025-10-01 09:39
"Carhartt Duck Traditional Coat",carhartt-duck-traditional-coat-ctc003,2025-10-01 09:39
"Carhartt Quilted Flannel Lined Duck Active Jac",carhartt-quilted-flannel-lined-duck-active-jac-ctsj140,2025-10-01 09:39
"Port Authority Ladies Silk Touch Performance Long Sleeve Polo",port-authority-ladies-silk-touch-performance-long-sleeve-polo-l540ls,2025-10-01 09:39
"Carhartt Tall Quilted Flannel Lined Duck Active Jac",carhartt-tall-quilted-flannel-lined-duck-active-jac-cttsj140,2025-10-01 09:39
"Carhartt Thermal Lined Duck Active Jac",carhartt-thermal-lined-duck-active-jac-ctj131,2025-10-01 09:39
"Sport Tek Posi Uv Pro Tee",sport-tek-posi-uv-pro-tee-st420,2025-10-01 09:39
"Sport Tek Posi Uv Pro Long Sleeve Tee",sport-tek-posi-uv-pro-long-sleeve-tee-st420ls,2025-10-01 09:39
"Sport Tek Youth Posi Uv Pro Long Sleeve Tee",sport-tek-youth-posi-uv-pro-long-sleeve-tee-yst420ls,2025-10-01 09:39
"Sport Tek Posi Uv Pro Polo",sport-tek-posi-uv-pro-polo-st520,2025-10-01 09:39
"Gildan Hammer Long Sleeve T Shirt",gildan-hammer-long-sleeve-t-shirt-h400,2025-10-01 09:39
"American Apparel Tri Blend Short Sleeve Track T Shirt",american-apparel-tri-blend-short-sleeve-track-t-shirt-tr401w,2025-10-01 09:39
"Port Company Youth Long Sleeve Performance Tee",port-company-youth-long-sleeve-performance-tee-pc380yls,2025-10-01 09:39
"New Era Shutout Backpack",new-era-shutout-backpack-neb300,2025-10-01 09:39
"New Era Shutout Duffel",new-era-shutout-duffel-neb700,2025-10-01 09:39
"New Era Game Day Cinch",new-era-game-day-cinch-neb600,2025-10-01 09:39
"New Era Shutout Wheeled Bat Bag",new-era-shutout-wheeled-bat-bag-neb701,2025-10-01 09:39
"Sport Tek Ladies Triumph Cowl Neck Pullover",sport-tek-ladies-triumph-cowl-neck-pullover-lst280,2025-10-01 09:39
"Sport Tek Super Heavyweight Full Zip Sweatshirt",sport-tek-super-heavyweight-full-zip-sweatshirt-st284,2025-10-01 09:39
"Port Authority Untucked Fit Superpro Oxford",port-authority-untucked-fit-superpro-oxford-s651,2025-10-01 09:39
"Eddie Bauer Shirt Jac",eddie-bauer-shirt-jac-eb502,2025-10-01 09:39
"Eddie Bauer Ladies Sweater Fleece Full Zip",eddie-bauer-ladies-sweater-fleece-full-zip-eb251,2025-10-01 09:39
"Eddie Bauer Sweater Fleece 1 4 Zip",eddie-bauer-sweater-fleece-1-4-zip-eb254,2025-10-01 09:39
"Eddie Bauer Sweater Fleece Full Zip",eddie-bauer-sweater-fleece-full-zip-eb250,2025-10-01 09:39
"Port Authority Dry Zone Uv Micro Mesh Long Sleeve Polo",port-authority-dry-zone-uv-micro-mesh-long-sleeve-polo-k110ls,2025-10-01 09:39
"Port Authority Stretch Heather Polo",port-authority-stretch-heather-polo-k583,2025-10-01 09:39
"New Era Camo Flat Bill Snapback Cap",new-era-camo-flat-bill-snapback-cap-ne407,2025-10-01 09:39
"New Era Ladies Sueded Cotton Blend Cowl Tee",new-era-ladies-sueded-cotton-blend-cowl-tee-lnea123,2025-10-01 09:39
"Port Authority Silk Touch Performance 1 4 Zip",port-authority-silk-touch-performance-1-4-zip-k584,2025-10-01 09:39
"Sport Tek Ladies Posicharge Tri Blend Wicking Fleece Full Zip Hooded Jacket",sport-tek-ladies-posicharge-tri-blend-wicking-fleece-full-zip-hooded-jacket-lst293,2025-10-01 09:39
"Sport Tek Ladies Posicharge Tri Blend Wicking Fleece Jogger",sport-tek-ladies-posicharge-tri-blend-wicking-fleece-jogger-lst299,2025-10-01 09:39
"Port Authority Ladies Stretch Heather Open Neck Top",port-authority-ladies-stretch-heather-open-neck-top-lk583,2025-10-01 09:39
"Sport Tek Posicharge Tri Blend Wicking Fleece Full Zip Hooded Jacket",sport-tek-posicharge-tri-blend-wicking-fleece-full-zip-hooded-jacket-st293,2025-10-01 09:39
"Port Authority Essential Rain Jacket",port-authority-essential-rain-jacket-j407,2025-10-01 09:39
"Port Authority Tech Rain Jacket",port-authority-tech-rain-jacket-j406,2025-10-01 09:39
"Sport Tek Heather Pom Pom Beanie",sport-tek-heather-pom-pom-beanie-stc41,2025-10-01 09:39
"Port Authority Knit Cuff Beanie",port-authority-knit-cuff-beanie-c939,2025-10-01 09:39
"Ogio Ladies Pulse Dolman Tee",ogio-ladies-pulse-dolman-tee-loe324,2025-10-01 09:39
"Ogio Ladies Force Long Sleeve Tee",ogio-ladies-force-long-sleeve-tee-loe340,2025-10-01 09:39
"Ogio Ladies Force Hoodie",ogio-ladies-force-hoodie-loe342,2025-10-01 09:39
"Sport Tek Ladies High Rise 7 8 Legging",sport-tek-ladies-high-rise-7-8-legging-lpst891,2025-10-01 09:39
"Sport Tek Posicharge Long Sleeve Tri Blend Wicking Raglan Tee",sport-tek-posicharge-long-sleeve-tri-blend-wicking-raglan-tee-st400ls,2025-10-01 09:39
"Ogio Caliber2 0 Long Sleeve",ogio-caliber2-0-long-sleeve-og105,2025-10-01 09:39
"Sport Tek Sport Wick Fleece Jogger",sport-tek-sport-wick-fleece-jogger-st233,2025-10-01 09:39
"The North Face Sweater Fleece Vest",the-north-face-sweater-fleece-vest-nf0a47fa,2025-10-01 09:39
"The North Face All Weather Dryvent Stretch Jacket",the-north-face-all-weather-dryvent-stretch-jacket-nf0a47fg,2025-10-01 09:39
"Nike Dry Essential Solid Polo",nike-dry-essential-solid-polo-nkbv6042,2025-10-01 09:39
"Sport Tek Youth Posicharge Competitor Hooded Pullover",sport-tek-youth-posicharge-competitor-hooded-pullover-yst358,2025-10-01 09:39
"Port Authority Ladies Sweater Fleece Vest",port-authority-ladies-sweater-fleece-vest-l236,2025-10-01 09:39
"Port Authority Sweater Fleece Vest",port-authority-sweater-fleece-vest-f236,2025-10-01 09:39
"Port Company Ladies Core Fleece Pullover Hooded Sweatshirt",port-company-ladies-core-fleece-pullover-hooded-sweatshirt-lpc78h,2025-10-01 09:39
"Port Company Core Fleece Cadet Full Zip Sweatshirt",port-company-core-fleece-cadet-full-zip-sweatshirt-pc78fz,2025-10-01 09:39
"Ogio Slate Polo",ogio-slate-polo-og143,2025-10-01 09:39
"Port Company Fan Favorite Blend Tee",port-company-fan-favorite-blend-tee-pc455,2025-10-01 09:39
"Port Company Ladies Fan Favorite Blend V Neck Tee",port-company-ladies-fan-favorite-blend-v-neck-tee-lpc455v,2025-10-01 09:39
"Eddie Bauer Max Cool 24 Can Cooler",eddie-bauer-max-cool-24-can-cooler-eb800,2025-10-01 09:39
"New Era Shadow Heather Striped Flat Bill Snapback Cap",new-era-shadow-heather-striped-flat-bill-snapback-cap-ne408,2025-10-01 09:39
"Sport Tek Posicharge Tri Blend Wicking Draft Tee",sport-tek-posicharge-tri-blend-wicking-draft-tee-st410,2025-10-01 09:39
"Sport Tek Ladies Posicharge Draft Crop Tee",sport-tek-ladies-posicharge-draft-crop-tee-lst411,2025-10-01 09:39
"Sport Tek Youth Rashguard Tee",sport-tek-youth-rashguard-tee-yst470,2025-10-01 09:39
"Sport Tek Lightweight French Terry Pullover Hoodie",sport-tek-lightweight-french-terry-pullover-hoodie-st272,2025-10-01 09:39
"Ogio Commuter Woven Shirt",ogio-commuter-woven-shirt-og1002,2025-10-01 09:39
"Sport Tek Endeavor Tee",sport-tek-endeavor-tee-st465,2025-10-01 09:39
"Port Authority Long Sleeve Performance Staff Shirt",port-authority-long-sleeve-performance-staff-shirt-w401,2025-10-01 09:39
"Port Authority Broadcloth Gingham Easy Care Shirt",port-authority-broadcloth-gingham-easy-care-shirt-w644,2025-10-01 09:39
"Port Authority Ladies 3 4 Sleeve Tunic Blouse",port-authority-ladies-3-4-sleeve-tunic-blouse-lw701,2025-10-01 09:39
"Sport Tek Youth Digi Camo Tee",sport-tek-youth-digi-camo-tee-yst460,2025-10-01 09:39
"Port Authority City Stretch Shirt",port-authority-city-stretch-shirt-w680,2025-10-01 09:39
"Port Authority Ladies Slub Chambray Shirt",port-authority-ladies-slub-chambray-shirt-lw380,2025-10-01 09:39
"Gildan Hammer T Shirt",gildan-hammer-t-shirt-h000,2025-10-01 09:39
"Volunteer Knitwear Chore Fleece Crewneck",volunteer-knitwear-chore-fleece-crewneck-vl130,2025-10-01 09:39
"Ogio Evolution Polo",ogio-evolution-polo-og147,2025-10-01 09:39
"Ogio Evolution Henley",ogio-evolution-henley-og148,2025-10-01 09:39
"Ogio Ladies Evolution V Neck",ogio-ladies-evolution-v-neck-log148,2025-10-01 09:39
"Ogio Connection Full Zip",ogio-connection-full-zip-og706,2025-10-01 09:39
"Ogio Ladies Connection Anorak",ogio-ladies-connection-anorak-log706,2025-10-01 09:39
"Ogio Connection Jogger",ogio-connection-jogger-og707,2025-10-01 09:39
"Ogio Ladies Connection Jogger",ogio-ladies-connection-jogger-log707,2025-10-01 09:39
"Sport Tek Circuit Hooded Full Zip",sport-tek-circuit-hooded-full-zip-st870,2025-10-01 09:39
"Sport Tek Ladies Circuit Hooded Full Zip",sport-tek-ladies-circuit-hooded-full-zip-lst870,2025-10-01 09:39
"Sport Tek Circuit Jogger",sport-tek-circuit-jogger-pst871,2025-10-01 09:39
"Sport Tek Ladies Circuit Jogger",sport-tek-ladies-circuit-jogger-lpst871,2025-10-01 09:39
"Sport Tek Posicharge Position Short With Pockets",sport-tek-posicharge-position-short-with-pockets-st575,2025-10-01 09:39
"Ogio Evolution Convertible",ogio-evolution-convertible-94001,2025-10-01 09:39
"Ogio Luuma Flex Long Sleeve Crew",ogio-luuma-flex-long-sleeve-crew-og825,2025-10-01 09:39
"Sport Tek Ladies Repeat Short",sport-tek-ladies-repeat-short-lst485,2025-10-01 09:39
"Sport Tek Ladies Interval 3 Short",sport-tek-ladies-interval-3-short-lst475,2025-10-01 09:39
"Volunteer Knitwear Chore Beanie",volunteer-knitwear-chore-beanie-vl10,2025-10-01 09:39
"Ogio Street Pack",ogio-street-pack-91016,2025-10-01 09:39
"Ogio Evolution Pack",ogio-evolution-pack-91015,2025-10-01 09:39
"Ogio Ballistic Crossbody",ogio-ballistic-crossbody-92002,2025-10-01 09:39
"Ogio Sprint Pack",ogio-sprint-pack-92001,2025-10-01 09:39
"Ogio Fusion Trucker Cap",ogio-fusion-trucker-cap-og603,2025-10-01 09:39
"Nike Dri Fit Element 1 2 Zip Top",nike-dri-fit-element-1-2-zip-top-nkdh4949,2025-10-01 09:39
"Nike Ladies Dri Fit Element 1 2 Zip Top",nike-ladies-dri-fit-element-1-2-zip-top-nkdh4951,2025-10-01 09:39
"Port Authority C Free Snag Proof Polo",port-authority-c-free-snag-proof-polo-k864,2025-10-01 09:39
"Port Authority Performance Staff Polo",port-authority-performance-staff-polo-k398,2025-10-01 09:39
"Port Company Ladies Beach Wash Garment Dyed V Neck Tee",port-company-ladies-beach-wash-garment-dyed-v-neck-tee-lpc099v,2025-10-01 09:39
"Port Authority Ladies Performance Staff Polo",port-authority-ladies-performance-staff-polo-lk398,2025-10-01 09:39
"Nike Brasilia Drawstring Pack",nike-brasilia-drawstring-pack-nkdm3978,2025-10-01 09:39
"Port Company Ladies Beach Wash Cloud Tie Dye Sweatpant",port-company-ladies-beach-wash-cloud-tie-dye-sweatpant-lpc140p,2025-10-01 09:39
"Port Company Ladies Beach Wash Cloud Tie Dye V Neck Sweatshirt",port-company-ladies-beach-wash-cloud-tie-dye-v-neck-sweatshirt-lpc140v,2025-10-01 09:39
"Nike Brasilia Large Duffel",nike-brasilia-large-duffel-nkdo9193,2025-10-01 09:39
"Nike Dri Fit Team Visor",nike-dri-fit-team-visor-nkdc4217,2025-10-01 09:39
"Port Company Ladies Beach Wash Garment Dyed V Neck Sweatshirt",port-company-ladies-beach-wash-garment-dyed-v-neck-sweatshirt-lpc098v,2025-10-01 09:39
"Port Authority C Free Snag Proof 1 4 Zip",port-authority-c-free-snag-proof-1-4-zip-k865,2025-10-01 09:39
"Eddie Bauer Tour Duffel",eddie-bauer-tour-duffel-eb905,2025-10-01 09:39
"Port Authority Long Sleeve Uv Daybreak Shirt",port-authority-long-sleeve-uv-daybreak-shirt-w960,2025-10-01 09:39
"Nike Brasilia Medium Backpack",nike-brasilia-medium-backpack-nkdh7709,2025-10-01 09:39
"Port Authority Short Sleeve Uv Daybreak Shirt",port-authority-short-sleeve-uv-daybreak-shirt-w961,2025-10-01 09:39
"Mercermettle Double Knit Snap Front Jacket",mercermettle-double-knit-snap-front-jacket-mm3004,2025-10-01 09:39
"Sport Tek Drive Fleece Jogger",sport-tek-drive-fleece-jogger-stf204,2025-10-01 09:39
"Sport Tek Youth Drive Fleece Pullover Hoodie",sport-tek-youth-drive-fleece-pullover-hoodie-ystf200,2025-10-01 09:39
"Sport Tek Re Compete Fleece Pullover Hoodie",sport-tek-re-compete-fleece-pullover-hoodie-st730,2025-10-01 09:39
"Eddie Bauer Tour Backpack",eddie-bauer-tour-backpack-eb915,2025-10-01 09:39
"Port Authority Ladies Smooth Fleece 1 4 Zip",port-authority-ladies-smooth-fleece-1-4-zip-l804,2025-10-01 09:39
"Port Authority Ladies Connection Fleece Jacket",port-authority-ladies-connection-fleece-jacket-l110,2025-10-01 09:39
"District Womens Perfect Tri Fleece Short",district-womens-perfect-tri-fleece-short-dt1309,2025-10-01 09:39
"Port Authority Ladies Accord Microfleece Jacket",port-authority-ladies-accord-microfleece-jacket-l151,2025-10-01 09:39
"Port Authority Ladies Accord Microfleece Vest",port-authority-ladies-accord-microfleece-vest-l152,2025-10-01 09:39
"Port Authority Ladies Network Fleece Jacket",port-authority-ladies-network-fleece-jacket-l422,2025-10-01 09:39
"Port Authority Ladies Puffer Vest",port-authority-ladies-puffer-vest-l853,2025-10-01 09:39
"Port Authority Connection Fleece Jacket",port-authority-connection-fleece-jacket-f110,2025-10-01 09:39
"Port Authority Accord Microfleece Jacket",port-authority-accord-microfleece-jacket-f151,2025-10-01 09:39
"Port Authority Network Fleece Jacket",port-authority-network-fleece-jacket-f422,2025-10-01 09:39
"Port Authority Excursion Parka",port-authority-excursion-parka-j599,2025-10-01 09:39
"Port Authority All Weather 3 In 1 Jacket",port-authority-all-weather-3-in-1-jacket-j123,2025-10-01 09:39
"Port Authority Puffer Jacket",port-authority-puffer-jacket-j852,2025-10-01 09:39
"Port Authority Puffer Vest",port-authority-puffer-vest-j853,2025-10-01 09:39
"Nike Club Fleece Sleeve Swoosh Pullover Hoodie",nike-club-fleece-sleeve-swoosh-pullover-hoodie-nkdr1499,2025-10-01 09:39
"Nike Club Fleece Sleeve Swoosh Full Zip Hoodie",nike-club-fleece-sleeve-swoosh-full-zip-hoodie-nkdr1513,2025-10-01 09:39
"Carhartt Super Dux Soft Shell Jacket",carhartt-super-dux-soft-shell-jacket-ct105534,2025-10-01 09:39
"Carhartt Super Dux Soft Shell Vest",carhartt-super-dux-soft-shell-vest-ct105535,2025-10-01 09:39
"Carhartt Rugged Flex Fleece Lined Shirt Jac",carhartt-rugged-flex-fleece-lined-shirt-jac-ct105532,2025-10-01 09:39
"Carhartt Storm Defender Shoreline Jacket",carhartt-storm-defender-shoreline-jacket-ct104670,2025-10-01 09:39
"Carhartt Womens Rugged Flex Crawford Jacket",carhartt-womens-rugged-flex-crawford-jacket-ct102524,2025-10-01 09:39
"Carhartt Force Solid Short Sleeve Shirt",carhartt-force-solid-short-sleeve-shirt-ct105292,2025-10-01 09:39
"Carhartt Force Solid Long Sleeve Shirt",carhartt-force-solid-long-sleeve-shirt-ct105291,2025-10-01 09:39
"Carhartt Canvas Mesh Back Cap",carhartt-canvas-mesh-back-cap-ct105298,2025-10-01 09:39
"Nike Brasilia Small Duffel",nike-brasilia-small-duffel-nkdm3976,2025-10-01 09:39
"Carhartt Womens Gilliam Jacket",carhartt-womens-gilliam-jacket-ct104314,2025-10-01 09:39
"Carhartt Womens Gilliam Vest",carhartt-womens-gilliam-vest-ct104315,2025-10-01 09:39
"Nike Hooded Soft Shell Jacket",nike-hooded-soft-shell-jacket-nkdr1543,2025-10-01 09:39
"Carhartt Super Dux Insulated Hooded Coat",carhartt-super-dux-insulated-hooded-coat-ct105533,2025-10-01 09:39
"Port Authority Accord Microfleece Vest",port-authority-accord-microfleece-vest-f152,2025-10-01 09:39
"Port Authority Ladies All Weather 3 In 1 Jacket",port-authority-ladies-all-weather-3-in-1-jacket-l123,2025-10-01 09:39
"Port Authority Ladies Puffer Jacket",port-authority-ladies-puffer-jacket-l852,2025-10-01 09:39
"Sport Tek Drive Fleece Pullover Hoodie",sport-tek-drive-fleece-pullover-hoodie-stf200,2025-10-01 09:39
"Sport Tek Drive Fleece 1 4 Zip Pullover",sport-tek-drive-fleece-1-4-zip-pullover-stf202,2025-10-01 09:39
"Port Authority Accord Stretch Fleece Full Zip",port-authority-accord-stretch-fleece-full-zip-k595,2025-10-01 09:39
"Port Authority Smooth Fleece 1 4 Zip",port-authority-smooth-fleece-1-4-zip-f804,2025-10-01 09:39
"Port Authority Ladies Smooth Fleece Hooded Jacket",port-authority-ladies-smooth-fleece-hooded-jacket-l814,2025-10-01 09:39
"Port Authority Smooth Fleece Hooded Jacket",port-authority-smooth-fleece-hooded-jacket-f814,2025-10-01 09:39
"Ogio Luuma Flex Hooded Henley",ogio-luuma-flex-hooded-henley-og826,2025-10-01 09:39
"Ogio Ladies Bolt Full Zip Hoodie",ogio-ladies-bolt-full-zip-hoodie-log850,2025-10-01 09:39
"Ogio Command 1 4 Snap",ogio-command-1-4-snap-og151,2025-10-01 09:39
"Ogio Bolt Full Zip",ogio-bolt-full-zip-og850,2025-10-01 09:39
"Ogio Ladies Luuma Flex Tunic",ogio-ladies-luuma-flex-tunic-log827,2025-10-01 09:39
"Ogio Grit Fleece Vest",ogio-grit-fleece-vest-og730,2025-10-01 09:39
"Ogio Grit Fleece 1 2 Zip",ogio-grit-fleece-1-2-zip-og729,2025-10-01 09:39
"Ogio Ladies Command Long Sleeve Scoop Neck",ogio-ladies-command-long-sleeve-scoop-neck-log150,2025-10-01 09:39
"Port Authority Ladies Accord Stretch Fleece Full Zip",port-authority-ladies-accord-stretch-fleece-full-zip-lk595,2025-10-01 09:39
"Ogio Command Polo",ogio-command-polo-og150,2025-10-01 09:39
"Mercermettle 1 4 Zip Sweater",mercermettle-1-4-zip-sweater-mm3020,2025-10-01 09:39
"Mercermettle Womens Open Front Cardigan Sweater",mercermettle-womens-open-front-cardigan-sweater-mm3023,2025-10-01 09:39
"Cornerstone Rib Knit Face Mask",cornerstone-rib-knit-face-mask-cs805,2025-10-01 09:39
"Port Authority Unstructured Snapback Trucker Cap",port-authority-unstructured-snapback-trucker-cap-c119,2025-10-01 09:39
"Cornerstone Smooth Fleece Face Mask",cornerstone-smooth-fleece-face-mask-cs820,2025-10-01 09:39
"Port Authority Thermal Knit Cuffed Beanie",port-authority-thermal-knit-cuffed-beanie-c955,2025-10-01 09:39
"Port Authority Snapback Cap",port-authority-snapback-cap-c118,2025-10-01 09:39
"Port Authority Microterry Pullover Hoodie",port-authority-microterry-pullover-hoodie-k826,2025-10-01 09:39
"Port Authority Ladies Microterry Pullover Hoodie",port-authority-ladies-microterry-pullover-hoodie-lk826,2025-10-01 09:39
"Sport Tek Drive Fleece Crewneck",sport-tek-drive-fleece-crewneck-stf203,2025-10-01 09:39
"Sport Tek Drive Fleece Hooded Full Zip",sport-tek-drive-fleece-hooded-full-zip-stf201,2025-10-01 09:39
"Port Authority C Free Cotton Blend Pique Pocket Polo",port-authority-c-free-cotton-blend-pique-pocket-polo-k868,2025-10-01 09:39
"Port Authority C Free Cotton Blend Pique Polo",port-authority-c-free-cotton-blend-pique-polo-k867,2025-10-01 09:39
"New Era Ladies Sts 1 2 Zip",new-era-ladies-sts-1-2-zip-lnea541,2025-10-01 09:39
"New Era Ladies Sts Full Zip Hoodie",new-era-ladies-sts-full-zip-hoodie-lnea540,2025-10-01 09:39
"New Era Sts 1 4 Zip Hoodie",new-era-sts-1-4-zip-hoodie-nea541,2025-10-01 09:39
"Mercermettle Womens Puffy Vest",mercermettle-womens-puffy-vest-mm7217,2025-10-01 09:39
"Mercermettle Puffy Vest",mercermettle-puffy-vest-mm7214,2025-10-01 09:39
"Mercermettle Womens Puffy Parka",mercermettle-womens-puffy-parka-mm7213,2025-10-01 09:39
"Mercermettle Puffy Jacket",mercermettle-puffy-jacket-mm7210,2025-10-01 09:39
"Eddie Bauer Ladies Stretch Soft Shell Jacket",eddie-bauer-ladies-stretch-soft-shell-jacket-eb545,2025-10-01 09:39
"Mercermettle Womens Faille Soft Shell",mercermettle-womens-faille-soft-shell-mm7101,2025-10-01 09:39
"Port Authority Ladies C Free Cotton Blend Pique Polo",port-authority-ladies-c-free-cotton-blend-pique-polo-lk867,2025-10-01 09:39
"Eddie Bauer Stretch Soft Shell Jacket",eddie-bauer-stretch-soft-shell-jacket-eb544,2025-10-01 09:39
"Eddie Bauer Stretch Soft Shell Vest",eddie-bauer-stretch-soft-shell-vest-eb546,2025-10-01 09:39
"Eddie Bauer Ladies Stretch Soft Shell Vest",eddie-bauer-ladies-stretch-soft-shell-vest-eb547,2025-10-01 09:39
"Mercermettle Womens Boxy Quilted Jacket",mercermettle-womens-boxy-quilted-jacket-mm7201,2025-10-01 09:39
"Mercermettle Womens Waterproof Rain Shell",mercermettle-womens-waterproof-rain-shell-mm7001,2025-10-01 09:39
"Mercermettle Womens Double Knit Bomber",mercermettle-womens-double-knit-bomber-mm3001,2025-10-01 09:39
"Mercermettle Womens Stretch Drop Shoulder Pullover",mercermettle-womens-stretch-drop-shoulder-pullover-mm3013,2025-10-01 09:39
"Mercermettle Womens Stretch Crepe 3 4 Sleeve Blouse",mercermettle-womens-stretch-crepe-3-4-sleeve-blouse-mm2011,2025-10-01 09:39
"Mercermettle Womens Stretch Open Front Cardigan",mercermettle-womens-stretch-open-front-cardigan-mm3015,2025-10-01 09:39
"Mercermettle Womens Stretch Crepe Long Sleeve Camp",mercermettle-womens-stretch-crepe-long-sleeve-camp-mm2013,2025-10-01 09:39
"Mercermettle Womens Long Sleeve Stretch Woven Shirt",mercermettle-womens-long-sleeve-stretch-woven-shirt-mm2001,2025-10-01 09:39
"Mercermettle Womens Stretch Heavyweight Pique Polo",mercermettle-womens-stretch-heavyweight-pique-polo-mm1001,2025-10-01 09:39
"Mercermettle Stretch 1 4 Zip Pullover",mercermettle-stretch-1-4-zip-pullover-mm3010,2025-10-01 09:39
"Mercermettle Double Knit Bomber",mercermettle-double-knit-bomber-mm3000,2025-10-01 09:39
"Mercermettle Long Sleeve Stretch Woven Shirt",mercermettle-long-sleeve-stretch-woven-shirt-mm2000,2025-10-01 09:39
"Mercermettle Womens Stretch Jersey Relaxed Scoop",mercermettle-womens-stretch-jersey-relaxed-scoop-mm1017,2025-10-01 09:39
"Mercermettle Womens Stretch Jersey Polo",mercermettle-womens-stretch-jersey-polo-mm1015,2025-10-01 09:39
"Mercermettle Double Knit Full Zip Hoodie",mercermettle-double-knit-full-zip-hoodie-mm3002,2025-10-01 09:39
"Mercermettle Waterproof Rain Shell",mercermettle-waterproof-rain-shell-mm7000,2025-10-01 09:39
"Mercermettle Stretch Pique Full Button Polo",mercermettle-stretch-pique-full-button-polo-mm1006,2025-10-01 09:39
"Mercermettle Stretch Pique Henley",mercermettle-stretch-pique-henley-mm1008,2025-10-01 09:39
"Mercermettle Faille Soft Shell",mercermettle-faille-soft-shell-mm7100,2025-10-01 09:39
"Mercermettle Stretch Pique Full Button Polo",mercermettle-stretch-pique-full-button-polo-mm1006,2025-10-01 09:39
"Mercermettle Quilted Full Zip Jacket",mercermettle-quilted-full-zip-jacket-mm7200,2025-10-01 09:39
"Mercermettle Waterproof Rain Shell",mercermettle-waterproof-rain-shell-mm7000,2025-10-01 09:39
"Mercermettle Pack",mercermettle-pack-mmb200,2025-10-01 09:39
"Mercermettle Rucksack",mercermettle-rucksack-mmb201,2025-10-01 09:39
"Mercermettle Utility Case",mercermettle-utility-case-mmb700,2025-10-01 09:39
"Mercermettle Convertible Tote",mercermettle-convertible-tote-mmb202,2025-10-01 09:39
"Mercermettle Weekender Duffel",mercermettle-weekender-duffel-mmb800,2025-10-01 09:39
"Mercermettle Stretch Heavyweight Pique Polo",mercermettle-stretch-heavyweight-pique-polo-mm1000,2025-10-01 09:39
"Travismathew Cold Bay Vest",travismathew-cold-bay-vest-tm1mw453,2025-10-01 09:39
"Travismathew Ladies Crestview 1 4 Zip",travismathew-ladies-crestview-1-4-zip-tm1ww003,2025-10-01 09:39
"Travismathew Auckland Slub Polo",travismathew-auckland-slub-polo-tm1mw451,2025-10-01 09:39
"Travismathew El Dorado Short",travismathew-el-dorado-short-tm1mw454,2025-10-01 09:39
"Travismathew Ladies Oceanside Heather Polo",travismathew-ladies-oceanside-heather-polo-tm1ww002,2025-10-01 09:39
"Travismathew Crestview 1 4 Zip",travismathew-crestview-1-4-zip-tm1mw452,2025-10-01 09:39
"Travismathew Ladies Oceanside Solid Polo",travismathew-ladies-oceanside-solid-polo-tm1ww001,2025-10-01 09:39
"Travismathew Monterey Chest Stripe Polo",travismathew-monterey-chest-stripe-polo-tm1mw450,2025-10-01 09:39
"Gildan Softstyle Crewneck Sweatshirt",gildan-softstyle-crewneck-sweatshirt-sf000,2025-10-01 09:39
"Port Authority Ladies C Free Snag Proof Polo",port-authority-ladies-c-free-snag-proof-polo-lk864,2025-10-01 09:39
"Ogio Ladies Luuma Flex Long Sleeve V Neck",ogio-ladies-luuma-flex-long-sleeve-v-neck-log825,2025-10-01 09:39
"Port Authority Outdoor Ventilated Wide Brim Hat",port-authority-outdoor-ventilated-wide-brim-hat-c947,2025-10-01 09:39
"Port Authority Outdoor Uv Bucket Hat",port-authority-outdoor-uv-bucket-hat-c948,2025-10-01 09:39
"Port Authority Outdoor Uv Sun Shade Cap",port-authority-outdoor-uv-sun-shade-cap-c949,2025-10-01 09:39
"Port Authority Eco Cap",port-authority-eco-cap-c954,2025-10-01 09:39
"Port Authority Eco Snapback Trucker Cap",port-authority-eco-snapback-trucker-cap-c112eco,2025-10-01 09:39
"Port Authority Canvas Full Length Two Pocket Apron",port-authority-canvas-full-length-two-pocket-apron-a815,2025-10-01 09:39
"Port Authority Microfiber Stay Fitness Mat Towel",port-authority-microfiber-stay-fitness-mat-towel-tw21,2025-10-01 09:39
"Port Authority Microfiber Fitness Towel",port-authority-microfiber-fitness-towel-tw20,2025-10-01 09:39
"Volunteer Knitwear Chore Fleece Pullover Hoodie",volunteer-knitwear-chore-fleece-pullover-hoodie-vl130h,2025-10-01 09:39
"Volunteer Knitwear Chore Fleece Full Zip Hoodie",volunteer-knitwear-chore-fleece-full-zip-hoodie-vl130zh,2025-10-01 09:39
"Volunteer Knitwear All American Pocket Tee",volunteer-knitwear-all-american-pocket-tee-vl100p,2025-10-01 09:39
"Volunteer Knitwear Tri Tee",volunteer-knitwear-tri-tee-vl40,2025-10-01 09:39
"Volunteer Knitwear All American Long Sleeve Tee",volunteer-knitwear-all-american-long-sleeve-tee-vl100ls,2025-10-01 09:39
"Volunteer Knitwear All American Tee",volunteer-knitwear-all-american-tee-vl100,2025-10-01 09:39
"Volunteer Knitwear Chore Long Sleeve Tee",volunteer-knitwear-chore-long-sleeve-tee-vl60ls,2025-10-01 09:39
"Volunteer Knitwear Chore Tee",volunteer-knitwear-chore-tee-vl60,2025-10-01 09:39
"Volunteer Knitwear Womens Daily V Neck Tee",volunteer-knitwear-womens-daily-v-neck-tee-lvl45v,2025-10-01 09:39
"District Re Blanket",district-re-blanket-dt81,2025-10-01 09:39
"Volunteer Knitwear Daily Tee",volunteer-knitwear-daily-tee-vl45,2025-10-01 09:39
"Nike Ladies Dri Fit Micro Pique 2 0 Long Sleeve Polo",nike-ladies-dri-fit-micro-pique-2-0-long-sleeve-polo-nkdc2105,2025-10-01 09:39
"Nike Ladies Dri Fit Micro Pique 2 0 Polo",nike-ladies-dri-fit-micro-pique-2-0-polo-nkdc1991,2025-10-01 09:39
"Nike Dri Fit Micro Pique 2 0 Pocket Polo",nike-dri-fit-micro-pique-2-0-pocket-polo-nkdc2103,2025-10-01 09:39
"Nike Dri Fit Micro Pique 2 0 Long Sleeve Polo",nike-dri-fit-micro-pique-2-0-long-sleeve-polo-nkdc2104,2025-10-01 09:39
"Nike Dri Fit Vapor Polo",nike-dri-fit-vapor-polo-nkdc2108,2025-10-01 09:39
"Nike Dri Fit Vapor Block Polo",nike-dri-fit-vapor-block-polo-nkdc2114,2025-10-01 09:39
"Nike Dri Fit Vapor Jacquard Polo",nike-dri-fit-vapor-jacquard-polo-nkdc2115,2025-10-01 09:39
"Nike Dri Fit Vapor Space Dyed Polo",nike-dri-fit-vapor-space-dyed-polo-nkdc2109,2025-10-01 09:39
"Port Authority Mountain Lodge Wearable Blanket",port-authority-mountain-lodge-wearable-blanket-bp41,2025-10-01 09:39
"The North Face Pom Beanie",the-north-face-pom-beanie-nf0a7rgi,2025-10-01 09:39
"Nike Dri Fit Micro Pique 2 0 Polo",nike-dri-fit-micro-pique-2-0-polo-nkdc1963,2025-10-01 09:39
"Ogio Luuma Hoodie",ogio-luuma-hoodie-og814,2025-10-01 09:39
"The North Face Circular Rib Beanie",the-north-face-circular-rib-beanie-nf0a7rgh,2025-10-01 09:39
"Carhartt Short Firm Duck Insulated Bib Overalls",carhartt-short-firm-duck-insulated-bib-overalls-cts104393,2025-10-01 09:39
"Wonderwink Womens Long Lab Coat",wonderwink-womens-long-lab-coat-ww4172,2025-10-01 09:39
"Carhartt Crowley Soft Shell Jacket",carhartt-crowley-soft-shell-jacket-ct102199,2025-10-01 09:39
"Carhartt Tall Sherpa Lined Coat",carhartt-tall-sherpa-lined-coat-ctt104293,2025-10-01 09:39
"Carhartt Sherpa Lined Coat",carhartt-sherpa-lined-coat-ct104293,2025-10-01 09:39
"Carhartt Sherpa Lined Mock Neck Vest",carhartt-sherpa-lined-mock-neck-vest-ct104277,2025-10-01 09:39
"Carhartt Firm Duck Insulated Bib Overalls",carhartt-firm-duck-insulated-bib-overalls-ct104393,2025-10-01 09:39
"Carhartt Tall Firm Duck Insulated Bib Overalls",carhartt-tall-firm-duck-insulated-bib-overalls-ctt104393,2025-10-01 09:39
"Carhartt Knit Insulated Face Mask",carhartt-knit-insulated-face-mask-ct104485,2025-10-01 09:39
"Wonderwink Mens Consultation Lab Coat",wonderwink-mens-consultation-lab-coat-ww5072,2025-10-01 09:39
"Carhartt Duck Unlined Bib Overalls",carhartt-duck-unlined-bib-overalls-ct102776,2025-10-01 09:39
"Wonderwink Womens Consultation Lab Coat",wonderwink-womens-consultation-lab-coat-ww4072,2025-10-01 09:39
"Wonderwink Mens Long Lab Coat",wonderwink-mens-long-lab-coat-ww5172,2025-10-01 09:39
"Wonderwink Womens Long Sleeve Layer Tee",wonderwink-womens-long-sleeve-layer-tee-ww4029,2025-10-01 09:39
"Wonderwink Mens Premiere Flex Cargo Pant",wonderwink-mens-premiere-flex-cargo-pant-ww5058,2025-10-01 09:39
"Wonderwink Mens Premiere Flex V Neck Top",wonderwink-mens-premiere-flex-v-neck-top-ww5068,2025-10-01 09:39
"Wonderwink Womens Premiere Flex Full Zip Scrub Jacket",wonderwink-womens-premiere-flex-full-zip-scrub-jacket-ww4088,2025-10-01 09:39
"Wonderwink Womens Premiere Flex Jogger Pant",wonderwink-womens-premiere-flex-jogger-pant-ww4258,2025-10-01 09:39
"Wonderwink Womens Premiere Flex Cargo Pant",wonderwink-womens-premiere-flex-cargo-pant-ww4158,2025-10-01 09:39
"Wonderwink Womens Premiere Flex Mock Wrap Top",wonderwink-womens-premiere-flex-mock-wrap-top-ww4268,2025-10-01 09:39
"Wonderwink Workflex Scrub Cap",wonderwink-workflex-scrub-cap-ww3040,2025-10-01 09:39
"Wonderwink Womens Premiere Flex V Neck Top",wonderwink-womens-premiere-flex-v-neck-top-ww4168,2025-10-01 09:39
"Wonderwink Unisex Workflex Snap Front Scrub Jacket",wonderwink-unisex-workflex-snap-front-scrub-jacket-ww3080,2025-10-01 09:39
"Wonderwink Womens Tall Workflex Flare Leg Cargo Pant",wonderwink-womens-tall-workflex-flare-leg-cargo-pant-ww4750t,2025-10-01 09:39
"Wonderwink Womens Petite Workflex Flare Leg Cargo Pant",wonderwink-womens-petite-workflex-flare-leg-cargo-pant-ww4750p,2025-10-01 09:39
"Wonderwink Womens Petite Workflex Cargo Pant",wonderwink-womens-petite-workflex-cargo-pant-ww4550p,2025-10-01 09:39
"Wonderwink Unisex Short Workflex Cargo Pant",wonderwink-unisex-short-workflex-cargo-pant-ww3150s,2025-10-01 09:39
"Wonderwink Womens Workflex V Neck Top",wonderwink-womens-workflex-v-neck-top-ww4560,2025-10-01 09:39
"Wonderwink Unisex Tall Workflexcargo Pant",wonderwink-unisex-tall-workflexcargo-pant-ww3150t,2025-10-01 09:39
"Wonderwink Womens Workflex Mock Wrap Top",wonderwink-womens-workflex-mock-wrap-top-ww4760,2025-10-01 09:39
"Wonderwink Womens Workflex Cargo Pant",wonderwink-womens-workflex-cargo-pant-ww4550,2025-10-01 09:39
"Wonderwink Womens Tall Workflex Cargo Pant",wonderwink-womens-tall-workflex-cargo-pant-ww4550t,2025-10-01 09:39
"Wonderwink Womens Workflex Flare Leg Cargo Pant",wonderwink-womens-workflex-flare-leg-cargo-pant-ww4750,2025-10-01 09:39
"Wonderwink Unisex Workflex Chest Pocket V Neck Top",wonderwink-unisex-workflex-chest-pocket-v-neck-top-ww3160,2025-10-01 09:39
"Travismathew Oceanside Solid Polo",travismathew-oceanside-solid-polo-tm1mu411,2025-10-01 09:39
"Travismathew Fomo Novelty Cap",travismathew-fomo-novelty-cap-tm1mu425,2025-10-01 09:39
"Travismathew Rad Flexback Cap",travismathew-rad-flexback-cap-tm1mu426,2025-10-01 09:39
"Travismathew Newport Full Zip Fleece",travismathew-newport-full-zip-fleece-tm1mu420,2025-10-01 09:39
"Travismathew Cruz Trucker Cap",travismathew-cruz-trucker-cap-tm1mu423,2025-10-01 09:39
"Travismathew Newport 1 4 Zip Fleece",travismathew-newport-1-4-zip-fleece-tm1mu419,2025-10-01 09:39
"Wonderwink Unisex Workflex Cargo Pant",wonderwink-unisex-workflex-cargo-pant-ww3150,2025-10-01 09:39
"Port Company Tri Blend Long Sleeve Tee",port-company-tri-blend-long-sleeve-tee-pc330ls,2025-10-01 09:39
"Port Company Crystal Tie Dye Pullover Hoodie",port-company-crystal-tie-dye-pullover-hoodie-pc144,2025-10-01 09:39
"Travismathew Coto Performance Polo",travismathew-coto-performance-polo-tm1mu410,2025-10-01 09:39
"Travismathew Oceanside Heather Polo",travismathew-oceanside-heather-polo-tm1mu412,2025-10-01 09:39
"Travismathew Surfside Full Zip Jacket",travismathew-surfside-full-zip-jacket-tm1mu422,2025-10-01 09:39
"Travismathew Surfside Full Zip Jacket",travismathew-surfside-full-zip-jacket-tm1mu422,2025-10-01 09:39
"Travismathew Oceanside Blocked Polo",travismathew-oceanside-blocked-polo-tm1mu414,2025-10-01 09:39
"Port Authority Collective Tech Soft Shell Jacket",port-authority-collective-tech-soft-shell-jacket-j921,2025-10-01 09:39
"Port Authority Mechanic Soft Shell Jacket",port-authority-mechanic-soft-shell-jacket-j417,2025-10-01 09:39
"Port Authority Ladies Collective Smooth Fleece Vest",port-authority-ladies-collective-smooth-fleece-vest-l906,2025-10-01 09:39
"Port Authority Collective Smooth Fleece Vest",port-authority-collective-smooth-fleece-vest-f906,2025-10-01 09:39
"Port Authority Camp Fleece Snap Pullover",port-authority-camp-fleece-snap-pullover-f140,2025-10-01 09:39
"Port Company Ladies Tri Blend V Neck Tee",port-company-ladies-tri-blend-v-neck-tee-lpc330v,2025-10-01 09:39
"Champion Powerblend Full Zip Hoodie",champion-powerblend-full-zip-hoodie-s800,2025-10-01 09:39
"Champion Powerblend Crewneck Sweatshirt",champion-powerblend-crewneck-sweatshirt-s6000,2025-10-01 09:39
"Port Authority Collective Tech Outer Shell Jacket",port-authority-collective-tech-outer-shell-jacket-j920,2025-10-01 09:39
"Port Company Tri Blend Tee",port-company-tri-blend-tee-pc330,2025-10-01 09:39
"Port Authority Ladies Collective Tech Outer Shell Jacket",port-authority-ladies-collective-tech-outer-shell-jacket-l920,2025-10-01 09:39
"Port Authority Ladies Collective Tech Soft Shell Jacket",port-authority-ladies-collective-tech-soft-shell-jacket-l921,2025-10-01 09:39
"Ogio Commuter Full Zip Soft Shell",ogio-commuter-full-zip-soft-shell-og755,2025-10-01 09:39
"Sport Tek Ladies Hooded Soft Shell Jacket",sport-tek-ladies-hooded-soft-shell-jacket-lst980,2025-10-01 09:39
"Sport Tek Posicharge Strive Hooded Full Zip",sport-tek-posicharge-strive-hooded-full-zip-st570,2025-10-01 09:39
"Sport Tek Ladies Posicharge Strive Full Zip",sport-tek-ladies-posicharge-strive-full-zip-lst570,2025-10-01 09:39
"Ogio Ladies Flux Full Zip Hoodie",ogio-ladies-flux-full-zip-hoodie-log823,2025-10-01 09:39
"Sport Tek Posicharge Strive Hooded Pullover",sport-tek-posicharge-strive-hooded-pullover-st571,2025-10-01 09:39
"Champion Powerblend Pullover Hoodie",champion-powerblend-pullover-hoodie-s700,2025-10-01 09:39
"Port Authority Ladies Microterry Cardigan",port-authority-ladies-microterry-cardigan-lk825,2025-10-01 09:39
"New Era Ladies Thermal Full Zip Hoodie",new-era-ladies-thermal-full-zip-hoodie-lnea141,2025-10-01 09:39
"Sport Tek Waterproof Insulated Jacket",sport-tek-waterproof-insulated-jacket-jst56,2025-10-01 09:39
"Sport Tek Youth Waterproof Insulated Jacket",sport-tek-youth-waterproof-insulated-jacket-yst56,2025-10-01 09:39
"Sport Tek Hooded Soft Shell Jacket",sport-tek-hooded-soft-shell-jacket-st980,2025-10-01 09:39
"Ogio Ladies Commuter Full Zip Soft Shell",ogio-ladies-commuter-full-zip-soft-shell-log755,2025-10-01 09:39
"Ogio Flux 1 4 Zip",ogio-flux-1-4-zip-og823,2025-10-01 09:39
"New Era Thermal Long Sleeve",new-era-thermal-long-sleeve-nea140,2025-10-01 09:39
"Port Authority Ladies Long Sleeve Ombre Plaid Shirt",port-authority-ladies-long-sleeve-ombre-plaid-shirt-lw672,2025-10-01 09:39
"Port Authority C Free Performance Polo",port-authority-c-free-performance-polo-k863,2025-10-01 09:39
"Port Authority Ladies C Free Performance Polo",port-authority-ladies-c-free-performance-polo-lk863,2025-10-01 09:39
"New Era Thermal Full Zip Hoodie",new-era-thermal-full-zip-hoodie-nea141,2025-10-01 09:39
"Port Authority Microterry 1 4 Zip Pullover",port-authority-microterry-1-4-zip-pullover-k825,2025-10-01 09:39
"Cornerstone Ansi 107 Class 3 Soft Shell Jacket",cornerstone-ansi-107-class-3-soft-shell-jacket-csj503,2025-10-01 09:40
"Eddie Bauer Woodland Blanket",eddie-bauer-woodland-blanket-eb750,2025-10-01 09:40
"Sport Tek Yupoong 5 Panel Classic Trucker Mesh Back Cap",sport-tek-yupoong-5-panel-classic-trucker-mesh-back-cap-stc38,2025-10-01 09:40
"Eddie Bauer Quilted Insulated Fleece Blanket",eddie-bauer-quilted-insulated-fleece-blanket-eb751,2025-10-01 09:40
"New Era Recycled Cuff Beanie",new-era-recycled-cuff-beanie-ne907,2025-10-01 09:40
"New Era Performance Dash Adjustable Cap",new-era-performance-dash-adjustable-cap-ne209,2025-10-01 09:40
"Port Authority Long Sleeve Perfect Denim Shirt",port-authority-long-sleeve-perfect-denim-shirt-w676,2025-10-01 09:40
"Port Authority Long Sleeve Ombre Plaid Shirt",port-authority-long-sleeve-ombre-plaid-shirt-w672,2025-10-01 09:40
"Cornerstone Ansi 107 Class 3 Waterproof Insulated Ripstop Bomber Jacket",cornerstone-ansi-107-class-3-waterproof-insulated-ripstop-bomber-jacket-csj501,2025-10-01 09:40
"Port Authority Microfleece Gaiter",port-authority-microfleece-gaiter-c223,2025-10-01 09:40
"Cornerstone Ansi 107 Class 3 Waterproof Ripstop 3 In 1 Parka",cornerstone-ansi-107-class-3-waterproof-ripstop-3-in-1-parka-csj502,2025-10-01 09:40
"Port Authority Rib Knit Cuff Beanie",port-authority-rib-knit-cuff-beanie-c951,2025-10-01 09:40
"District Re Beanie",district-re-beanie-dt815,2025-10-01 09:40
"Port Authority Youth Snapback Trucker Cap",port-authority-youth-snapback-trucker-cap-yc112,2025-10-01 09:40
"Cornerstone Ansi 107 Class 3 Economy Waterproof Insulated Bomber Jacket",cornerstone-ansi-107-class-3-economy-waterproof-insulated-bomber-jacket-csj500,2025-10-01 09:40
"Port Authority Flexfit Melange Unipanel Cap",port-authority-flexfit-melange-unipanel-cap-c946,2025-10-01 09:40
"Port Authority Snapback Five Panel Trucker Cap",port-authority-snapback-five-panel-trucker-cap-c115,2025-10-01 09:40
"Port Authority Snapback Flat Bill Trucker Cap",port-authority-snapback-flat-bill-trucker-cap-c117,2025-10-01 09:40
"Next Level Apparel Womens Festival Muscle Tank",next-level-apparel-womens-festival-muscle-tank-nl5013,2025-10-01 09:40
"Next Level Apparel Unisex Santa Cruz Pullover Hoodie",next-level-apparel-unisex-santa-cruz-pullover-hoodie-nl9303,2025-10-01 09:40
"Next Level Apparel Unisex Santa Cruz Zip Hoodie",next-level-apparel-unisex-santa-cruz-zip-hoodie-nl9602,2025-10-01 09:40
"Next Level Apparel Unisex Malibu Pullover Hoodie",next-level-apparel-unisex-malibu-pullover-hoodie-nl9300,2025-10-01 09:40
"Port Authority Snapback Flat Bill Cap",port-authority-snapback-flat-bill-cap-c116,2025-10-01 09:40
"Carhartt Rugged Professional Series Cap",carhartt-rugged-professional-series-cap-ct103056,2025-10-01 09:40
"Next Level Apparel Womens Tri Blend Tee",next-level-apparel-womens-tri-blend-tee-nl6710,2025-10-01 09:40
"Next Level Apparel Unisex Tri Blend 3 4 Sleeve Raglan Tee",next-level-apparel-unisex-tri-blend-3-4-sleeve-raglan-tee-nl6051,2025-10-01 09:40
"Next Level Apparel Unisex Poly Cotton Tee",next-level-apparel-unisex-poly-cotton-tee-nl6200,2025-10-01 09:40
"Next Level Apparel Womens Festival Scoop Neck Tee",next-level-apparel-womens-festival-scoop-neck-tee-nl5030,2025-10-01 09:40
"Next Level Apparel Womens Festival Cali Crop Tee",next-level-apparel-womens-festival-cali-crop-tee-nl5080,2025-10-01 09:40
"Next Level Apparel Unisex Cvc Tee",next-level-apparel-unisex-cvc-tee-nl6210,2025-10-01 09:40
"Next Level Apparel Womens Cvc Tee",next-level-apparel-womens-cvc-tee-nl6610,2025-10-01 09:40
"Next Level Apparel Unisex Cvc Sueded Tee",next-level-apparel-unisex-cvc-sueded-tee-nl6410,2025-10-01 09:40
"Next Level Apparel Womens Tri Blend Racerback Tank",next-level-apparel-womens-tri-blend-racerback-tank-nl6733,2025-10-01 09:40
"Next Level Apparel Unisex Tri Blend Tee",next-level-apparel-unisex-tri-blend-tee-nl6010,2025-10-01 09:40
"Sport Tek Echo Tee",sport-tek-echo-tee-st760,2025-10-01 09:40
"Carhartt Cotton Blend Filter Pocket Gaiter",carhartt-cotton-blend-filter-pocket-gaiter-ct105086,2025-10-01 09:40
"Carhartt Cotton Ear Loop Face Mask 3 Pack",carhartt-cotton-ear-loop-face-mask-3-pack-ct105160,2025-10-01 09:40
"Cornerstone Ansi 107 Class 3 Surveyor Mesh Zippered Two Tone Short Sleeve Vest",cornerstone-ansi-107-class-3-surveyor-mesh-zippered-two-tone-short-sleeve-vest-csv106,2025-10-01 09:40
"Next Level Apparel Unisex Cotton Tee",next-level-apparel-unisex-cotton-tee-nl3600,2025-10-01 09:40
"Next Level Apparel Womens Cotton Tee",next-level-apparel-womens-cotton-tee-nl3900,2025-10-01 09:40
"Next Level Apparel Cotton Long Sleeve Tee",next-level-apparel-cotton-long-sleeve-tee-nl3601,2025-10-01 09:40
"Port Authority Ladies Short Sleeve Superpro Reacttwill Shirt",port-authority-ladies-short-sleeve-superpro-reacttwill-shirt-lw809,2025-10-01 09:40
"Cornerstone Ansi 107 Class 2 Economy Mesh Zippered Vest",cornerstone-ansi-107-class-2-economy-mesh-zippered-vest-csv101,2025-10-01 09:40
"Cornerstone Ansi 107 Class 2 Economy Mesh One Pocket Vest",cornerstone-ansi-107-class-2-economy-mesh-one-pocket-vest-csv100,2025-10-01 09:40
"Cornerstone Ansi 107 Class 2 Surveyor Zippered Two Tone Vest",cornerstone-ansi-107-class-2-surveyor-zippered-two-tone-vest-csv105,2025-10-01 09:40
"Cornerstone Ansi 107 Class 2 Mesh Six Pocket Zippered Vest",cornerstone-ansi-107-class-2-mesh-six-pocket-zippered-vest-csv104,2025-10-01 09:40
"Cornerstone Ansi 107 Class 2 Mesh Zippered Two Tone Vest",cornerstone-ansi-107-class-2-mesh-zippered-two-tone-vest-csv103,2025-10-01 09:40
"Cornerstone Ansi 107 Class 2 Mesh Long Sleeve Tee",cornerstone-ansi-107-class-2-mesh-long-sleeve-tee-cs201,2025-10-01 09:40
"Cornerstone Ansi 107 Class 2 Mesh Zippered Vest",cornerstone-ansi-107-class-2-mesh-zippered-vest-csv102,2025-10-01 09:40
"Cornerstone Ansi 107 Class 3 Mesh Tee",cornerstone-ansi-107-class-3-mesh-tee-cs202,2025-10-01 09:40
"Sport Tek Posicharge Re Compete Tee",sport-tek-posicharge-re-compete-tee-st720,2025-10-01 09:40
"Sport Tek Youth Posicharge Re Compete Tee",sport-tek-youth-posicharge-re-compete-tee-yst720,2025-10-01 09:40
"Port Authority Long Sleeve Superpro React Twill Shirt",port-authority-long-sleeve-superpro-react-twill-shirt-w808,2025-10-01 09:40
"Port Company Youth Core Fleece Jogger",port-company-youth-core-fleece-jogger-pc78yj,2025-10-01 09:40
"Port Company Core Fleece Jogger",port-company-core-fleece-jogger-pc78j,2025-10-01 09:40
"Port Authority Short Sleeve Superpro React Twill Shirt",port-authority-short-sleeve-superpro-react-twill-shirt-w809,2025-10-01 09:40
"Port Authority Ladies Long Sleeve Superpro Reacttwill Shirt",port-authority-ladies-long-sleeve-superpro-reacttwill-shirt-lw808,2025-10-01 09:40
"Port Authority Ladies Luxe Knit Tunic",port-authority-ladies-luxe-knit-tunic-lk5601,2025-10-01 09:40
"Sport Tek Ladies Sport Wick Flex Fleece Full Zip",sport-tek-ladies-sport-wick-flex-fleece-full-zip-lst560,2025-10-01 09:40
"Sport Tek Sport Wick Flex Fleece 1 4 Zip",sport-tek-sport-wick-flex-fleece-1-4-zip-st561,2025-10-01 09:40
"Sport Tek Ladies Sport Wick Flex Fleece 1 4 Zip",sport-tek-ladies-sport-wick-flex-fleece-1-4-zip-lst561,2025-10-01 09:40
"Sport Tek Posicharge Strive Polo",sport-tek-posicharge-strive-polo-st530,2025-10-01 09:40
"Sport Tek Ladies Posicharge Strive Polo",sport-tek-ladies-posicharge-strive-polo-lst530,2025-10-01 09:40
"Sport Tek Posicharge Strive Tee",sport-tek-posicharge-strive-tee-st430,2025-10-01 09:40
"New Era Tri Blend Tee",new-era-tri-blend-tee-nea135,2025-10-01 09:40
"New Era Tri Blend Hoodie",new-era-tri-blend-hoodie-nea137,2025-10-01 09:40
"New Era Ladies Tri Blend 3 4 Sleeve Tee",new-era-ladies-tri-blend-3-4-sleeve-tee-lnea136,2025-10-01 09:40
"Sport Tek Sport Wick Flex Fleece Full Zip",sport-tek-sport-wick-flex-fleece-full-zip-st560,2025-10-01 09:40
"Cornerstone Canvas Mesh Back Cap",cornerstone-canvas-mesh-back-cap-cs811,2025-10-01 09:40
"Cornerstone Canvas Cap",cornerstone-canvas-cap-cs810,2025-10-01 09:40
"Port Authority Ladies Superpro React Polo",port-authority-ladies-superpro-react-polo-lk810,2025-10-01 09:40
"Nike Team Beanie",nike-team-beanie-cw6117,2025-10-01 09:40
"Carhartt Womens Washed Duck Active Jac",carhartt-womens-washed-duck-active-jac-ct104053,2025-10-01 09:40
"Port Authority City Stretch",port-authority-city-stretch-polok682,2025-10-01 09:40
"Ogio Code Stretch Long Sleeve Button Up",ogio-code-stretch-long-sleeve-button-up-og145,2025-10-01 09:40
"Port Authority Ladies City Stretch Top",port-authority-ladies-city-stretch-top-lk682,2025-10-01 09:40
"Ogio Code Stretch Polo",ogio-code-stretch-polo-og146,2025-10-01 09:40
"Port Authority Superpro React Polo",port-authority-superpro-react-polo-k810,2025-10-01 09:40
"Carhartt Watch Cap 2 0",carhartt-watch-cap-2-0-ct104597,2025-10-01 09:40
"District V I T Fleece Short",district-v-i-t-fleece-short-dt6108,2025-10-01 09:40
"Champion Reverse Weave Scrunch Dye Tie Dye Hooded Sweatshirt",champion-reverse-weave-scrunch-dye-tie-dye-hooded-sweatshirt-tds101,2025-10-01 09:40
"Champion Reverse Weave Garment Dyed Hooded Sweatshirt",champion-reverse-weave-garment-dyed-hooded-sweatshirt-gds101,2025-10-01 09:40
"Champion Reverse Weave Garment Dyed Crewneck Sweatshirt",champion-reverse-weave-garment-dyed-crewneck-sweatshirt-gds149,2025-10-01 09:40
"Carhartt Tall Washed Duck Active Jac",carhartt-tall-washed-duck-active-jac-ctt104050,2025-10-01 09:40
"Carhartt Washed Duck Active Jac",carhartt-washed-duck-active-jac-ct104050,2025-10-01 09:40
"Port Authority Large Bandana",port-authority-large-bandana-c965,2025-10-01 09:40
"Port Authority Cotton Bandana",port-authority-cotton-bandana-c960,2025-10-01 09:40
"Port Authority Ladies Everyday Plaid Shirt",port-authority-ladies-everyday-plaid-shirt-lw670,2025-10-01 09:40
"Port Authority Slub Chambray Shirt",port-authority-slub-chambray-shirt-w380,2025-10-01 09:40
"New Era Ladies Performance Terry Full Zip Cowl",new-era-ladies-performance-terry-full-zip-cowl-lnea530,2025-10-01 09:40
"Port Company Bouncer Tee",port-company-bouncer-tee-pc600,2025-10-01 09:40
"Port Company Bouncer Pocket Tee",port-company-bouncer-pocket-tee-pc600p,2025-10-01 09:40
"Port Company Long Sleeve Bouncer Tee",port-company-long-sleeve-bouncer-tee-pc600ls,2025-10-01 09:40
"The North Face Mountain Beanie",the-north-face-mountain-beanie-nf0a4vub,2025-10-01 09:40
"The North Face Ultimate Trucker Cap",the-north-face-ultimate-trucker-cap-nf0a4vua,2025-10-01 09:40
"Port Authority Grid Fleece Jacket",port-authority-grid-fleece-jacket-f239,2025-10-01 09:40
"Port Authority Collective Striated Fleece Jacket",port-authority-collective-striated-fleece-jacket-f905,2025-10-01 09:40
"Port Authority Ladies Ultra Warm Brushed Fleece Jacket",port-authority-ladies-ultra-warm-brushed-fleece-jacket-l211,2025-10-01 09:40
"Port Authority Ladies Cozy Fleece Hoodie",port-authority-ladies-cozy-fleece-hoodie-l132,2025-10-01 09:40
"Port Authority Ultra Warm Brushed Fleece Jacket",port-authority-ultra-warm-brushed-fleece-jacket-f211,2025-10-01 09:40
"Ogio Ladies Commuter Woven Tunic",ogio-ladies-commuter-woven-tunic-log1002,2025-10-01 09:40
"Port Authority Everyday Plaid Shirt",port-authority-everyday-plaid-shirt-w670,2025-10-01 09:40
"Ogio Reverse Shirt Jacket",ogio-reverse-shirt-jacket-og754,2025-10-01 09:40
"Ogio Transition 1 4 Zip",ogio-transition-1-4-zip-og821,2025-10-01 09:40
"Ogio Ladies Gravitate Scoop 3 4 Sleeve",ogio-ladies-gravitate-scoop-3-4-sleeve-log141,2025-10-01 09:40
"Ogio Gravitate Full Button Polo",ogio-gravitate-full-button-polo-og141,2025-10-01 09:40
"Cornerstone Duck Bonded Soft Shell Jacket",cornerstone-duck-bonded-soft-shell-jacket-csj60,2025-10-01 09:40
"Port Authority Ladies Grid Fleece Jacket",port-authority-ladies-grid-fleece-jacket-l239,2025-10-01 09:40
"Cornerstone Duck Bonded Soft Shell Vest",cornerstone-duck-bonded-soft-shell-vest-csv60,2025-10-01 09:40
"Port Authority Ladies Collective Striated Fleece Jacket",port-authority-ladies-collective-striated-fleece-jacket-l905,2025-10-01 09:40
"Ogio Ladies Grit Fleece Jacket",ogio-ladies-grit-fleece-jacket-log727,2025-10-01 09:40
"The North Face Ladies Everyday Insulated Jacket",the-north-face-ladies-everyday-insulated-jacket-nf0a529l,2025-10-01 09:40
"The North Face Everyday Insulated Vest",the-north-face-everyday-insulated-vest-nf0a529a,2025-10-01 09:40
"The North Face Ladies Everyday Insulated Vest",the-north-face-ladies-everyday-insulated-vest-nf0a529q,2025-10-01 09:40
"Ogio Ladies Hinge Full Zip",ogio-ladies-hinge-full-zip-log820,2025-10-01 09:40
"The North Face Castle Rock Soft Shell Jacket",the-north-face-castle-rock-soft-shell-jacket-nf0a552z,2025-10-01 09:40
"Ogio Ladies Luuma Sherpa Full Zip",ogio-ladies-luuma-sherpa-full-zip-log815,2025-10-01 09:40
"Ogio Hinge Full Zip",ogio-hinge-full-zip-og820,2025-10-01 09:40
"Port Authority Ultra Plush Blanket",port-authority-ultra-plush-blanket-bp31,2025-10-01 09:40
"Port Authority Flexfit Delta Cap",port-authority-flexfit-delta-cap-c938,2025-10-01 09:40
"Sport Tek Yupoong Retro Trucker Cap",sport-tek-yupoong-retro-trucker-cap-stc39,2025-10-01 09:40
"Port Authority Ladies Heathered Silk Touch Performance Polo",port-authority-ladies-heathered-silk-touch-performance-polo-lk542,2025-10-01 09:40
"Port Authority Heathered Silk Touch Performance Polo",port-authority-heathered-silk-touch-performance-polo-k542,2025-10-01 09:40
"Champion Womens Reverse Weave Cropped Cut Off Hooded Sweatshirt",champion-womens-reverse-weave-cropped-cut-off-hooded-sweatshirt-rw01w,2025-10-01 09:40
"Champion Reverse Weave Short Sleeve Hooded Sweatshirt",champion-reverse-weave-short-sleeve-hooded-sweatshirt-s101ss,2025-10-01 09:40
"Ogio Grit Fleece Jacket",ogio-grit-fleece-jacket-og727,2025-10-01 09:40
"Eddie Bauer Ladies Weatheredge 3 In 1 Jacket",eddie-bauer-ladies-weatheredge-3-in-1-jacket-eb657,2025-10-01 09:40
"Sport Tek Ladies Exchange 1 5 Long Sleeve Crew",sport-tek-ladies-exchange-1-5-long-sleeve-crew-lst710,2025-10-01 09:40
"Sport Tek Ladies Exchange 1 5 Long Sleeve 1 2 Zip",sport-tek-ladies-exchange-1-5-long-sleeve-1-2-zip-lst711,2025-10-01 09:40
"Ogio Ladies Luuma Full Zip Fleece",ogio-ladies-luuma-full-zip-fleece-log812,2025-10-01 09:40
"Ogio Luuma 1 2 Zip Fleece",ogio-luuma-1-2-zip-fleece-og813,2025-10-01 09:40
"Sport Tek Exchange 1 5 Long Sleeve 1 2 Zip",sport-tek-exchange-1-5-long-sleeve-1-2-zip-st711,2025-10-01 09:40
"Port Authority Cozy 1 4 Zip Fleece",port-authority-cozy-1-4-zip-fleece-f130,2025-10-01 09:40
"Port Authority Interlock Full Zip",port-authority-interlock-full-zip-k809,2025-10-01 09:40
"Port Authority Shadow Stripe Polo",port-authority-shadow-stripe-polo-k585,2025-10-01 09:40
"Port Authority Ladies Eclipse Stretch Polo",port-authority-ladies-eclipse-stretch-polo-lk587,2025-10-01 09:40
"Port Authority Eclipse Stretch Polo",port-authority-eclipse-stretch-polo-k587,2025-10-01 09:40
"Eddie Bauer Weatheredge 3 In 1 Jacket",eddie-bauer-weatheredge-3-in-1-jacket-eb656,2025-10-01 09:40
"Port Authority Oversized Ultra Plush Blanket",port-authority-oversized-ultra-plush-blanket-bp32,2025-10-01 09:40
"Port Authority Faux Fur Blanket",port-authority-faux-fur-blanket-bp45,2025-10-01 09:40
"Port Authority Flannel Sherpa Blanket",port-authority-flannel-sherpa-blanket-bp43,2025-10-01 09:40
"Carhartt Rugged Professionalseries Short Sleeve Shirt",carhartt-rugged-professionalseries-short-sleeve-shirt-ct102537,2025-10-01 09:40
"Carhartt Gilliam Vest",carhartt-gilliam-vest-ct102286,2025-10-01 09:40
"Carhartt Rugged Professional Series Long Sleeve Shirt",carhartt-rugged-professional-series-long-sleeve-shirt-ct102538,2025-10-01 09:40
"Carhartt Rugged Flex Rigby Cargo Pant",carhartt-rugged-flex-rigby-cargo-pant-ct103574,2025-10-01 09:40
"Carhartt Cotton Canvas Cap",carhartt-cotton-canvas-cap-ct103938,2025-10-01 09:40
"New Era Snapback Low Profile Trucker Cap",new-era-snapback-low-profile-trucker-cap-ne207,2025-10-01 09:40
"Carhartt Rugged Flex Rigby Cargo Short",carhartt-rugged-flex-rigby-cargo-short-ct103542,2025-10-01 09:40
"Carhartt Gilliam Jacket",carhartt-gilliam-jacket-ct102208,2025-10-01 09:40
"Nike Heritage 86 Cap",nike-heritage-86-cap-102699,2025-10-01 09:40
"Port Authority Beach Wash Visor",port-authority-beach-wash-visor-c944,2025-10-01 09:40
"Sport Tek Contender Headband",sport-tek-contender-headband-sta46,2025-10-01 09:40
"Champion Heritage 7 Oz Jersey Tee",champion-heritage-7-oz-jersey-tee-t105,2025-10-01 09:40
"Champion Reverse Weave Crewneck Sweatshirt",champion-reverse-weave-crewneck-sweatshirt-s149,2025-10-01 09:40
"Champion Reverse Weave Hooded Sweatshirt",champion-reverse-weave-hooded-sweatshirt-s101,2025-10-01 09:40
"Champion Reverse Weave Jogger",champion-reverse-weave-jogger-rw25,2025-10-01 09:40
"Carhartt Duck Detroit Jacket",carhartt-duck-detroit-jacket-ct103828,2025-10-01 09:40
"Carhartt Tall Duck Detroit Jacket",carhartt-tall-duck-detroit-jacket-ctt103828,2025-10-01 09:40
"Champion Reverse Weave Stadium Blanket",champion-reverse-weave-stadium-blanket-rw47,2025-10-01 09:40
"Port Authority Packable Puffy Vest",port-authority-packable-puffy-vest-j851,2025-10-01 09:40
"Port Authority Ladies Packable Puffy Vest",port-authority-ladies-packable-puffy-vest-l851,2025-10-01 09:40
"Carhartt Canvas Work Dungaree",carhartt-canvas-work-dungaree-ctb151,2025-10-01 09:40
"Sport Tek Contender Snapback Cap",sport-tek-contender-snapback-cap-stc44,2025-10-01 09:40
"Port Authority Low Profile Snapback Trucker Cap",port-authority-low-profile-snapback-trucker-cap-c112lp,2025-10-01 09:40
"Sport Tek Action Snapback Cap",sport-tek-action-snapback-cap-stc50,2025-10-01 09:40
"Port Authority Beach Wash Cap",port-authority-beach-wash-cap-c942,2025-10-01 09:40
"Port Authority Beach Wash Mesh Back Cap",port-authority-beach-wash-mesh-back-cap-c943,2025-10-01 09:40
"Sport Tek Action Visor",sport-tek-action-visor-stc51,2025-10-01 09:40
"Sport Tek Yupoong Curve Bill Snapback Cap",sport-tek-yupoong-curve-bill-snapback-cap-stc43,2025-10-01 09:40
"Port Authority Ladies City Stretch Tunic",port-authority-ladies-city-stretch-tunic-lw680,2025-10-01 09:40
"Port Authority Ladies Long Sleeve Performance Staff Shirt",port-authority-ladies-long-sleeve-performance-staff-shirt-lw401,2025-10-01 09:40
"Port Authority Short Sleeve Performance Staff Shirt",port-authority-short-sleeve-performance-staff-shirt-w400,2025-10-01 09:40
"Port Authority Ladies Short Sleeve Performance Staff Shirt",port-authority-ladies-short-sleeve-performance-staff-shirt-lw400,2025-10-01 09:40
"Sport Tek Endeavor Polo",sport-tek-endeavor-polo-st467,2025-10-01 09:40
"Port Authority Packable Puffy Jacket",port-authority-packable-puffy-jacket-j850,2025-10-01 09:40
"Port Authority Ladies Packable Puffy Jacket",port-authority-ladies-packable-puffy-jacket-l850,2025-10-01 09:40
"New Era Ladies Performance Terry Short Sleeve Hoodie",new-era-ladies-performance-terry-short-sleeve-hoodie-lnea533,2025-10-01 09:40
"Sport Tek Digi Camo Tee",sport-tek-digi-camo-tee-st460,2025-10-01 09:40
"Sport Tek Posicharge Competitor Tank",sport-tek-posicharge-competitor-tank-st356,2025-10-01 09:40
"Sport Tek Long Sleeve Digi Camo Tee",sport-tek-long-sleeve-digi-camo-tee-st460ls,2025-10-01 09:40
"Sport Tek Ladies Endeavor 1 2 Zip Pullover",sport-tek-ladies-endeavor-1-2-zip-pullover-lst469,2025-10-01 09:40
"Sport Tek Endeavor 1 2 Zip Pullover",sport-tek-endeavor-1-2-zip-pullover-st469,2025-10-01 09:40
"Port Authority Ladies Cozy 1 4 Zip Fleece",port-authority-ladies-cozy-1-4-zip-fleece-l130,2025-10-01 09:40
"Port Authority Uv Choice Pique Polo",port-authority-uv-choice-pique-polo-k750,2025-10-01 09:40
"New Era Hex Era Bucket Hat",new-era-hex-era-bucket-hat-ne800,2025-10-01 09:40
"Port Authority Ladies Uv Choice Pique Henley",port-authority-ladies-uv-choice-pique-henley-lk750,2025-10-01 09:40
"Port Authority Performance Camouflage Mesh Back Snapback Cap",port-authority-performance-camouflage-mesh-back-snapback-cap-c892,2025-10-01 09:40
"Port Authority Pigment Print Camouflage Mesh Back Cap",port-authority-pigment-print-camouflage-mesh-back-cap-c891,2025-10-01 09:40
"Port Authority Flexfit Melange Mesh Back Trucker Cap",port-authority-flexfit-melange-mesh-back-trucker-cap-c302,2025-10-01 09:40
"Port Authority Flexfit 110 Performance Snapback Cap",port-authority-flexfit-110-performance-snapback-cap-c301,2025-10-01 09:40
"Port Authority Ripstop Cap",port-authority-ripstop-cap-c940,2025-10-01 09:40
"Port Authority Digi Camo Snapback Trucker Cap",port-authority-digi-camo-snapback-trucker-cap-c114,2025-10-01 09:40
"Port Authority Snapback Fine Twill Cap",port-authority-snapback-fine-twill-cap-c801,2025-10-01 09:40
"Port Authority Photo Real Snapback Trucker Cap",port-authority-photo-real-snapback-trucker-cap-c950,2025-10-01 09:40
"Sport Tek Ladies Tricot Track Jacket",sport-tek-ladies-tricot-track-jacket-lst94,2025-10-01 09:40
"Sport Tek Tricot Track Jogger",sport-tek-tricot-track-jogger-pst95,2025-10-01 09:40
"Ogio Ladies Modern Performance Full Zip",ogio-ladies-modern-performance-full-zip-loe703,2025-10-01 09:40
"Sport Tek Youth Tricot Track Jacket",sport-tek-youth-tricot-track-jacket-yst94,2025-10-01 09:40
"Sport Tek Lightweight French Terry 1 4 Zip Pullover",sport-tek-lightweight-french-terry-1-4-zip-pullover-st273,2025-10-01 09:40
"Ogio Modern Performance Full Zip",ogio-modern-performance-full-zip-oe703,2025-10-01 09:40
"Sport Tek Ladies Lightweight French Terry Bomber",sport-tek-ladies-lightweight-french-terry-bomber-lst274,2025-10-01 09:40
"Sport Tek Ladies Long Sleeve Rashguard Tee",sport-tek-ladies-long-sleeve-rashguard-tee-lst470ls,2025-10-01 09:40
"Sport Tek Youth Sport Wick Fleece Short Sleeve Hooded Pullover",sport-tek-youth-sport-wick-fleece-short-sleeve-hooded-pullover-yst251,2025-10-01 09:40
"Sport Tek Ladies Posicharge Tri Blend Wicking Long Sleeve Hoodie",sport-tek-ladies-posicharge-tri-blend-wicking-long-sleeve-hoodie-lst406,2025-10-01 09:40
"Sport Tek Packable Anorak",sport-tek-packable-anorak-jst66,2025-10-01 09:40
"Sport Tek Lightweight French Terry Bomber",sport-tek-lightweight-french-terry-bomber-st274,2025-10-01 09:40
"Sport Tek Sport Wick Fleece Short Sleeve Hooded Pullover",sport-tek-sport-wick-fleece-short-sleeve-hooded-pullover-st251,2025-10-01 09:40
"Sport Tek Ladies Tricot Track Jogger",sport-tek-ladies-tricot-track-jogger-lpst95,2025-10-01 09:40
"Sport Tek Tricot Track Jacket",sport-tek-tricot-track-jacket-jst94,2025-10-01 09:40
"Sport Tek Ladies Posicharge Tri Blend Wicking Draft Hoodie Tank",sport-tek-ladies-posicharge-tri-blend-wicking-draft-hoodie-tank-lst410,2025-10-01 09:40
"Sport Tek Ladies Rashguard Tee",sport-tek-ladies-rashguard-tee-lst470,2025-10-01 09:40
"Sport Tek Rashguard Tee",sport-tek-rashguard-tee-st470,2025-10-01 09:40
"Sport Tek Long Sleeve Rashguard Tee",sport-tek-long-sleeve-rashguard-tee-st470ls,2025-10-01 09:40
"Sport Tek Posicharge Tri Blend Wicking Long Sleeve Hoodie",sport-tek-posicharge-tri-blend-wicking-long-sleeve-hoodie-st406,2025-10-01 09:40
"Sport Tek Posicharge Tri Blend Wicking Short Sleeve Hoodie",sport-tek-posicharge-tri-blend-wicking-short-sleeve-hoodie-st404,2025-10-01 09:40
"Nike Dry 1 2 Zip Cover Up",nike-dry-1-2-zip-cover-up-nkbv6044,2025-10-01 09:40
"Nike Ladies Dry Essential Solid Polo",nike-ladies-dry-essential-solid-polo-nkbv6043,2025-10-01 09:40
"Port Company Core Fleece 1 4 Zip Pullover Sweatshirt",port-company-core-fleece-1-4-zip-pullover-sweatshirt-pc78q,2025-10-01 09:40
"Port Company Tall Core Fleece Pullover Hooded Sweatshirt",port-company-tall-core-fleece-pullover-hooded-sweatshirt-pc78ht,2025-10-01 09:40
"Port Company Youth Crystal Tie Dye Tee",port-company-youth-crystal-tie-dye-tee-pc145y,2025-10-01 09:40
"Port Company Crystal Tie Dye Tee",port-company-crystal-tie-dye-tee-pc145,2025-10-01 09:40
"New Era Coaches Jacket",new-era-coaches-jacket-nea601,2025-10-01 09:40
"New Era Ladies Slub Twist Polo",new-era-ladies-slub-twist-polo-lnea301,2025-10-01 09:40
"New Era Slub Twist Polo",new-era-slub-twist-polo-nea301,2025-10-01 09:40
"Port Authority Ladies Silk Touch Performance 1 4 Zip",port-authority-ladies-silk-touch-performance-1-4-zip-lk584,2025-10-01 09:40
"Port Authority Ladies Essential Rain Jacket",port-authority-ladies-essential-rain-jacket-l407,2025-10-01 09:40
"Ogio Ladies Pulse Phantom Tank",ogio-ladies-pulse-phantom-tank-loe323,2025-10-01 09:40
"Ogio Ladies Jewel Henley",ogio-ladies-jewel-henley-log104,2025-10-01 09:40
"Ogio Force 1 4 Zip",ogio-force-1-4-zip-oe341,2025-10-01 09:40
"The North Face Apex Dryvent Jacket",the-north-face-apex-dryvent-jacket-nf0a47fi,2025-10-01 09:40
"Sport Tek Ladies Posicharge Tri Blend Wicking Fleece Crop Hooded Pullover",sport-tek-ladies-posicharge-tri-blend-wicking-fleece-crop-hooded-pullover-lst298,2025-10-01 09:40
"New Era Tonal Camo Stretch Tech Mesh Cap",new-era-tonal-camo-stretch-tech-mesh-cap-ne1091,2025-10-01 09:40
"New Era On Field Knit Beanie",new-era-on-field-knit-beanie-ne906,2025-10-01 09:40
"Port Authority Value Beach Towel",port-authority-value-beach-towel-pt44,2025-10-01 09:40
"Port Authority Value Cabana Stripe Beach Towel",port-authority-value-cabana-stripe-beach-towel-pt45,2025-10-01 09:40
"Port Authority Grommeted Hemmed Towel",port-authority-grommeted-hemmed-towel-pt400,2025-10-01 09:40
"Port Authority Hemmed Towel",port-authority-hemmed-towel-pt390,2025-10-01 09:40
"Port Authority Sublimation Rally Towel",port-authority-sublimation-rally-towel-pt48,2025-10-01 09:40
"Port Authority Sublimation Beach Towel",port-authority-sublimation-beach-towel-pt49,2025-10-01 09:40
"Port Authority Insulated Waterproof Tech Jacket",port-authority-insulated-waterproof-tech-jacket-j405,2025-10-01 09:40
"Sport Tek Posicharge Tri Blend Wicking Raglan Tee",sport-tek-posicharge-tri-blend-wicking-raglan-tee-st400,2025-10-01 09:40
"Sport Tek Youth Posicharge Competitor 1 4 Zip Pullover",sport-tek-youth-posicharge-competitor-1-4-zip-pullover-yst357,2025-10-01 09:40
"Carhartt Tall Thermal Lined Duck Active Jac",carhartt-tall-thermal-lined-duck-active-jac-cttj131,2025-10-01 09:40
"Sport Tek Youth Posi Uv Pro Tee",sport-tek-youth-posi-uv-pro-tee-yst420,2025-10-01 09:40
"Sport Tek Posi Uv Pro Long Sleeve Polo",sport-tek-posi-uv-pro-long-sleeve-polo-st520ls,2025-10-01 09:40
"Sport Tek Ladies Posi Uv Pro Polo",sport-tek-ladies-posi-uv-pro-polo-lst520,2025-10-01 09:40
"Sport Tek Triumph 1 4 Zip Pullover",sport-tek-triumph-1-4-zip-pullover-st281,2025-10-01 09:40
"Sport Tek Triumph Hooded Pullover",sport-tek-triumph-hooded-pullover-st280,2025-10-01 09:40
"Port Authority Silk Touch Performance Colorblock Stripe Polo",port-authority-silk-touch-performance-colorblock-stripe-polo-k547,2025-10-01 09:40
"Port Authority Silk Touch Performance Long Sleeve Polo",port-authority-silk-touch-performance-long-sleeve-polo-k540ls,2025-10-01 09:40
"Port Authority Silk Touch Performance Pocket Polo",port-authority-silk-touch-performance-pocket-polo-k540p,2025-10-01 09:40
"Cornerstone Washed Duck Cloth Insulated Hooded Work Jacket",cornerstone-washed-duck-cloth-insulated-hooded-work-jacket-csj41,2025-10-01 09:40
"Cornerstone Washed Duck Cloth Flannel Lined Work Jacket",cornerstone-washed-duck-cloth-flannel-lined-work-jacket-csj40,2025-10-01 09:40
"Sport Tek Ladies Posicharge Tri Blend Wicking Scoop Neck Raglan Tee",sport-tek-ladies-posicharge-tri-blend-wicking-scoop-neck-raglan-tee-lst400,2025-10-01 09:40
"Ogio Fulcrum 1 4 Zip",ogio-fulcrum-1-4-zip-oe701,2025-10-01 09:40
"Ogio Trainer Jacket",ogio-trainer-jacket-oe710,2025-10-01 09:40
"Port Company Ladies Core Blend Tee",port-company-ladies-core-blend-tee-lpc55,2025-10-01 09:40
"Port Company Core Cotton Pocket Tee",port-company-core-cotton-pocket-tee-pc54p,2025-10-01 09:40
"Port Company Ladies Core Blend Pique Polo",port-company-ladies-core-blend-pique-polo-lkp155,2025-10-01 09:40
"Sport Tek Ladies Heather Contender Polo",sport-tek-ladies-heather-contender-polo-lst660,2025-10-01 09:40
"Port Authority Ladies Silk Touch Performance Colorblock Stripe Polo",port-authority-ladies-silk-touch-performance-colorblock-stripe-polo-l547,2025-10-01 09:40
"Port Authority Diamond Jacquard Polo",port-authority-diamond-jacquard-polo-k569,2025-10-01 09:40
"Ogio Ladies Pivot Soft Shell",ogio-ladies-pivot-soft-shell-loe721,2025-10-01 09:40
"Ogio Pivot Soft Shell",ogio-pivot-soft-shell-oe721,2025-10-01 09:40
"Ogio Ladies Crux Soft Shell",ogio-ladies-crux-soft-shell-loe720,2025-10-01 09:40
"Ogio Crux Soft Shell",ogio-crux-soft-shell-oe720,2025-10-01 09:40
