Product Name,Product Slug,Last Modified
"Ogio Ladies Fulcrum Full Zip",ogio-ladies-fulcrum-full-zip-loe700,2025-10-01 09:40
"Ogio Fulcrum Full Zip",ogio-fulcrum-full-zip-oe700,2025-10-01 09:40
"Sport Tek Tech Fleece Hooded Sweatshirt",sport-tek-tech-fleece-hooded-sweatshirt-st250,2025-10-01 09:40
"Port Company Youth Six Panel Unstructured Twill Cap",port-company-youth-six-panel-unstructured-twill-cap-yc914,2025-10-01 09:40
"Ogio Fulcrum Beanie",ogio-fulcrum-beanie-oe652,2025-10-01 09:40
"Ogio Apex Cap",ogio-apex-cap-oe650,2025-10-01 09:40
"Port Authority Adjustable Mesh Back Cap",port-authority-adjustable-mesh-back-cap-c911,2025-10-01 09:40
"Sport Tek Lace Up Pullover Hooded Sweatshirt",sport-tek-lace-up-pullover-hooded-sweatshirt-st271,2025-10-01 09:40
"Port Authority Ladies Dimension Knit Dress Shirt",port-authority-ladies-dimension-knit-dress-shirt-l570,2025-10-01 09:40
"Port Authority Ladies Diamond Jacquard Polo",port-authority-ladies-diamond-jacquard-polo-l569,2025-10-01 09:40
"Port Authority Short Sleeve Superpro Oxford Shirt",port-authority-short-sleeve-superpro-oxford-shirt-s659,2025-10-01 09:40
"Port Authority Ladies Short Sleeve Superpro Oxford Shirt",port-authority-ladies-short-sleeve-superpro-oxford-shirt-l659,2025-10-01 09:40
"Sport Tek Ladies Micropique Sport Wick Piped Polo",sport-tek-ladies-micropique-sport-wick-piped-polo-lst653,2025-10-01 09:40
"Sport Tek Micropique Sport Wick Piped Polo",sport-tek-micropique-sport-wick-piped-polo-st653,2025-10-01 09:40
"Ogio Ladies Framework Polo",ogio-ladies-framework-polo-log125,2025-10-01 09:40
"Ogio Framework Polo",ogio-framework-polo-og125,2025-10-01 09:40
"Sport Tek Pique Colorblock Cap",sport-tek-pique-colorblock-cap-stc24,2025-10-01 09:40
"Sport Tek Camohex Cap",sport-tek-camohex-cap-stc23,2025-10-01 09:40
"Ogio Ladies Nexus 1 4 Zip Pullover",ogio-ladies-nexus-1-4-zip-pullover-loe335,2025-10-01 09:40
"Ogio Nexus 1 4 Zip Pullover",ogio-nexus-1-4-zip-pullover-oe335,2025-10-01 09:40
"Ogio Pulse Crew",ogio-pulse-crew-oe320,2025-10-01 09:40
"Port Authority Ladies Dry Zone Grid Polo",port-authority-ladies-dry-zone-grid-polo-l572,2025-10-01 09:40
"Port Authority Dry Zone Grid Polo",port-authority-dry-zone-grid-polo-k572,2025-10-01 09:40
"Port Authority Superpro Oxford Shirt",port-authority-superpro-oxford-shirt-s658,2025-10-01 09:40
"Port Authority Ladies Superpro Oxford Shirt",port-authority-ladies-superpro-oxford-shirt-l658,2025-10-01 09:40
"Eddie Bauer Weather Resist Soft Shell Jacket",eddie-bauer-weather-resist-soft-shell-jacket-eb538,2025-10-01 09:40
"Eddie Bauer Ladies Weather Resist Soft Shell Jacket",eddie-bauer-ladies-weather-resist-soft-shell-jacket-eb539,2025-10-01 09:40
"Red Kap Short Sleeve Ripstop Crew Shirt",red-kap-short-sleeve-ripstop-crew-shirt-sy20,2025-10-01 09:40
"Sport Tek Posicharge Racermesh Visor",sport-tek-posicharge-racermesh-visor-stc27,2025-10-01 09:40
"Sport Tek Youth Posicharge Racermesh Cap",sport-tek-youth-posicharge-racermesh-cap-ystc26,2025-10-01 09:40
"Sport Tek Youth Heather Contender Tee",sport-tek-youth-heather-contender-tee-yst360,2025-10-01 09:40
"Port Authority Ladies Cotton Touch Performance Polo",port-authority-ladies-cotton-touch-performance-polo-l568,2025-10-01 09:40
"Port Authority Cotton Touch Performance Polo",port-authority-cotton-touch-performance-polo-k568,2025-10-01 09:40
"Port Authority Ladies All Conditions Jacket",port-authority-ladies-all-conditions-jacket-l331,2025-10-01 09:40
"Port Authority All Conditions Jacket",port-authority-all-conditions-jacket-j331,2025-10-01 09:40
"Port Authority Fleece Poly Travel Blanket",port-authority-fleece-poly-travel-blanket-tb850,2025-10-01 09:40
"Port Authority Core Fleece Blanket",port-authority-core-fleece-blanket-bp60,2025-10-01 09:40
"Port Authority Reversible Charger Vest",port-authority-reversible-charger-vest-j7490,2025-10-01 09:40
"Port Authority Vortex Waterproof 3 In 1 Jacket",port-authority-vortex-waterproof-3-in-1-jacket-j332,2025-10-01 09:40
"Eddie Bauer Hooded Soft Shell Parka",eddie-bauer-hooded-soft-shell-parka-eb536,2025-10-01 09:40
"Eddie Bauer Ladies Hooded Soft Shell Parka",eddie-bauer-ladies-hooded-soft-shell-parka-eb537,2025-10-01 09:40
"Port Authority Outdoor Wide Brim Hat",port-authority-outdoor-wide-brim-hat-c920,2025-10-01 09:40
"Port Authority Pigment Print Distressed Cap",port-authority-pigment-print-distressed-cap-c924,2025-10-01 09:40
"Ogio Fulcrum Pant",ogio-fulcrum-pant-oe400,2025-10-01 09:40
"Sport Tek Colorblock Micropique Sport Wick Polo",sport-tek-colorblock-micropique-sport-wick-polo-st652,2025-10-01 09:40
"Sport Tek Youth Sport Wick Fleece Colorblock Hooded Pullover",sport-tek-youth-sport-wick-fleece-colorblock-hooded-pullover-yst235,2025-10-01 09:40
"Bulwark Excel Fr Comfortouch Dress Uniform Shirt",bulwark-excel-fr-comfortouch-dress-uniform-shirt-slu2,2025-10-01 09:40
"Port Authority Torrent Waterproof Pant",port-authority-torrent-waterproof-pant-pt333,2025-10-01 09:40
"Sport Tek Stripe Pom Pom Beanie",sport-tek-stripe-pom-pom-beanie-stc28,2025-10-01 09:40
"Port Authority Uniforming Twill Cap",port-authority-uniforming-twill-cap-c913,2025-10-01 09:40
"Port Authority Soft Shell Bomber Jacket",port-authority-soft-shell-bomber-jacket-j337,2025-10-01 09:40
"Port Authority Active Hooded Soft Shell Jacket",port-authority-active-hooded-soft-shell-jacket-j719,2025-10-01 09:40
"Port Authority Active Soft Shell Jacket",port-authority-active-soft-shell-jacket-j717,2025-10-01 09:40
"Port Authority 5 Panel Snapback Cap",port-authority-5-panel-snapback-cap-c932,2025-10-01 09:40
"New Era Tech Mesh Cap",new-era-tech-mesh-cap-ne1090,2025-10-01 09:40
"Ogio Stride Mesh Cap",ogio-stride-mesh-cap-oe653,2025-10-01 09:40
"Port Authority Two Color Mesh Back Cap",port-authority-two-color-mesh-back-cap-c923,2025-10-01 09:40
"Port Authority Digital Ripstop Camouflage Cap",port-authority-digital-ripstop-camouflage-cap-c925,2025-10-01 09:40
"Port Authority Girls Silk Touch Peter Pan Collar Polo",port-authority-girls-silk-touch-peter-pan-collar-polo-yg503,2025-10-01 09:40
"Port Authority Cabana Stripe Beach Towel",port-authority-cabana-stripe-beach-towel-pt43,2025-10-01 09:40
"Port Authority Lifestyle Brim Hat",port-authority-lifestyle-brim-hat-c921,2025-10-01 09:40
"Port Authority Merge 3 In 1 Jacket",port-authority-merge-3-in-1-jacket-j338,2025-10-01 09:40
"Port Authority Zephyr 1 2 Zip Pullover",port-authority-zephyr-1-2-zip-pullover-j343,2025-10-01 09:40
"Port Authority Structured Camouflage Mesh Back Cap",port-authority-structured-camouflage-mesh-back-cap-c930,2025-10-01 09:40
"Port Authority Flexfit Wool Blend Cap",port-authority-flexfit-wool-blend-cap-c928,2025-10-01 09:40
"Sport Tek Striped Beanie With Solid Band",sport-tek-striped-beanie-with-solid-band-stc31,2025-10-01 09:40
"Port Authority Bucket Hat",port-authority-bucket-hat-pwsh2,2025-10-01 09:40
"Port Authority Unstructured Camouflage Mesh Back Cap",port-authority-unstructured-camouflage-mesh-back-cap-c929,2025-10-01 09:40
"Ogio Flash Jacket",ogio-flash-jacket-oe711,2025-10-01 09:40
"Port Authority Northwest Slicker",port-authority-northwest-slicker-j7710,2025-10-01 09:40
"Port Authority Ladies Active Hooded Soft Shell Jacket",port-authority-ladies-active-hooded-soft-shell-jacket-l719,2025-10-01 09:40
"Eddie Bauer Ladies Weatheredge Plus Insulated Jacket",eddie-bauer-ladies-weatheredge-plus-insulated-jacket-eb555,2025-10-01 09:40
"Ogio Ladies Brink Soft Shell",ogio-ladies-brink-soft-shell-loe722,2025-10-01 09:40
"Sport Tek Heather Contender Polo",sport-tek-heather-contender-polo-st660,2025-10-01 09:40
"Sport Tek Youth Posicharge Electric Heather Tee",sport-tek-youth-posicharge-electric-heather-tee-yst390,2025-10-01 09:40
"District Super Soft Mesh Back Cap",district-super-soft-mesh-back-cap-dt630,2025-10-01 09:40
"Ogio Circuit Cap",ogio-circuit-cap-oe654,2025-10-01 09:40
"Sport Tek Youth Sport Wick Mineral Freeze Fleece Colorblock Hooded Pullover",sport-tek-youth-sport-wick-mineral-freeze-fleece-colorblock-hooded-pullover-yst231,2025-10-01 09:40
"Port Authority Tall Core Classic Pique Polo",port-authority-tall-core-classic-pique-polo-tlk100,2025-10-01 09:40
"Port Company Core Cotton Sleeveless Tee",port-company-core-cotton-sleeveless-tee-pc54sl,2025-10-01 09:40
"Ogio Flux Cap",ogio-flux-cap-og601,2025-10-01 09:40
"New Era Diamond Era Stretch Cap",new-era-diamond-era-stretch-cap-ne1121,2025-10-01 09:40
"Sport Tek Ladies 7 8 Legging",sport-tek-ladies-7-8-legging-lpst890,2025-10-01 09:40
"New Era Original Fit Diamond Era Flat Bill Snapback Cap",new-era-original-fit-diamond-era-flat-bill-snapback-cap-ne404,2025-10-01 09:40
"Sport Tek Posicharge Racermesh Polo",sport-tek-posicharge-racermesh-polo-st640,2025-10-01 09:40
"Sport Tek Posicharge Racermesh Raglan Heather Block Polo",sport-tek-posicharge-racermesh-raglan-heather-block-polo-st641,2025-10-01 09:40
"The North Face Apex Barrier Soft Shell Jacket",the-north-face-apex-barrier-soft-shell-jacket-nf0a3lgt,2025-10-01 09:40
"Port Authority Tall Superpro Twill Shirt",port-authority-tall-superpro-twill-shirt-ts663,2025-10-01 09:40
"Eddie Bauer Weatheredge Plus Insulated Jacket",eddie-bauer-weatheredge-plus-insulated-jacket-eb554,2025-10-01 09:40
"The North Face Ladies Ridgewall Soft Shell Jacket",the-north-face-ladies-ridgewall-soft-shell-jacket-nf0a3lgy,2025-10-01 09:40
"The North Face Ladies Apex Barrier Soft Shell Jacket",the-north-face-ladies-apex-barrier-soft-shell-jacket-nf0a3lgu,2025-10-01 09:40
"The North Face Ridgewall Soft Shell Vest",the-north-face-ridgewall-soft-shell-vest-nf0a3lgz,2025-10-01 09:40
"The North Face Ladies Dryvent Rain Jacket",the-north-face-ladies-dryvent-rain-jacket-nf0a3lh5,2025-10-01 09:40
"The North Face Ladies Thermoball Trekker Jacket",the-north-face-ladies-thermoball-trekker-jacket-nf0a3lhk,2025-10-01 09:40
"The North Face Ladies Thermoball Trekker Vest",the-north-face-ladies-thermoball-trekker-vest-nf0a3lhl,2025-10-01 09:40
"The North Face Dryvent Rain Jacket",the-north-face-dryvent-rain-jacket-nf0a3lh4,2025-10-01 09:40
"The North Face Thermoball Trekker Vest",the-north-face-thermoball-trekker-vest-nf0a3lhd,2025-10-01 09:40
"The North Face Ladies Ridgewall Soft Shell Vest",the-north-face-ladies-ridgewall-soft-shell-vest-nf0a3lh1,2025-10-01 09:40
"The North Face Sweater Fleece Jacket",the-north-face-sweater-fleece-jacket-nf0a3lh7,2025-10-01 09:40
"New Era Original Fit Snapback Trucker Cap",new-era-original-fit-snapback-trucker-cap-ne403,2025-10-01 09:40
"Port Authority Tall Ezcotton",port-authority-tall-ezcotton-polotk8000,2025-10-01 09:40
"Port Authority Ladies Plaid Flannel Tunic",port-authority-ladies-plaid-flannel-tunic-lw668,2025-10-01 09:40
"New Era Youth Cage Short Sleeve 1 4 Zip Jacket",new-era-youth-cage-short-sleeve-1-4-zip-jacket-ynea600,2025-10-01 09:40
"New Era Cage Short Sleeve 1 4 Zip Jacket",new-era-cage-short-sleeve-1-4-zip-jacket-nea600,2025-10-01 09:40
"New Era Diamond Era Full Button Jersey",new-era-diamond-era-full-button-jersey-nea220,2025-10-01 09:40
"New Era Youth Series Performance Crew Tee",new-era-youth-series-performance-crew-tee-ynea200,2025-10-01 09:40
"New Era Youth Diamond Era Full Button Jersey",new-era-youth-diamond-era-full-button-jersey-ynea220,2025-10-01 09:40
"Port Authority Long Sleeve Carefree Poplin Shirt",port-authority-long-sleeve-carefree-poplin-shirt-w100,2025-10-01 09:40
"Port Authority Tall Long Sleeve Carefree Poplin Shirt",port-authority-tall-long-sleeve-carefree-poplin-shirt-tw100,2025-10-01 09:40
"Port Authority Ladies 3 4 Sleeve Carefree Poplin Shirt",port-authority-ladies-3-4-sleeve-carefree-poplin-shirt-lw102,2025-10-01 09:40
"Port Authority Short Sleeve Carefree Poplin Shirt",port-authority-short-sleeve-carefree-poplin-shirt-w101,2025-10-01 09:40
"Port Authority Tall Superpro Oxford Shirt",port-authority-tall-superpro-oxford-shirt-ts658,2025-10-01 09:40
"Port Authority Back Block Soft Shell Jacket",port-authority-back-block-soft-shell-jacket-j336,2025-10-01 09:40
"Cornerstone Washed Duck Cloth Vest",cornerstone-washed-duck-cloth-vest-csv40,2025-10-01 09:40
"New Era Shadow Stretch Mesh Cap",new-era-shadow-stretch-mesh-cap-ne702,2025-10-01 09:40
"New Era Snapback Trucker Cap",new-era-snapback-trucker-cap-ne205,2025-10-01 09:40
"Eddie Bauer Ladies Trail Soft Shell Jacket",eddie-bauer-ladies-trail-soft-shell-jacket-eb543,2025-10-01 09:40
"Eddie Bauer Trail Soft Shell Jacket",eddie-bauer-trail-soft-shell-jacket-eb542,2025-10-01 09:40
"Eddie Bauer Weatheredge Plus 3 In 1 Jacket",eddie-bauer-weatheredge-plus-3-in-1-jacket-eb556,2025-10-01 09:40
"Sport Tek Posicharge Racermesh Cap",sport-tek-posicharge-racermesh-cap-stc26,2025-10-01 09:40
"Sport Tek Sport Wick Stretch Contrast 1 4 Zip Pullover",sport-tek-sport-wick-stretch-contrast-1-4-zip-pullover-st854,2025-10-01 09:40
"Port Authority Flexfit 110 Dry Mini Pique Cap",port-authority-flexfit-110-dry-mini-pique-cap-c934,2025-10-01 09:40
"Port Authority Rib Knit Slouch Beanie",port-authority-rib-knit-slouch-beanie-c935,2025-10-01 09:40
"Port Authority Ladies Long Sleeve Carefree Poplin Shirt",port-authority-ladies-long-sleeve-carefree-poplin-shirt-lw100,2025-10-01 09:40
"New Era Interception Cap",new-era-interception-cap-ne1100,2025-10-01 09:40
"Port Authority Ladies Zephyr Full Zip Jacket",port-authority-ladies-zephyr-full-zip-jacket-l344,2025-10-01 09:40
"Port Authority Zephyr Full Zip Jacket",port-authority-zephyr-full-zip-jacket-j344,2025-10-01 09:40
"Port Authority Picnic Blanket",port-authority-picnic-blanket-bp70,2025-10-01 09:40
"Port Authority Youth Core Classic Pique Polo",port-authority-youth-core-classic-pique-polo-y100,2025-10-01 09:40
"Sport Tek Posicharge Competitor Headband",sport-tek-posicharge-competitor-headband-sta35,2025-10-01 09:40
"Sport Tek Youth Camohex Tee",sport-tek-youth-camohex-tee-yst370,2025-10-01 09:40
"Sport Tek Embossed Posicharge Tough Polo",sport-tek-embossed-posicharge-tough-polo-st630,2025-10-01 09:40
"Port Authority Ladies 3 4 Sleeve Superpro Twill Shirt",port-authority-ladies-3-4-sleeve-superpro-twill-shirt-l665,2025-10-01 09:40
"Port Authority Ladies Active Soft Shell Jacket",port-authority-ladies-active-soft-shell-jacket-l717,2025-10-01 09:40
"Port Authority Ladies Northwest Slicker",port-authority-ladies-northwest-slicker-l7710,2025-10-01 09:40
"Port Authority Active 1 2 Zip Soft Shell Jacket",port-authority-active-1-2-zip-soft-shell-jacket-j716,2025-10-01 09:40
"Sport Tek Zipped Pocket Anorak",sport-tek-zipped-pocket-anorak-jst65,2025-10-01 09:40
"Port Authority Ladies Hybrid Soft Shell Jacket",port-authority-ladies-hybrid-soft-shell-jacket-l787,2025-10-01 09:40
"Port Authority Hybrid Soft Shell Jacket",port-authority-hybrid-soft-shell-jacket-j787,2025-10-01 09:40
"New Era Knit Beanie",new-era-knit-beanie-ne900,2025-10-01 09:40
"New Era Sideline Beanie",new-era-sideline-beanie-ne902,2025-10-01 09:40
"New Era Ribbed Tailgate Beanie",new-era-ribbed-tailgate-beanie-ne903,2025-10-01 09:40
"Sport Tek Youth Short Sleeve Colorblock Raglan Jersey",sport-tek-youth-short-sleeve-colorblock-raglan-jersey-yt201,2025-10-01 09:40
"Sport Tek Short Sleeve Colorblock Raglan Jersey",sport-tek-short-sleeve-colorblock-raglan-jersey-t201,2025-10-01 09:40
"Sport Tek Youth Posicharge Racermesh Tee",sport-tek-youth-posicharge-racermesh-tee-yst340,2025-10-01 09:40
"Nike Swoosh Legacy 91 Cap",nike-swoosh-legacy-91-cap-779797,2025-10-01 09:40
"Port Authority Superpro Twill Shirt",port-authority-superpro-twill-shirt-s663,2025-10-01 09:40
"Port Authority Short Sleeve Superpro Twill Shirt",port-authority-short-sleeve-superpro-twill-shirt-s664,2025-10-01 09:40
"Port Authority Ladies Superpro Twill Shirt",port-authority-ladies-superpro-twill-shirt-l663,2025-10-01 09:40
"Port Authority Ladies Short Sleeve Superpro Twill Shirt",port-authority-ladies-short-sleeve-superpro-twill-shirt-l664,2025-10-01 09:40
"Sport Tek Sport Wick Textured 1 4 Zip Pullover",sport-tek-sport-wick-textured-1-4-zip-pullover-st860,2025-10-01 09:40
"Sport Tek Sport Wick Stretch Contrast Full Zip Jacket",sport-tek-sport-wick-stretch-contrast-full-zip-jacket-st853,2025-10-01 09:40
"Sport Tek Youth Posicharge Racermesh Polo",sport-tek-youth-posicharge-racermesh-polo-yst640,2025-10-01 09:40
"Sport Tek Youth Sport Wick Camohex Fleece Hooded Pullover",sport-tek-youth-sport-wick-camohex-fleece-hooded-pullover-yst240,2025-10-01 09:40
"Sport Tek Youth Sport Wick Camohex Fleece Colorblock Hooded Pullover",sport-tek-youth-sport-wick-camohex-fleece-colorblock-hooded-pullover-yst239,2025-10-01 09:40
"Port Company Beach Wash Garment Dyed Sweatshirt",port-company-beach-wash-garment-dyed-sweatshirt-pc098,2025-10-01 09:40
"Red Kap Lab Coat",red-kap-lab-coat-kp14,2025-10-01 09:40
"Sport Tek Tall Heather Contender Tee",sport-tek-tall-heather-contender-tee-tst360,2025-10-01 09:40
"Port Authority Tall Silk Touch Long Sleeve Polo",port-authority-tall-silk-touch-long-sleeve-polo-tlk500ls,2025-10-01 09:40
"Port Company Ladies Core Cotton Tee",port-company-ladies-core-cotton-tee-lpc54,2025-10-01 09:40
"Port Authority Dimension Knit Dress Shirt",port-authority-dimension-knit-dress-shirt-k570,2025-10-01 09:40
"Red Kap Short Sleeve Solid Ripstop Shirt",red-kap-short-sleeve-solid-ripstop-shirt-sy60,2025-10-01 09:40
"Port Authority Ladies Vortex Waterproof 3 In 1 Jacket",port-authority-ladies-vortex-waterproof-3-in-1-jacket-l332,2025-10-01 09:40
"Sport Tek Youth Sport Wick Fleece Full Zip Jacket",sport-tek-youth-sport-wick-fleece-full-zip-jacket-yst241,2025-10-01 09:40
"Port Company Tall Long Sleeve Essential Pocket Tee",port-company-tall-long-sleeve-essential-pocket-tee-pc61lspt,2025-10-01 09:40
"Port Company Tall Essential Pocket Tee",port-company-tall-essential-pocket-tee-pc61pt,2025-10-01 09:40
"Port Company Core Blend Pique Polo",port-company-core-blend-pique-polo-kp155,2025-10-01 09:40
"Sport Tek Tall Posicharge Competitor Tee",sport-tek-tall-posicharge-competitor-tee-tst350,2025-10-01 09:40
"Port Company Youth Core Blend Jersey Knit Polo",port-company-youth-core-blend-jersey-knit-polo-kp55y,2025-10-01 09:40
"Port Company Core Blend Jersey Knit Pocket Polo",port-company-core-blend-jersey-knit-pocket-polo-kp55p,2025-10-01 09:40
"Red Kap Long Size Short Sleeve Industrial Work Shirt",red-kap-long-size-short-sleeve-industrial-work-shirt-sp24long,2025-10-01 09:40
"Red Kap Industrial Cargo Short",red-kap-industrial-cargo-short-pt66,2025-10-01 09:40
"Red Kap Long Size Long Sleeve Industrial Work Shirt",red-kap-long-size-long-sleeve-industrial-work-shirt-sp14long,2025-10-01 09:40
"Sport Tek Posicharge Replica Jersey",sport-tek-posicharge-replica-jersey-st307,2025-10-01 09:40
"Ogio Linear Polo",ogio-linear-polo-og1030,2025-10-01 09:40
"Ogio Gauge Polo",ogio-gauge-polo-og122,2025-10-01 09:40
"Ogio Ladies Gauge Polo",ogio-ladies-gauge-polo-log122,2025-10-01 09:40
"Port Authority Tall Silk Touch Performance Polo",port-authority-tall-silk-touch-performance-polo-tlk540,2025-10-01 09:40
"Port Company Tall Essential Fleece Full Zip Hooded Sweatshirt",port-company-tall-essential-fleece-full-zip-hooded-sweatshirt-pc90zht,2025-10-01 09:40
"Port Company Tall Essential Fleece Crewneck Sweatshirt",port-company-tall-essential-fleece-crewneck-sweatshirt-pc90t,2025-10-01 09:40
"Port Company Tall Core Blend Jersey Knit Polo",port-company-tall-core-blend-jersey-knit-polo-kp55t,2025-10-01 09:40
"Port Company Tall Core Blend Pocket Tee",port-company-tall-core-blend-pocket-tee-pc55pt,2025-10-01 09:40
"Port Authority Americana Flag Sandwich Cap",port-authority-americana-flag-sandwich-cap-c829,2025-10-01 09:40
"Sport Tek Insulated Letterman Jacket",sport-tek-insulated-letterman-jacket-jst82,2025-10-01 09:40
"Sport Tek Raglan Colorblock Pullover Hooded Sweatshirt",sport-tek-raglan-colorblock-pullover-hooded-sweatshirt-st267,2025-10-01 09:40
"Sport Tek Fleece Letterman Jacket",sport-tek-fleece-letterman-jacket-st270,2025-10-01 09:40
"Sport Tek Youth Heather Colorblock Contender Tee",sport-tek-youth-heather-colorblock-contender-tee-yst361,2025-10-01 09:40
"Sport Tek Youth Long Sleeve Posicharge Competitor Tee",sport-tek-youth-long-sleeve-posicharge-competitor-tee-yst350ls,2025-10-01 09:40
"Sport Tek Posicharge Active Textured Colorblock Polo",sport-tek-posicharge-active-textured-colorblock-polo-st695,2025-10-01 09:40
"Sport Tek Heather Colorblock Contender Polo",sport-tek-heather-colorblock-contender-polo-st665,2025-10-01 09:40
"Port Authority Easy Care Full Length Apron With Stain Release",port-authority-easy-care-full-length-apron-with-stain-release-a703,2025-10-01 09:40
"Port Authority Easy Care Extra Long Bib Apron With Stain Release",port-authority-easy-care-extra-long-bib-apron-with-stain-release-a700,2025-10-01 09:40
"Port Authority Easy Care Full Bistro Apron With Stain Release",port-authority-easy-care-full-bistro-apron-with-stain-release-a701,2025-10-01 09:40
"Port Authority Waffle Microfiber Golf Towel",port-authority-waffle-microfiber-golf-towel-tw60,2025-10-01 09:40
"Port Authority Grommeted Microfiber Golf Towel",port-authority-grommeted-microfiber-golf-towel-tw530,2025-10-01 09:40
"Port Authority Microfiber Golf Towel",port-authority-microfiber-golf-towel-tw540,2025-10-01 09:40
"Port Authority Easy Care Waist Apron With Stain Release",port-authority-easy-care-waist-apron-with-stain-release-a702,2025-10-01 09:40
"Port Authority Stadium Seat",port-authority-stadium-seat-bg601,2025-10-01 09:40
"Sport Tek Tall Long Sleeve Posicharge Competitor Tee",sport-tek-tall-long-sleeve-posicharge-competitor-tee-tst350ls,2025-10-01 09:40
"Red Kap Industrial Cargo Pant",red-kap-industrial-cargo-pant-pt88,2025-10-01 09:40
"Sport Tek Flexfit Cool Dry Poly Block Mesh Cap",sport-tek-flexfit-cool-dry-poly-block-mesh-cap-stc22,2025-10-01 09:40
"Sport Tek Youth Sport Wick Fleece Hooded Pullover",sport-tek-youth-sport-wick-fleece-hooded-pullover-yst244,2025-10-01 09:40
"Sport Tek Sport Wick Fleece Colorblock Hooded Pullover",sport-tek-sport-wick-fleece-colorblock-hooded-pullover-st235,2025-10-01 09:40
"Sport Tek Repel Fleece Hooded Pullover",sport-tek-repel-fleece-hooded-pullover-st290,2025-10-01 09:40
"Port Authority Ladies Concept Stretch Button Front Cardigan",port-authority-ladies-concept-stretch-button-front-cardigan-lm1008,2025-10-01 09:40
"Port Authority Easy Care Cobbler Apron With Stain Release",port-authority-easy-care-cobbler-apron-with-stain-release-a705,2025-10-01 09:40
"Port Authority Checkered Terry Shawl Collar Robe",port-authority-checkered-terry-shawl-collar-robe-r103,2025-10-01 09:40
"Port Authority Plush Microfleece Shawl Collar Robe",port-authority-plush-microfleece-shawl-collar-robe-r102,2025-10-01 09:40
"Port Authority Easy Care Tuxedo Apron With Stain Release",port-authority-easy-care-tuxedo-apron-with-stain-release-a704,2025-10-01 09:40
"Port Authority Easy Care Reversible Waist Apron With Stain Release",port-authority-easy-care-reversible-waist-apron-with-stain-release-a707,2025-10-01 09:40
"Port Authority Easy Care Half Bistro Apron With Stain Release",port-authority-easy-care-half-bistro-apron-with-stain-release-a706,2025-10-01 09:40
"Port Authority Ladies Core Soft Shell Vest",port-authority-ladies-core-soft-shell-vest-l325,2025-10-01 09:41
"Port Authority Core Soft Shell Vest",port-authority-core-soft-shell-vest-j325,2025-10-01 09:41
"Port Authority Ladies Welded Soft Shell Jacket",port-authority-ladies-welded-soft-shell-jacket-l324,2025-10-01 09:41
"Port Authority Welded Soft Shell Jacket",port-authority-welded-soft-shell-jacket-j324,2025-10-01 09:41
"Sport Tek Youth Sport Wick Fleece Pant",sport-tek-youth-sport-wick-fleece-pant-yst237,2025-10-01 09:41
"Port Authority Charger Jacket",port-authority-charger-jacket-j328,2025-10-01 09:41
"Port Authority Hooded Charger Jacket",port-authority-hooded-charger-jacket-j327,2025-10-01 09:41
"Eddie Bauer Ladies Rugged Ripstop Soft Shell Jacket",eddie-bauer-ladies-rugged-ripstop-soft-shell-jacket-eb535,2025-10-01 09:41
"Eddie Bauer Rugged Ripstop Soft Shell Jacket",eddie-bauer-rugged-ripstop-soft-shell-jacket-eb534,2025-10-01 09:41
"Port Authority Lightweight Charger Jacket",port-authority-lightweight-charger-jacket-j329,2025-10-01 09:41
"Port Authority Ladies Denim Jacket",port-authority-ladies-denim-jacket-l7620,2025-10-01 09:41
"Port Authority Denim Jacket",port-authority-denim-jacket-j7620,2025-10-01 09:41
"Port Company Tall Long Sleeve Core Blend Tee",port-company-tall-long-sleeve-core-blend-tee-pc55lst,2025-10-01 09:41
"Port Company Tall Essential Fleece Pullover Hooded Sweatshirt",port-company-tall-essential-fleece-pullover-hooded-sweatshirt-pc90ht,2025-10-01 09:41
"Sport Tek Ladies Posicharge Competitor V Neck Tee",sport-tek-ladies-posicharge-competitor-v-neck-tee-lst353,2025-10-01 09:41
"Sport Tek Super Heavyweight 1 4 Zip Pullover Sweatshirt",sport-tek-super-heavyweight-1-4-zip-pullover-sweatshirt-st283,2025-10-01 09:41
"Port Authority Fleece Neck Gaiter",port-authority-fleece-neck-gaiter-fs07,2025-10-01 09:41
"Port Authority Camouflage Cap With Air Mesh Back",port-authority-camouflage-cap-with-air-mesh-back-c912,2025-10-01 09:41
"Port Authority Watch Cap",port-authority-watch-cap-c908,2025-10-01 09:41
"Port Authority Ladies Value Fleece Vest",port-authority-ladies-value-fleece-vest-l219,2025-10-01 09:41
"Port Authority Youth Value Fleece Jacket",port-authority-youth-value-fleece-jacket-y217,2025-10-01 09:41
"Sport Tek Jersey Knit Short With Pockets",sport-tek-jersey-knit-short-with-pockets-st310,2025-10-01 09:41
"Ogio Voyager Messenger",ogio-voyager-messenger-117023,2025-10-01 09:41
"Port Authority Essential Jacket",port-authority-essential-jacket-j305,2025-10-01 09:41
"Port Authority Tall Silk Touch Polo With Pocket",port-authority-tall-silk-touch-polo-with-pocket-tlk500p,2025-10-01 09:41
"Port Company Tall Long Sleeve Essential Tee",port-company-tall-long-sleeve-essential-tee-pc61lst,2025-10-01 09:41
"Sport Tek Ladies Ultimate Performance V Neck",sport-tek-ladies-ultimate-performance-v-neck-lst700,2025-10-01 09:41
"Ogio Crush Henley",ogio-crush-henley-log111,2025-10-01 09:41
"Ogio Optic Polo",ogio-optic-polo-og110,2025-10-01 09:41
"Sport Tek Long Sleeve Ultimate Performance Crew",sport-tek-long-sleeve-ultimate-performance-crew-st700ls,2025-10-01 09:41
"Port Authority Ranger 3 In 1 Jacket",port-authority-ranger-3-in-1-jacket-j310,2025-10-01 09:41
"Port Authority Value Fleece 1 4 Zip Pullover",port-authority-value-fleece-1-4-zip-pullover-f218,2025-10-01 09:41
"Port Authority Value Fleece Vest",port-authority-value-fleece-vest-f219,2025-10-01 09:41
"Sport Tek Fleece Lined Colorblock Jacket",sport-tek-fleece-lined-colorblock-jacket-jst81,2025-10-01 09:41
"Port Authority Plaid Pattern Easy Care Shirt",port-authority-plaid-pattern-easy-care-shirt-s639,2025-10-01 09:41
"Nike Unstructured Twill Cap",nike-unstructured-twill-cap-580087,2025-10-01 09:41
"Sport Tek Posicharge Tough Mesh Full Button Jersey",sport-tek-posicharge-tough-mesh-full-button-jersey-st220,2025-10-01 09:41
"Sport Tek Posicharge Tough Mesh Pocket Short",sport-tek-posicharge-tough-mesh-pocket-short-st312,2025-10-01 09:41
"Port Authority Spray Wash Cap",port-authority-spray-wash-cap-c811,2025-10-01 09:41
"Port Authority Flexfit Mesh Back Cap",port-authority-flexfit-mesh-back-cap-c812,2025-10-01 09:41
"Port Authority Flexfit Cotton Twill Cap",port-authority-flexfit-cotton-twill-cap-c813,2025-10-01 09:41
"District Tri Tone Mesh Back Cap",district-tri-tone-mesh-back-cap-dt616,2025-10-01 09:41
"District Houndstooth Military Hat",district-houndstooth-military-hat-dt619,2025-10-01 09:41
"District Spaced Dyed Beanie",district-spaced-dyed-beanie-dt620,2025-10-01 09:41
"Port Authority Ladies Tech Pique Polo",port-authority-ladies-tech-pique-polo-l527,2025-10-01 09:41
"Port Authority Tech Pique Polo",port-authority-tech-pique-polo-k527,2025-10-01 09:41
"Sport Tek Tech Fleece 1 4 Zip Pullover",sport-tek-tech-fleece-1-4-zip-pullover-f247,2025-10-01 09:41
"Sport Tek Ladies Tech Fleece Full Zip Hooded Jacket",sport-tek-ladies-tech-fleece-full-zip-hooded-jacket-l248,2025-10-01 09:41
"Sport Tek Sideline Jacket",sport-tek-sideline-jacket-jst71,2025-10-01 09:41
"Sport Tek Youth Fleece Lined Colorblock Jacket",sport-tek-youth-fleece-lined-colorblock-jacket-yst81,2025-10-01 09:41
"Eddie Bauer Soft Shell Jacket",eddie-bauer-soft-shell-jacket-eb530,2025-10-01 09:41
"Eddie Bauer Ladies Packable Wind Jacket",eddie-bauer-ladies-packable-wind-jacket-eb501,2025-10-01 09:41
"Eddie Bauer Packable Wind Jacket",eddie-bauer-packable-wind-jacket-eb500,2025-10-01 09:41
"Eddie Bauer Ladies Full Zip Fleece Jacket",eddie-bauer-ladies-full-zip-fleece-jacket-eb201,2025-10-01 09:41
"Sport Tek Flexfit Performance Solid Cap",sport-tek-flexfit-performance-solid-cap-stc17,2025-10-01 09:41
"Sport Tek Flexfit Performance Colorblock Cap",sport-tek-flexfit-performance-colorblock-cap-stc16,2025-10-01 09:41
"Port Authority Fleece Beanie",port-authority-fleece-beanie-c918,2025-10-01 09:41
"Port Authority Two Color Fleece Headband",port-authority-two-color-fleece-headband-c916,2025-10-01 09:41
"Port Authority Ladies Crosshatch Easy Care Shirt",port-authority-ladies-crosshatch-easy-care-shirt-l640,2025-10-01 09:41
"Sport Tek Tricolor Micropique Sport Wick Polo",sport-tek-tricolor-micropique-sport-wick-polo-st654,2025-10-01 09:41
"Port Authority Microfleece 1 2 Zip Pullover",port-authority-microfleece-1-2-zip-pullover-f224,2025-10-01 09:41
"Port Authority Ladies Microfleece Jacket",port-authority-ladies-microfleece-jacket-l223,2025-10-01 09:41
"Port Authority Microfleece Jacket",port-authority-microfleece-jacket-f223,2025-10-01 09:41
"Port Authority Ladies Pique Fleece Jacket",port-authority-ladies-pique-fleece-jacket-l222,2025-10-01 09:41
"Eddie Bauer Ladies Rain Jacket",eddie-bauer-ladies-rain-jacket-eb551,2025-10-01 09:41
"Eddie Bauer Rain Jacket",eddie-bauer-rain-jacket-eb550,2025-10-01 09:41
"Eddie Bauer Ladies Soft Shell Jacket",eddie-bauer-ladies-soft-shell-jacket-eb531,2025-10-01 09:41
"Port Company Long Sleeve Core Blend Tee",port-company-long-sleeve-core-blend-tee-pc55ls,2025-10-01 09:41
"Port Company Core Blend Pocket Tee",port-company-core-blend-pocket-tee-pc55p,2025-10-01 09:41
"Sport Tek Tricolor Shoulder Micropique Sport Wick Polo",sport-tek-tricolor-shoulder-micropique-sport-wick-polo-st658,2025-10-01 09:41
"Port Authority Mountain Lodge Blanket",port-authority-mountain-lodge-blanket-bp40,2025-10-01 09:41
"Port Authority Fleece Blanket With Carrying Strap",port-authority-fleece-blanket-with-carrying-strap-bp20,2025-10-01 09:41
"Port Authority Pique Fleece Jacket",port-authority-pique-fleece-jacket-f222,2025-10-01 09:41
"Port Authority Microfleece Vest",port-authority-microfleece-vest-f226,2025-10-01 09:41
"Port Authority Ladies Microfleece 1 2 Zip Pullover",port-authority-ladies-microfleece-1-2-zip-pullover-l224,2025-10-01 09:41
"Port Authority Stretch Pique Polo",port-authority-stretch-pique-polo-k555,2025-10-01 09:41
"Port Authority Ladies Concept Cardigan",port-authority-ladies-concept-cardigan-l545,2025-10-01 09:41
"Port Authority Ladies Silk Touch Performance Polo",port-authority-ladies-silk-touch-performance-polo-l540,2025-10-01 09:41
"Nike Dri Fit Swoosh Front Cap",nike-dri-fit-swoosh-front-cap-548533,2025-10-01 09:41
"Port Company Youth Window Tie Dye Tee",port-company-youth-window-tie-dye-tee-pc149y,2025-10-01 09:41
"Port Company Tiger Stripe Tie Dye Tee",port-company-tiger-stripe-tie-dye-tee-pc148,2025-10-01 09:41
"New Era Youth Stretch Mesh Cap",new-era-youth-stretch-mesh-cap-ne302,2025-10-01 09:41
"New Era Snapback Contrast Front Mesh Cap",new-era-snapback-contrast-front-mesh-cap-ne204,2025-10-01 09:41
"New Era Stretch Mesh Contrast Stitch Cap",new-era-stretch-mesh-contrast-stitch-cap-ne1120,2025-10-01 09:41
"New Era Structured Stretch Cotton Cap",new-era-structured-stretch-cotton-cap-ne1000,2025-10-01 09:41
"Sport Tek Ladies Posicharge Micro Mesh Colorblock Polo",sport-tek-ladies-posicharge-micro-mesh-colorblock-polo-lst685,2025-10-01 09:41
"Sport Tek Posicharge Micro Mesh Colorblock Polo",sport-tek-posicharge-micro-mesh-colorblock-polo-st685,2025-10-01 09:41
"Sport Tek Posicharge Micro Mesh Polo",sport-tek-posicharge-micro-mesh-polo-st680,2025-10-01 09:41
"Sport Tek Tech Fleece Colorblock 1 4 Zip Hooded Sweatshirt",sport-tek-tech-fleece-colorblock-1-4-zip-hooded-sweatshirt-st249,2025-10-01 09:41
"Eddie Bauer Short Sleeve Fishing Shirt",eddie-bauer-short-sleeve-fishing-shirt-eb608,2025-10-01 09:41
"Eddie Bauer Long Sleeve Performance Fishing Shirt",eddie-bauer-long-sleeve-performance-fishing-shirt-eb600,2025-10-01 09:41
"Eddie Bauer Short Sleeve Performance Fishing Shirt",eddie-bauer-short-sleeve-performance-fishing-shirt-eb602,2025-10-01 09:41
"Port Authority Ladies Stretch Pique Polo",port-authority-ladies-stretch-pique-polo-l555,2025-10-01 09:41
"District Flat Bill Snapback Trucker Cap",district-flat-bill-snapback-trucker-cap-dt624,2025-10-01 09:41
"District Slouch Beanie",district-slouch-beanie-dt618,2025-10-01 09:41
"Port Authority Ladies Concept Shrug",port-authority-ladies-concept-shrug-l543,2025-10-01 09:41
"Port Authority Pigment Print Camouflage Cap",port-authority-pigment-print-camouflage-cap-c819,2025-10-01 09:41
"Port Authority Double Mesh Snapback Sandwich Bill Cap",port-authority-double-mesh-snapback-sandwich-bill-cap-c818,2025-10-01 09:41
"Sport Tek Yupoong Flat Bill Snapback Cap",sport-tek-yupoong-flat-bill-snapback-cap-stc19,2025-10-01 09:41
"Sport Tek Ladies Heather Contender Scoop Neck Tee",sport-tek-ladies-heather-contender-scoop-neck-tee-lst360,2025-10-01 09:41
"Sport Tek Ladies Sleeveless Posicharge Competitor V Neck Tee",sport-tek-ladies-sleeveless-posicharge-competitor-v-neck-tee-lst352,2025-10-01 09:41
"Sport Tek Sleeveless Posicharge Competitor Tee",sport-tek-sleeveless-posicharge-competitor-tee-st352,2025-10-01 09:41
"Port Authority R Tek Pro Fleece Full Zip Jacket",port-authority-r-tek-pro-fleece-full-zip-jacket-f227,2025-10-01 09:41
"Sport Tek Pullover Hooded Sweatshirt",sport-tek-pullover-hooded-sweatshirt-st254,2025-10-01 09:41
"Port Authority Ladies Slub Fleece Full Zip Jacket",port-authority-ladies-slub-fleece-full-zip-jacket-l293,2025-10-01 09:41
"Port Authority Youth Core Soft Shell Jacket",port-authority-youth-core-soft-shell-jacket-y317,2025-10-01 09:41
"Port Authority Ladies Core Soft Shell Jacket",port-authority-ladies-core-soft-shell-jacket-l317,2025-10-01 09:41
"Port Authority Core Soft Shell Jacket",port-authority-core-soft-shell-jacket-j317,2025-10-01 09:41
"Sport Tek Micropique Sport Wick Pocket Polo",sport-tek-micropique-sport-wick-pocket-polo-st651,2025-10-01 09:41
"Sport Tek Spectator Gloves",sport-tek-spectator-gloves-sta01,2025-10-01 09:41
"Sport Tek Crewneck Sweatshirt",sport-tek-crewneck-sweatshirt-st266,2025-10-01 09:41
"Sport Tek Full Zip Hooded Sweatshirt",sport-tek-full-zip-hooded-sweatshirt-st258,2025-10-01 09:41
"Sport Tek Full Zip Sweatshirt",sport-tek-full-zip-sweatshirt-st259,2025-10-01 09:41
"Sport Tek Youth Pullover Hooded Sweatshirt",sport-tek-youth-pullover-hooded-sweatshirt-yst254,2025-10-01 09:41
"Sport Tek 1 4 Zip Sweatshirt",sport-tek-1-4-zip-sweatshirt-st253,2025-10-01 09:41
"Port Authority R Tek Pro Fleece Full Zip Vest",port-authority-r-tek-pro-fleece-full-zip-vest-f228,2025-10-01 09:41
"Port Authority Ladies R Tek Pro Fleece Full Zip Jacket",port-authority-ladies-r-tek-pro-fleece-full-zip-jacket-l227,2025-10-01 09:41
"Eddie Bauer Ladies Shaded Crosshatch Soft Shell Jacket",eddie-bauer-ladies-shaded-crosshatch-soft-shell-jacket-eb533,2025-10-01 09:41
"Eddie Bauer Shaded Crosshatch Soft Shell Jacket",eddie-bauer-shaded-crosshatch-soft-shell-jacket-eb532,2025-10-01 09:41
"Port Authority Down Jacket",port-authority-down-jacket-j323,2025-10-01 09:41
"Port Authority Colorblock 3 In 1 Jacket",port-authority-colorblock-3-in-1-jacket-j321,2025-10-01 09:41
"Port Authority Ladies Colorblock 3 In 1 Jacket",port-authority-ladies-colorblock-3-in-1-jacket-l321,2025-10-01 09:41
"Port Authority Ladies Core Colorblock Soft Shell Jacket",port-authority-ladies-core-colorblock-soft-shell-jacket-l318,2025-10-01 09:41
"Port Authority Core Colorblock Soft Shell Jacket",port-authority-core-colorblock-soft-shell-jacket-j318,2025-10-01 09:41
"Sport Tek Pom Pom Team Beanie",sport-tek-pom-pom-team-beanie-stc21,2025-10-01 09:41
"Sport Tek Spectator Beanie",sport-tek-spectator-beanie-stc20,2025-10-01 09:41
"Sport Tek Spectator Scarf",sport-tek-spectator-scarf-sta02,2025-10-01 09:41
"Sport Tek Tall Sport Wick Stretch 1 4 Zip Pullover",sport-tek-tall-sport-wick-stretch-1-4-zip-pullover-tst850,2025-10-01 09:41
"Sport Tek Tall Side Blocked Micropique Sport Wick Polo",sport-tek-tall-side-blocked-micropique-sport-wick-polo-tst655,2025-10-01 09:41
"Sport Tek Tall Micropique Sport Wick Polo",sport-tek-tall-micropique-sport-wick-polo-tst650,2025-10-01 09:41
"Port Authority Long Sleeve Gingham Easy Care Shirt",port-authority-long-sleeve-gingham-easy-care-shirt-s654,2025-10-01 09:41
"Port Authority Tall Stain Release Polo",port-authority-tall-stain-release-polo-tlk510,2025-10-01 09:41
"Port Authority Tall Dry Zone Ottoman Polo",port-authority-tall-dry-zone-ottoman-polo-tlk525,2025-10-01 09:41
"Port Authority Vertical Texture 1 4 Zip Pullover",port-authority-vertical-texture-1-4-zip-pullover-k805,2025-10-01 09:41
"Port Authority Ladies Vertical Texture Full Zip Jacket",port-authority-ladies-vertical-texture-full-zip-jacket-l805,2025-10-01 09:41
"Port Authority Tall Core Soft Shell Jacket",port-authority-tall-core-soft-shell-jacket-tlj317,2025-10-01 09:41
"Port Authority Tall Short Sleeve Easy Care Shirt",port-authority-tall-short-sleeve-easy-care-shirt-tls508,2025-10-01 09:41
"Cornerstone Tall Duck Cloth Hooded Work Jacket",cornerstone-tall-duck-cloth-hooded-work-jacket-tlj763h,2025-10-01 09:41
"Port Authority Tall Nootka Jacket",port-authority-tall-nootka-jacket-tlj792,2025-10-01 09:41
"Cornerstone Tall Duck Cloth Work Jacket",cornerstone-tall-duck-cloth-work-jacket-tlj763,2025-10-01 09:41
"Port Authority Tall Waterproof Soft Shell Jacket",port-authority-tall-waterproof-soft-shell-jacket-tlj798,2025-10-01 09:41
"Cornerstone Tall Select Snag Proof Polo",cornerstone-tall-select-snag-proof-polo-tlcs412,2025-10-01 09:41
"Cornerstone Tall Select Snag Proof Tactical Polo",cornerstone-tall-select-snag-proof-tactical-polo-tlcs410,2025-10-01 09:41
"Port Authority Tall Glacier Soft Shell Jacket",port-authority-tall-glacier-soft-shell-jacket-tlj790,2025-10-01 09:41
"Port Authority Tall Crosshatch Easy Care Shirt",port-authority-tall-crosshatch-easy-care-shirt-tls640,2025-10-01 09:41
"Sport Tek Tall Pullover Hooded Sweatshirt",sport-tek-tall-pullover-hooded-sweatshirt-tst254,2025-10-01 09:41
"Sport Tek Tall 1 4 Zip Sweatshirt",sport-tek-tall-1-4-zip-sweatshirt-tst253,2025-10-01 09:41
"Sport Tek Heather Contender Tee",sport-tek-heather-contender-tee-st360,2025-10-01 09:41
"Sport Tek Ladies Cadence Short",sport-tek-ladies-cadence-short-lst304,2025-10-01 09:41
"Sport Tek Sport Wick Stretch 1 2 Zip Colorblock Pullover",sport-tek-sport-wick-stretch-1-2-zip-colorblock-pullover-st851,2025-10-01 09:41
"Sport Tek Ladies Pullover Hooded Sweatshirt",sport-tek-ladies-pullover-hooded-sweatshirt-lst254,2025-10-01 09:41
"Port Authority Slub Fleece 1 4 Zip Pullover",port-authority-slub-fleece-1-4-zip-pullover-f295,2025-10-01 09:41
"Port Company Ring Spun Cotton Tee",port-company-ring-spun-cotton-tee-pc150,2025-10-01 09:41
"Port Authority Tall Tech Pique Polo",port-authority-tall-tech-pique-polo-tlk527,2025-10-01 09:41
"Port Authority Tall Rapid Dry Polo",port-authority-tall-rapid-dry-polo-tlk455,2025-10-01 09:41
"Sport Tek Tall Dri Mesh Polo",sport-tek-tall-dri-mesh-polo-tk469,2025-10-01 09:41
"Port Authority Crosshatch Easy Care Shirt",port-authority-crosshatch-easy-care-shirt-s640,2025-10-01 09:41
"Port Authority Ladies Microfleece Vest",port-authority-ladies-microfleece-vest-l226,2025-10-01 09:41
"Port Company Window Tie Dye Tee",port-company-window-tie-dye-tee-pc149,2025-10-01 09:41
"Port Authority Silk Touch Performance Polo",port-authority-silk-touch-performance-polo-k540,2025-10-01 09:41
"Port Authority Youth Silk Touch Performance Polo",port-authority-youth-silk-touch-performance-polo-y540,2025-10-01 09:41
"Sport Tek Ladies Posicharge Micro Mesh Polo",sport-tek-ladies-posicharge-micro-mesh-polo-lst680,2025-10-01 09:41
"Sport Tek Colorblock Posicharge Competitor Tee",sport-tek-colorblock-posicharge-competitor-tee-st351,2025-10-01 09:41
"Sport Tek Tipped V Neck Raglan Wind Shirt",sport-tek-tipped-v-neck-raglan-wind-shirt-jst62,2025-10-01 09:41
"Sport Tek V Neck Raglan Wind Shirt",sport-tek-v-neck-raglan-wind-shirt-jst72,2025-10-01 09:41
"Sport Tek Tricot Track Jacket",sport-tek-tricot-track-jacket-jst90,2025-10-01 09:41
"Sport Tek Youth Dry Zone Nylon Colorblock Cap",sport-tek-youth-dry-zone-nylon-colorblock-cap-ystc11,2025-10-01 09:41
"Sport Tek Youth Dry Zone Nylon Cap",sport-tek-youth-dry-zone-nylon-cap-ystc10,2025-10-01 09:41
"Sport Tek Dry Zone Nylon Cap",sport-tek-dry-zone-nylon-cap-stc10,2025-10-01 09:41
"Red Kap Team Style Jacket With Slash Pockets",red-kap-team-style-jacket-with-slash-pockets-csjt38,2025-10-01 09:41
"Port Company Essential Fleece Full Zip Hooded Sweatshirt",port-company-essential-fleece-full-zip-hooded-sweatshirt-pc90zh,2025-10-01 09:41
"Sport Tek Ladies Colorblock Hooded Raglan Jacket",sport-tek-ladies-colorblock-hooded-raglan-jacket-lst76,2025-10-01 09:41
"Port Authority Easy Care Cap",port-authority-easy-care-cap-c608,2025-10-01 09:41
"Port Authority Solid Enhanced Visibility Cap",port-authority-solid-enhanced-visibility-cap-c806,2025-10-01 09:41
"Port Authority Perforated Cap",port-authority-perforated-cap-c821,2025-10-01 09:41
"District Mesh Back Cap",district-mesh-back-cap-dt607,2025-10-01 09:41
"Sport Tek Dry Zone Colorblock Raglan Polo",sport-tek-dry-zone-colorblock-raglan-polo-t476,2025-10-01 09:41
"Sport Tek Dry Zone Raglan Polo",sport-tek-dry-zone-raglan-polo-t475,2025-10-01 09:41
"Sport Tek Colorblock Raglan Anorak",sport-tek-colorblock-raglan-anorak-jst63,2025-10-01 09:41
"Sport Tek Wind Pant",sport-tek-wind-pant-pst74,2025-10-01 09:41
"Sport Tek Hooded Raglan Jacket",sport-tek-hooded-raglan-jacket-jst73,2025-10-01 09:41
"Sport Tek Youth Tricot Track Jacket",sport-tek-youth-tricot-track-jacket-yst90,2025-10-01 09:41
"Sport Tek Youth Colorblock Raglan Jacket",sport-tek-youth-colorblock-raglan-jacket-yst60,2025-10-01 09:41
"Sport Tek Full Zip Wind Jacket",sport-tek-full-zip-wind-jacket-jst70,2025-10-01 09:41
"Sport Tek 1 2 Zip Wind Shirt",sport-tek-1-2-zip-wind-shirt-jst75,2025-10-01 09:41
"Sport Tek Colorblock Raglan Jacket",sport-tek-colorblock-raglan-jacket-jst60,2025-10-01 09:41
"Hanes Ecosmart Full Zip Hooded Sweatshirt",hanes-ecosmart-full-zip-hooded-sweatshirt-p180,2025-10-01 09:41
"Ogio Accelerator Polo",ogio-accelerator-polo-og102,2025-10-01 09:41
"Port Authority Textured Soft Shell Jacket",port-authority-textured-soft-shell-jacket-j705,2025-10-01 09:41
"New Era Flat Bill Snapback Cap",new-era-flat-bill-snapback-cap-ne400,2025-10-01 09:41
"Port Authority Flexfit Garment Washed Cap",port-authority-flexfit-garment-washed-cap-c809,2025-10-01 09:41
"District Thick Stitch Cap",district-thick-stitch-cap-dt610,2025-10-01 09:41
"Sport Tek Side Blocked Micropique Sport Wick Polo",sport-tek-side-blocked-micropique-sport-wick-polo-st655,2025-10-01 09:41
"Sport Tek Micropique Sport Wick Polo",sport-tek-micropique-sport-wick-polo-st650,2025-10-01 09:41
"Sport Tek Dry Zone Colorblock Crew",sport-tek-dry-zone-colorblock-crew-t478,2025-10-01 09:41
"Port Authority Stain Release Polo",port-authority-stain-release-polo-k510,2025-10-01 09:41
"Cornerstone Ansi 107 Class 3 Safety Windbreaker",cornerstone-ansi-107-class-3-safety-windbreaker-csj25,2025-10-01 09:41
"Cornerstone Ansi 107 Class 3 Waterproof Parka",cornerstone-ansi-107-class-3-waterproof-parka-csj24,2025-10-01 09:41
"Cornerstone Ansi 107 Class 2 Dual Color Safety Vest",cornerstone-ansi-107-class-2-dual-color-safety-vest-csv407,2025-10-01 09:41
"Cornerstone Ansi 107 Class 2 Mesh Back Safety Vest",cornerstone-ansi-107-class-2-mesh-back-safety-vest-csv405,2025-10-01 09:41
"Port Authority Ladies Textured Soft Shell Jacket",port-authority-ladies-textured-soft-shell-jacket-l705,2025-10-01 09:41
"Port Authority Ladies Successor Jacket",port-authority-ladies-successor-jacket-l701,2025-10-01 09:41
"Port Authority Ladies 3 4 Sleeve Easy Care Shirt",port-authority-ladies-3-4-sleeve-easy-care-shirt-l612,2025-10-01 09:41
"Sport Tek Ladies Dry Zone Raglan Accent Polo",sport-tek-ladies-dry-zone-raglan-accent-polo-l475,2025-10-01 09:41
"Sport Tek Ladies Tricot Track Jacket",sport-tek-ladies-tricot-track-jacket-lst90,2025-10-01 09:41
"Sport Tek Dry Zone Nylon Colorblock Cap",sport-tek-dry-zone-nylon-colorblock-cap-stc11,2025-10-01 09:41
"Port Authority Camo Cap With Contrast Front Panel",port-authority-camo-cap-with-contrast-front-panel-c807,2025-10-01 09:41
"Sport Tek Performance Knit Cap",sport-tek-performance-knit-cap-stc15,2025-10-01 09:41
"Port Authority Flexfit 210 Flat Bill Cap",port-authority-flexfit-210-flat-bill-cap-c808,2025-10-01 09:41
"Port Authority Enhanced Visibility Cap With Camo Brim",port-authority-enhanced-visibility-cap-with-camo-brim-c804,2025-10-01 09:41
"Sport Tek Ladies Side Blocked Micropique Sport Wick Polo",sport-tek-ladies-side-blocked-micropique-sport-wick-polo-lst655,2025-10-01 09:41
"Sport Tek Dry Zone Colorblock Visor",sport-tek-dry-zone-colorblock-visor-stc13,2025-10-01 09:41
"Port Authority Textured Hooded Soft Shell Jacket",port-authority-textured-hooded-soft-shell-jacket-j706,2025-10-01 09:41
"Port Authority Herringbone 3 In 1 Parka",port-authority-herringbone-3-in-1-parka-j302,2025-10-01 09:41
"Sport Tek Sport Wick Stretch 1 4 Zip Pullover",sport-tek-sport-wick-stretch-1-4-zip-pullover-st850,2025-10-01 09:41
"Sport Tek Long Sleeve Micropique Sport Wick Polo",sport-tek-long-sleeve-micropique-sport-wick-polo-st657,2025-10-01 09:41
"Port Authority Ladies Stain Resistant Polo",port-authority-ladies-stain-resistant-polo-l510,2025-10-01 09:41
"Port Authority Ladies Silk Touch 3 4 Sleeve Polo",port-authority-ladies-silk-touch-3-4-sleeve-polo-l562,2025-10-01 09:41
"Port Authority Puffy Vest",port-authority-puffy-vest-j709,2025-10-01 09:41
"Port Authority Ladies Puffy Vest",port-authority-ladies-puffy-vest-l709,2025-10-01 09:41
"Sport Tek Ladies 1 4 Zip Sweatshirt",sport-tek-ladies-1-4-zip-sweatshirt-lst253,2025-10-01 09:41
"Port Authority Ladies All Season Ii Jacket",port-authority-ladies-all-season-ii-jacket-l304,2025-10-01 09:41
"Sport Tek Tech Fleece Colorblock Hooded Sweatshirt",sport-tek-tech-fleece-colorblock-hooded-sweatshirt-f246,2025-10-01 09:41
"Port Authority All Season Ii Jacket",port-authority-all-season-ii-jacket-j304,2025-10-01 09:41
"Port Authority Dry Zone Colorblock Ottoman Polo",port-authority-dry-zone-colorblock-ottoman-polo-k524,2025-10-01 09:41
"Sport Tek Open Bottom Sweatpant",sport-tek-open-bottom-sweatpant-st257,2025-10-01 09:41
"Port Company Core Fleece Sweatpant With Pockets",port-company-core-fleece-sweatpant-with-pockets-pc78p,2025-10-01 09:41
"Port Company Core Fleece Full Zip Hooded Sweatshirt",port-company-core-fleece-full-zip-hooded-sweatshirt-pc78zh,2025-10-01 09:41
"Port Company Core Fleece Crewneck Sweatshirt",port-company-core-fleece-crewneck-sweatshirt-pc78,2025-10-01 09:41
"Sport Tek Ultimate Performance Crew",sport-tek-ultimate-performance-crew-st700,2025-10-01 09:41
"Port Authority Tall Textured Soft Shell Jacket",port-authority-tall-textured-soft-shell-jacket-tlj705,2025-10-01 09:41
"Ogio Glam Polo",ogio-glam-polo-log105,2025-10-01 09:41
"Port Authority Challenger Ii Jacket",port-authority-challenger-ii-jacket-j354,2025-10-01 09:41
"Port Authority Ladies Challenger Jacket",port-authority-ladies-challenger-jacket-l354,2025-10-01 09:41
"Sport Tek Youth Posicharge Competitor Short",sport-tek-youth-posicharge-competitor-short-yst355,2025-10-01 09:41
"Sport Tek Posicharge Competitor Short",sport-tek-posicharge-competitor-short-st355,2025-10-01 09:41
"Sport Tek Ladies Dri Mesh Pro Polo",sport-tek-ladies-dri-mesh-pro-polo-l474,2025-10-01 09:41
"Sport Tek Ladies Nrg Fitness Pant",sport-tek-ladies-nrg-fitness-pant-lpst880,2025-10-01 09:41
"Sport Tek Ladies Nrg Fitness Jacket",sport-tek-ladies-nrg-fitness-jacket-lst885,2025-10-01 09:41
"Sport Tek Contrast Stitch Micropique Sport Wick Polo",sport-tek-contrast-stitch-micropique-sport-wick-polo-st659,2025-10-01 09:41
"Sport Tek Posicharge Mesh Reversible Spliced Short",sport-tek-posicharge-mesh-reversible-spliced-short-t565,2025-10-01 09:41
"Nike Dri Fit Swoosh Visor",nike-dri-fit-swoosh-visor-429466,2025-10-01 09:41
"Port Company Youth Core Blend Tee",port-company-youth-core-blend-tee-pc55y,2025-10-01 09:41
"Port Authority Tall Long Sleeve Denim Shirt",port-authority-tall-long-sleeve-denim-shirt-tls600,2025-10-01 09:41
"Port Authority 3 In 1 Jacket",port-authority-3-in-1-jacket-j777,2025-10-01 09:41
"Port Authority Fine Twill Cap",port-authority-fine-twill-cap-c800,2025-10-01 09:41
"Port Authority Tall Challenger Jacket",port-authority-tall-challenger-jacket-tlj754,2025-10-01 09:41
"Port Authority Heavyweight Denim Shirt",port-authority-heavyweight-denim-shirt-s100,2025-10-01 09:41
"Port Company Ladies Essential Tee",port-company-ladies-essential-tee-lpc61,2025-10-01 09:41
"Sport Tek Youth Posicharge Competitor Tee",sport-tek-youth-posicharge-competitor-tee-yst350,2025-10-01 09:41
"Port Authority Long Sleeve Twill Shirt",port-authority-long-sleeve-twill-shirt-s600t,2025-10-01 09:41
"Port Authority Short Sleeve Twill Shirt",port-authority-short-sleeve-twill-shirt-s500t,2025-10-01 09:41
"Port Authority Enhanced Visibility Challenger Jacket With Reflective Taping",port-authority-enhanced-visibility-challenger-jacket-with-reflective-taping-srj754,2025-10-01 09:41
"Port Authority Youth Pro Mesh Cap",port-authority-youth-pro-mesh-cap-yc833,2025-10-01 09:41
"Port Authority Pro Mesh Cap",port-authority-pro-mesh-cap-c833,2025-10-01 09:41
"Port Authority R Tek Stretch Fleece Headband",port-authority-r-tek-stretch-fleece-headband-c910,2025-10-01 09:41
"Port Authority Grommeted Golf Towel",port-authority-grommeted-golf-towel-tw51,2025-10-01 09:41
"Port Authority Long Sleeve Denim Shirt",port-authority-long-sleeve-denim-shirt-s600,2025-10-01 09:41
"Port Authority R Tek Fleece Scarf",port-authority-r-tek-fleece-scarf-fs01,2025-10-01 09:41
"Port Authority Tall Long Sleeve Twill Shirt",port-authority-tall-long-sleeve-twill-shirt-tls600t,2025-10-01 09:41
"Port Authority Brushed Twill Cap",port-authority-brushed-twill-cap-btu,2025-10-01 09:41
"Port Authority Sueded Cap",port-authority-sueded-cap-c850,2025-10-01 09:41
"Port Company Knitted Scarf",port-company-knitted-scarf-ks01,2025-10-01 09:41
"Port Authority Challenger Jacket",port-authority-challenger-jacket-j754,2025-10-01 09:41
"Hanes Youth Ecosmart Pullover Hooded Sweatshirt",hanes-youth-ecosmart-pullover-hooded-sweatshirt-p470,2025-10-01 09:41
"Port Authority Challenger Jacket With Reflective Taping",port-authority-challenger-jacket-with-reflective-taping-j754r,2025-10-01 09:41
"Port Authority Reflective Sandwich Bill Cap",port-authority-reflective-sandwich-bill-cap-c832,2025-10-01 09:41
"Port Authority Fashion Visor",port-authority-fashion-visor-c840,2025-10-01 09:41
"Port Authority Enhanced Visibility Cap",port-authority-enhanced-visibility-cap-c836,2025-10-01 09:41
"Port Authority Sport Towel",port-authority-sport-towel-tw52,2025-10-01 09:41
"Port Authority Medium Length Apron With Pouch Pockets",port-authority-medium-length-apron-with-pouch-pockets-a510,2025-10-01 09:41
"Port Authority Waist Apron With Pockets",port-authority-waist-apron-with-pockets-a515,2025-10-01 09:41
"Port Company Ladies Short Sleeve Value Denim Shirt",port-company-ladies-short-sleeve-value-denim-shirt-lsp11,2025-10-01 09:41
"Port Authority Tall Heavyweight Cotton Pique Polo",port-authority-tall-heavyweight-cotton-pique-polo-tlk420,2025-10-01 09:41
"Port Company Ladies Long Sleeve Value Denim Shirt",port-company-ladies-long-sleeve-value-denim-shirt-lsp10,2025-10-01 09:41
"Port Authority Long Sleeve Silk Touch Polo With Pocket",port-authority-long-sleeve-silk-touch-polo-with-pocket-k500lsp,2025-10-01 09:41
"Port Authority Ladies Silk Touch Long Sleeve Polo",port-authority-ladies-silk-touch-long-sleeve-polo-l500ls,2025-10-01 09:41
"Port Authority Extra Long Fleece Scarf",port-authority-extra-long-fleece-scarf-fs03,2025-10-01 09:41
"Port Authority Medium Length Apron",port-authority-medium-length-apron-a525,2025-10-01 09:41
"Port Authority Full Length Apron",port-authority-full-length-apron-a520,2025-10-01 09:41
"Port Authority Youth Team Jacket",port-authority-youth-team-jacket-yjp56,2025-10-01 09:41
"Port Authority Grommeted Tri Fold Golf Towel",port-authority-grommeted-tri-fold-golf-towel-tw50,2025-10-01 09:41
"Red Kap Elastic Insert Pant",red-kap-elastic-insert-pant-pt60,2025-10-01 09:41
"Port Authority Camouflage Cap",port-authority-camouflage-cap-c851,2025-10-01 09:41
"Port Authority Interlock Knit Mock Turtleneck",port-authority-interlock-knit-mock-turtleneck-k321,2025-10-01 09:41
"Port Authority Legacy Jacket",port-authority-legacy-jacket-j764,2025-10-01 09:41
"Port Authority Team Jacket",port-authority-team-jacket-jp56,2025-10-01 09:41
"Port Company Long Sleeve Value Denim Shirt",port-company-long-sleeve-value-denim-shirt-sp10,2025-10-01 09:41
"Cornerstone Duck Cloth Work Jacket",cornerstone-duck-cloth-work-jacket-j763,2025-10-01 09:41
"Port Company Essential Mock Turtleneck",port-company-essential-mock-turtleneck-pc61m,2025-10-01 09:41
"Port Authority Youth Long Sleeve Silk Touch Polo",port-authority-youth-long-sleeve-silk-touch-polo-y500ls,2025-10-01 09:41
"Port Authority Nylon Twill Performance Cap",port-authority-nylon-twill-performance-cap-c868,2025-10-01 09:41
"Port Authority Value Fleece Blanket With Strap",port-authority-value-fleece-blanket-with-strap-bp10,2025-10-01 09:41
"Port Authority Easy Care Camp Shirt",port-authority-easy-care-camp-shirt-s535,2025-10-01 09:41
"Sport Tek Super Heavyweight Crewneck Sweatshirt",sport-tek-super-heavyweight-crewneck-sweatshirt-f280,2025-10-01 09:41
"Nike Sphere Dry Cap",nike-sphere-dry-cap-247077,2025-10-01 09:41
"Sport Tek Sport Wick Fleece 1 4 Zip Pullover",sport-tek-sport-wick-fleece-1-4-zip-pullover-f243,2025-10-01 09:41
"Port Authority Waterproof Mossy Oak Challenger Jacket",port-authority-waterproof-mossy-oak-challenger-jacket-j754mo,2025-10-01 09:41
"Port Authority Pro Camouflage Series Cap",port-authority-pro-camouflage-series-cap-c855,2025-10-01 09:41
"Red Kap Slash Pocket Jacket",red-kap-slash-pocket-jacket-csjt22,2025-10-01 09:41
"Port Company Youth Core Fleece Sweatpant",port-company-youth-core-fleece-sweatpant-pc90yp,2025-10-01 09:41
"Port Company Long Sleeve Essential Pocket Tee",port-company-long-sleeve-essential-pocket-tee-pc61lsp,2025-10-01 09:41
"Port Authority Rally Towel",port-authority-rally-towel-pt38,2025-10-01 09:41
"Port Authority Garment Washed Cap",port-authority-garment-washed-cap-pwu,2025-10-01 09:41
"Port Authority Sandwich Bill Cap With Striped Closure",port-authority-sandwich-bill-cap-with-striped-closure-c830,2025-10-01 09:41
"Port Authority Vintage Washed Contrast Stitch Cap",port-authority-vintage-washed-contrast-stitch-cap-c835,2025-10-01 09:41
"Port Authority Tall Long Sleeve Easy Care Shirt",port-authority-tall-long-sleeve-easy-care-shirt-tls608,2025-10-01 09:41
"Port Companyyouth Six Panel Twill Cap",port-companyyouth-six-panel-twill-cap-ycp80,2025-10-01 09:41
"Port Authority 100 Cotton Beanie",port-authority-100-cotton-beanie-cp95,2025-10-01 09:41
"Cornerstone Enhanced Visibility Beanie With Reflective Stripe",cornerstone-enhanced-visibility-beanie-with-reflective-stripe-cs800,2025-10-01 09:41
"Port Authority Pro Camouflage Series Garment Washed Cap",port-authority-pro-camouflage-series-garment-washed-cap-c871,2025-10-01 09:41
"Port Authority Pro Camouflage Series Cap With Mesh Back",port-authority-pro-camouflage-series-cap-with-mesh-back-c869,2025-10-01 09:41
"Port Authority Ladies Nootka Jacket",port-authority-ladies-nootka-jacket-l792,2025-10-01 09:41
"Nike Swoosh Front Cap",nike-swoosh-front-cap-333114,2025-10-01 09:41
"District Distressed Military Hat",district-distressed-military-hat-dt605,2025-10-01 09:41
"Port Authority Ladies Garment Washed Cap",port-authority-ladies-garment-washed-cap-lpwu,2025-10-01 09:41
"Red Kap Industrial Work Pant",red-kap-industrial-work-pant-pt20,2025-10-01 09:41
"Red Kap Short Sleeve Striped Industrial Work Shirt",red-kap-short-sleeve-striped-industrial-work-shirt-cs20,2025-10-01 09:41
"Red Kap Long Sleeve Striped Industrial Work Shirt",red-kap-long-sleeve-striped-industrial-work-shirt-cs10,2025-10-01 09:41
"Red Kap Short Sleeve Industrial Work Shirt",red-kap-short-sleeve-industrial-work-shirt-sp24,2025-10-01 09:41
"Red Kap Long Sleeve Industrial Work Shirt",red-kap-long-sleeve-industrial-work-shirt-sp14,2025-10-01 09:41
"Sport Tek Dri Mesh Polo With Tipped Collar And Piping",sport-tek-dri-mesh-polo-with-tipped-collar-and-piping-k467,2025-10-01 09:41
"Port Authority Camouflage Fleece Beanie",port-authority-camouflage-fleece-beanie-c901,2025-10-01 09:41
"Port Authority Rapid Dry Long Sleeve Polo",port-authority-rapid-dry-long-sleeve-polo-k455ls,2025-10-01 09:41
"Sport Tek Dry Zone Long Sleeve Raglan T Shirt",sport-tek-dry-zone-long-sleeve-raglan-t-shirt-t473ls,2025-10-01 09:41
"Port Authority Full Length Apron With Pockets",port-authority-full-length-apron-with-pockets-a500,2025-10-01 09:41
"Port Authority Flexfit Cap",port-authority-flexfit-cap-c865,2025-10-01 09:41
"Port Authority Dry Zone Cap",port-authority-dry-zone-cap-c838,2025-10-01 09:41
"Port Authority Glacier Soft Shell Jacket",port-authority-glacier-soft-shell-jacket-j790,2025-10-01 09:41
"Port Authority Ladies Glacier Soft Shell Jacket",port-authority-ladies-glacier-soft-shell-jacket-l790,2025-10-01 09:41
"Port Authority Competitor Jacket",port-authority-competitor-jacket-jp54,2025-10-01 09:41
"Port Authority Nootka Jacket",port-authority-nootka-jacket-j792,2025-10-01 09:41
"Sport Tek Dry Zone Short Sleeve Raglan T Shirt",sport-tek-dry-zone-short-sleeve-raglan-t-shirt-t473,2025-10-01 09:41
"Port Authority Short Sleeve Easy Care Shirt",port-authority-short-sleeve-easy-care-shirt-s508,2025-10-01 09:41
"Port Authority Ladies Short Sleeve Easy Care Shirt",port-authority-ladies-short-sleeve-easy-care-shirt-l508,2025-10-01 09:41
"Port Authority Long Sleeve Easy Care Shirt",port-authority-long-sleeve-easy-care-shirt-s608,2025-10-01 09:41
"Port Authority Ladies Long Sleeve Easy Care Shirt",port-authority-ladies-long-sleeve-easy-care-shirt-l608,2025-10-01 09:41
"Port Authority Fleece Gloves",port-authority-fleece-gloves-gl01,2025-10-01 09:41
"Port Authority Ladies Dry Zone Ottoman Polo",port-authority-ladies-dry-zone-ottoman-polo-l525,2025-10-01 09:41
"Port Authority Dry Zone Ottoman Polo",port-authority-dry-zone-ottoman-polo-k525,2025-10-01 09:41
"Port Authority Cool Release Cap",port-authority-cool-release-cap-c874,2025-10-01 09:41
"Port Authority Ansi 107 Class 3 Safety Heavyweight Parka",port-authority-ansi-107-class-3-safety-heavyweight-parka-j799s,2025-10-01 09:41
"Port Authority Heavyweight Parka",port-authority-heavyweight-parka-j799,2025-10-01 09:41
"Sport Tek Super Heavyweight Full Zip Hooded Sweatshirt",sport-tek-super-heavyweight-full-zip-hooded-sweatshirt-f282,2025-10-01 09:41
"Port Authority Waterproof Soft Shell Jacket",port-authority-waterproof-soft-shell-jacket-j798,2025-10-01 09:41
"Sport Tek Ladies Dri Mesh V Neck Polo",sport-tek-ladies-dri-mesh-v-neck-polo-l469,2025-10-01 09:41
"Sport Tek Dri Mesh Polo",sport-tek-dri-mesh-polo-k469,2025-10-01 09:41
"Port Authority Beach Towel",port-authority-beach-towel-pt42,2025-10-01 09:41
"Port Authority Rapid Dry Polo",port-authority-rapid-dry-polo-k455,2025-10-01 09:41
"Port Authority Ladies Rapid Dry Polo",port-authority-ladies-rapid-dry-polo-l455,2025-10-01 09:41
"Port Company Essential Fleece Crewneck Sweatshirt",port-company-essential-fleece-crewneck-sweatshirt-pc90,2025-10-01 09:41
"Port Company Essential Pocket Tee",port-company-essential-pocket-tee-pc61p,2025-10-01 09:41
"Port Company Essential Fleece Pullover Hooded Sweatshirt",port-company-essential-fleece-pullover-hooded-sweatshirt-pc90h,2025-10-01 09:41
"Port Company Long Sleeve Essential Tee",port-company-long-sleeve-essential-tee-pc61ls,2025-10-01 09:41
"Port Company Youth Essential Tee",port-company-youth-essential-tee-pc61y,2025-10-01 09:41
"New Era Adjustable Unstructured Cap",new-era-adjustable-unstructured-cap-ne201,2025-10-01 09:41
"New Era Adjustable Structured Cap",new-era-adjustable-structured-cap-ne200,2025-10-01 09:41
"Sport Tek Super Heavyweight Pullover Hooded Sweatshirt",sport-tek-super-heavyweight-pullover-hooded-sweatshirt-f281,2025-10-01 09:41
"Hanes Ecosmart Pullover Hooded Sweatshirt",hanes-ecosmart-pullover-hooded-sweatshirt-p170,2025-10-01 09:41
"Cornerstone Duck Cloth Hooded Work Jacket",cornerstone-duck-cloth-hooded-work-jacket-j763h,2025-10-01 09:41
"Port Authority Heavyweight Cotton Pique Polo With Pocket",port-authority-heavyweight-cotton-pique-polo-with-pocket-k420p,2025-10-01 09:41
"Port Authority Youth Silk Touch Polo",port-authority-youth-silk-touch-polo-y500,2025-10-01 09:41
"Sport Tek Youth Colorblock Raglan Jersey",sport-tek-youth-colorblock-raglan-jersey-yt200,2025-10-01 09:41
"Sport Tek Dri Mesh Pro Polo",sport-tek-dri-mesh-pro-polo-t474,2025-10-01 09:41
"Port Authority Silk Touch Long Sleeve Polo",port-authority-silk-touch-long-sleeve-polo-k500ls,2025-10-01 09:41
"Port Authority Silk Touch Polo With Pocket",port-authority-silk-touch-polo-with-pocket-k500p,2025-10-01 09:41
"Port Authority Day Tote",port-authority-day-tote-bg406,2025-10-01 09:41
"Hanes Cool Dri Performance T Shirt",hanes-cool-dri-performance-t-shirt-4820,2025-10-01 09:41
"Ogio Sly Messenger",ogio-sly-messenger-417041,2025-10-01 09:41
"Ogio Sonic Sling Pack",ogio-sonic-sling-pack-412046,2025-10-01 09:41
"Gildan Ultra Cotton 100 Us Cotton Long Sleeve T Shirt",gildan-ultra-cotton-100-us-cotton-long-sleeve-t-shirt-g2400,2025-10-01 09:41
"District Distressed Cap",district-distressed-cap-dt600,2025-10-01 09:41
"Port Authority Tall Silk Touch Polo",port-authority-tall-silk-touch-polo-tlk500,2025-10-01 09:41
"Port Authority Extended Size Long Sleeve Easy Care Shirt",port-authority-extended-size-long-sleeve-easy-care-shirt-s608es,2025-10-01 09:41
"Hanes Ultimate Cotton Full Zip Hooded Sweatshirt",hanes-ultimate-cotton-full-zip-hooded-sweatshirt-f283,2025-10-01 09:41
"Hanes Ultimate Cotton Pullover Hooded Sweatshirt",hanes-ultimate-cotton-pullover-hooded-sweatshirt-f170,2025-10-01 09:41
"Port Authority Document Tote",port-authority-document-tote-bg408,2025-10-01 09:41
"Port Authority Camouflage Colorblock Sport Duffel",port-authority-camouflage-colorblock-sport-duffel-bg99c,2025-10-01 09:41
"Ogio Rockwell Pack",ogio-rockwell-pack-411072,2025-10-01 09:41
"Ogio Pursuit Messenger",ogio-pursuit-messenger-417053,2025-10-01 09:41
"Gildan Softstyle Ladies Fit V Neck T Shirt",gildan-softstyle-ladies-fit-v-neck-t-shirt-64v00l,2025-10-01 09:41
"Anvil Youth 100 Combed Ring Spun Cotton T Shirt",anvil-youth-100-combed-ring-spun-cotton-t-shirt-990b,2025-10-01 09:41
"Gildan Softstyle V Neck T Shirt",gildan-softstyle-v-neck-t-shirt-64v00,2025-10-01 09:41
"Gildan Ladies Heavy Cotton 100 Cotton Long Sleeve T Shirt",gildan-ladies-heavy-cotton-100-cotton-long-sleeve-t-shirt-5400l,2025-10-01 09:41
"Port Company Fleece Lined Striped Beanie Cap",port-company-fleece-lined-striped-beanie-cap-c922,2025-10-01 09:41
"Port Company Fleece Lined Beanie Cap",port-company-fleece-lined-beanie-cap-cp91l,2025-10-01 09:41
"Eddie Bauer1 2 Zip Microfleece Jacket",eddie-bauer1-2-zip-microfleece-jacket-eb226,2025-10-01 09:41
"Port Authority Lunch Cooler Messenger",port-authority-lunch-cooler-messenger-bg753,2025-10-01 09:41
"Gildan Heavy Cotton 3 4 Sleeve Raglan T Shirt",gildan-heavy-cotton-3-4-sleeve-raglan-t-shirt-5700,2025-10-01 09:41
"Ogio Camo Excelsior Pack",ogio-camo-excelsior-pack-411069c,2025-10-01 09:41
"Gildan Youth Dryblend 6 Ounce Jersey Knit Sport Shirt",gildan-youth-dryblend-6-ounce-jersey-knit-sport-shirt-8800b,2025-10-01 09:41
"Gildan Performance Long Sleeve T Shirt",gildan-performance-long-sleeve-t-shirt-42400,2025-10-01 09:41
"Gildan Heavy Blend Open Bottom Sweatpant",gildan-heavy-blend-open-bottom-sweatpant-18400,2025-10-01 09:41
"Anvil Ladies Tri Blend V Neck Tee",anvil-ladies-tri-blend-v-neck-tee-6750vl,2025-10-01 09:41
"Eddie Bauer Full Zip Heather Stretch Fleece Jacket",eddie-bauer-full-zip-heather-stretch-fleece-jacket-eb238,2025-10-01 09:41
"Eddie Bauer Ladies Full Zip Heather Stretch Fleece Jacket",eddie-bauer-ladies-full-zip-heather-stretch-fleece-jacket-eb239,2025-10-01 09:41
"Port Authority Ultra Core Cinch Pack",port-authority-ultra-core-cinch-pack-bg615,2025-10-01 09:41
"District Womens V I T Racerback Tank",district-womens-v-i-t-racerback-tank-dt6302,2025-10-01 09:41
"District Girls V I T Tank",district-girls-v-i-t-tank-dt6303yg,2025-10-01 09:41
"District Girls Very Important Tee",district-girls-very-important-tee-dt6001yg,2025-10-01 09:41
"District Womens Very Important Tee Long Sleeve V Neck",district-womens-very-important-tee-long-sleeve-v-neck-dt6201,2025-10-01 09:41
"Eddie Bauer Ladies Dash Full Zip Fleece Jacket",eddie-bauer-ladies-dash-full-zip-fleece-jacket-eb243,2025-10-01 09:41
"Eddie Bauer Dash Full Zip Fleece Jacket",eddie-bauer-dash-full-zip-fleece-jacket-eb242,2025-10-01 09:41
"Eddie Bauer Sport Hooded Full Zip Fleece Jacket",eddie-bauer-sport-hooded-full-zip-fleece-jacket-eb244,2025-10-01 09:41
"Ogio Breakaway Duffel",ogio-breakaway-duffel-411095,2025-10-01 09:41
"Port Authority Lunch Bag Cooler",port-authority-lunch-bag-cooler-bg500,2025-10-01 09:41
"Bellacanvas Unisex Poly Cotton Short Sleeve Tee",bellacanvas-unisex-poly-cotton-short-sleeve-tee-bc3650,2025-10-01 09:41
"Bellacanvas Unisex Jersey Long Sleeve Hoodie",bellacanvas-unisex-jersey-long-sleeve-hoodie-bc3512,2025-10-01 09:41
"Bellacanvas Unisex Jersey Short Sleeve V Neck Tee",bellacanvas-unisex-jersey-short-sleeve-v-neck-tee-bc3005,2025-10-01 09:41
"Bellacanvas Unisex Made In The Usa Jersey Short Sleeve Tee",bellacanvas-unisex-made-in-the-usa-jersey-short-sleeve-tee-bc3001u,2025-10-01 09:41
"District Perfect Tri French Terry Hoodie",district-perfect-tri-french-terry-hoodie-dt355,2025-10-01 09:41
"District Womens Perfect Tri Hooded Cardigan",district-womens-perfect-tri-hooded-cardigan-dt156,2025-10-01 09:41
"District Very Important Tee Long Sleeve",district-very-important-tee-long-sleeve-dt6200,2025-10-01 09:41
"Ogio Basis Pack",ogio-basis-pack-91003,2025-10-01 09:41
"Ogio Monolithic Pack",ogio-monolithic-pack-91004,2025-10-01 09:41
"Bellacanvas Womens Slouchy Tee",bellacanvas-womens-slouchy-tee-bc8816,2025-10-01 09:41
"Bellacanvas Womens Relaxed Jersey Short Sleeve V Neck Tee",bellacanvas-womens-relaxed-jersey-short-sleeve-v-neck-tee-bc6405,2025-10-01 09:41
"Bellacanvas Womens Jersey Racerback Tank",bellacanvas-womens-jersey-racerback-tank-bc6008,2025-10-01 09:41
"Bellacanvas Womens Jersey Muscle Tank",bellacanvas-womens-jersey-muscle-tank-bc6003,2025-10-01 09:41
"Bellacanvas Unisex Sponge Fleece Drop Shoulder Sweatshirt",bellacanvas-unisex-sponge-fleece-drop-shoulder-sweatshirt-bc3945,2025-10-01 09:41
"Bellacanvas Unisex Sponge Fleece Raglan Sweatshirt",bellacanvas-unisex-sponge-fleece-raglan-sweatshirt-bc3901,2025-10-01 09:41
"District Womens Very Important Tee",district-womens-very-important-tee-dt6002,2025-10-01 09:41
"Cornerstone Industrial Snag Proof Pique Pocket Polo",cornerstone-industrial-snag-proof-pique-pocket-polo-cs4020p,2025-10-01 09:41
"Cornerstone Industrial Snag Proof Pique Polo",cornerstone-industrial-snag-proof-pique-polo-cs4020,2025-10-01 09:41
"District Womens Medal Full Zip Hoodie",district-womens-medal-full-zip-hoodie-dt665,2025-10-01 09:41
"District Medal Full Zip Hoodie",district-medal-full-zip-hoodie-dt565,2025-10-01 09:41
"District Medal Tee",district-medal-tee-dt564,2025-10-01 09:41
"Cornerstone Select Lightweight Snag Proof Polo",cornerstone-select-lightweight-snag-proof-polo-cs418,2025-10-01 09:41
"Port Authority Form Backpack",port-authority-form-backpack-bg212,2025-10-01 09:41
"Gildan Heavy Cotton 100 Cotton Pocket T Shirt",gildan-heavy-cotton-100-cotton-pocket-t-shirt-5300,2025-10-01 09:41
"Carhartt Rain Defender Paxton Heavyweight Hooded Zip Front Sweatshirt",carhartt-rain-defender-paxton-heavyweight-hooded-zip-front-sweatshirt-ct100614,2025-10-01 09:41
"Carhartt Rain Defender Paxton Heavyweight Hooded Zip Mock Sweatshirt",carhartt-rain-defender-paxton-heavyweight-hooded-zip-mock-sweatshirt-ct100617,2025-10-01 09:41
"Carhartt Rain Defender Paxton Heavyweight Hooded Sweatshirt",carhartt-rain-defender-paxton-heavyweight-hooded-sweatshirt-ct100615,2025-10-01 09:41
"Carhartt Midweight Crewneck Sweatshirt",carhartt-midweight-crewneck-sweatshirt-ctk124,2025-10-01 09:41
"Carhartt Tall Workwear Pocket Short Sleeve T Shirt",carhartt-tall-workwear-pocket-short-sleeve-t-shirt-cttk87,2025-10-01 09:41
"Carhartt Workwear Pocket Long Sleeve T Shirt",carhartt-workwear-pocket-long-sleeve-t-shirt-ctk126,2025-10-01 09:41
"District Womens Very Important Tee V Neck",district-womens-very-important-tee-v-neck-dt6503,2025-10-01 09:41
"District Youth Perfect Tri Long Sleeve Hoodie",district-youth-perfect-tri-long-sleeve-hoodie-dt139y,2025-10-01 09:41
"District Womens Fitted Perfect Tri Tee",district-womens-fitted-perfect-tri-tee-dt155,2025-10-01 09:41
"Port Company Core Fleece Sweatshirt Blanket",port-company-core-fleece-sweatshirt-blanket-bp78,2025-10-01 09:41
"District Perfect Tri 3 4 Sleeve Raglan",district-perfect-tri-3-4-sleeve-raglan-dm136,2025-10-01 09:41
"Comfort Colors Youth Heavyweight Ring Spun Tee",comfort-colors-youth-heavyweight-ring-spun-tee-9018,2025-10-01 09:41
"Comfort Colors Heavyweight Ring Spun Tank Top",comfort-colors-heavyweight-ring-spun-tank-top-9360,2025-10-01 09:41
"Comfort Colors Ring Spun 1 4 Zip Sweatshirt",comfort-colors-ring-spun-1-4-zip-sweatshirt-1580,2025-10-01 09:41
"Comfort Colors Heavyweight Ring Spun Long Sleeve Pocket Tee",comfort-colors-heavyweight-ring-spun-long-sleeve-pocket-tee-4410,2025-10-01 09:41
"Bellacanvas Unisex Jersey Short Sleeve Tee",bellacanvas-unisex-jersey-short-sleeve-tee-bc3001,2025-10-01 09:41
"Bellacanvas Youth Sponge Fleece Pullover Hoodie",bellacanvas-youth-sponge-fleece-pullover-hoodie-bc3719y,2025-10-01 09:41
"Bellacanvas Unisex Heather Cvc Short Sleeve Tee",bellacanvas-unisex-heather-cvc-short-sleeve-tee-bc3001cvc,2025-10-01 09:41
"Bellacanvas Womens Sponge Fleece Cropped Fleece Hoodie",bellacanvas-womens-sponge-fleece-cropped-fleece-hoodie-bc7502,2025-10-01 09:41
"Port Authority Retro Backpack",port-authority-retro-backpack-bg7150,2025-10-01 09:41
"Port Authority Form Duffel",port-authority-form-duffel-bg805,2025-10-01 09:41
"District Womens Perfect Tri Racerback Tank",district-womens-perfect-tri-racerback-tank-dm138l,2025-10-01 09:41
"District Womens Perfect Tri 3 4 Sleeve Raglan",district-womens-perfect-tri-3-4-sleeve-raglan-dm136l,2025-10-01 09:41
"District Womens Flex Scoop Neck Tee",district-womens-flex-scoop-neck-tee-dt7501,2025-10-01 09:41
"District Flex Tee",district-flex-tee-dt7500,2025-10-01 09:41
"Cornerstone Select Lightweight Snag Proof Enhanced Visibility Polo",cornerstone-select-lightweight-snag-proof-enhanced-visibility-polo-cs423,2025-10-01 09:41
"Cornerstone Select Lightweight Snag Proof Tactical Polo",cornerstone-select-lightweight-snag-proof-tactical-polo-cs420,2025-10-01 09:41
"Jerzees Snow Heather French Terry Raglan Crew",jerzees-snow-heather-french-terry-raglan-crew-91m,2025-10-01 09:41
"Jerzees Snow Heather French Terry Raglan Hoodie",jerzees-snow-heather-french-terry-raglan-hoodie-90m,2025-10-01 09:41
"Port Authority Cotton Cinch Pack",port-authority-cotton-cinch-pack-bg620,2025-10-01 09:41
"Bellacanvas Youth Triblend Short Sleeve Tee",bellacanvas-youth-triblend-short-sleeve-tee-bc3413y,2025-10-01 09:41
"Bellacanvas Unisex Triblend Short Sleeve Tee",bellacanvas-unisex-triblend-short-sleeve-tee-bc3413,2025-10-01 09:41
"Port Authority Exec Backpack",port-authority-exec-backpack-bg223,2025-10-01 09:41
"Port Authority Access Dome Duffel",port-authority-access-dome-duffel-bg818,2025-10-01 09:41
"Port Authority Access Square Backpack",port-authority-access-square-backpack-bg218,2025-10-01 09:41
"Port Authority Circuit Backpack",port-authority-circuit-backpack-bg217,2025-10-01 09:41
"Cornerstone Workwear Pocket Tee",cornerstone-workwear-pocket-tee-cs430,2025-10-01 09:41
"District Womens Perfect Weight Fleece Cropped Crew",district-womens-perfect-weight-fleece-cropped-crew-dt1105,2025-10-01 09:41
"District Womens Perfect Weight Fleece Drop Shoulder Full Zip Hoodie",district-womens-perfect-weight-fleece-drop-shoulder-full-zip-hoodie-dt1104,2025-10-01 09:41
"District Perfect Weight Fleece Full Zip Hoodie",district-perfect-weight-fleece-full-zip-hoodie-dt1103,2025-10-01 09:41
"District Perfect Weight Fleece Hoodie",district-perfect-weight-fleece-hoodie-dt1101,2025-10-01 09:41
"Port Authority Essential Zip Tote",port-authority-essential-zip-tote-bg410,2025-10-01 09:41
"Nike Club Fleece Crew",nike-club-fleece-crew-cj1614,2025-10-01 09:41
"Nike Club Fleece Pullover Hoodie",nike-club-fleece-pullover-hoodie-cj1611,2025-10-01 09:41
"Nike Youth Legend Tee",nike-youth-legend-tee-840178,2025-10-01 09:41
"Allmade Womens Tri Blend Long Sleeve Tee",allmade-womens-tri-blend-long-sleeve-tee-al6008,2025-10-01 09:41
"Ogio Downtown Tote",ogio-downtown-tote-94000,2025-10-01 09:41
"Ogio Connected Pack",ogio-connected-pack-91008,2025-10-01 09:41
"Ogio Range Pack",ogio-range-pack-91007,2025-10-01 09:41
"Ogio Downtown Pack",ogio-downtown-pack-91006,2025-10-01 09:41
"Port Authority Exec Briefcase",port-authority-exec-briefcase-bg323,2025-10-01 09:41
"Port Authority City Briefcase",port-authority-city-briefcase-bg322,2025-10-01 09:41
"Port Authority City Tote",port-authority-city-tote-bg422,2025-10-01 09:41
"Cornerstone Ansi 107 Class 2 Mesh Tee",cornerstone-ansi-107-class-2-mesh-tee-cs200,2025-10-01 09:41
"District Womens Re Tee V Neck",district-womens-re-tee-v-neck-dt8001,2025-10-01 09:41
"District Re Tee",district-re-tee-dt8000,2025-10-01 09:41
"District Womens Re Fleecefull Zip Hoodie",district-womens-re-fleecefull-zip-hoodie-dt8103,2025-10-01 09:41
"District Re Fleececrew",district-re-fleececrew-dt8104,2025-10-01 09:41
"District Re Fleecefull Zip Hoodie",district-re-fleecefull-zip-hoodie-dt8102,2025-10-01 09:41
"District Re Fleecehoodie",district-re-fleecehoodie-dt8100,2025-10-01 09:41
"Port Company Oversized Core Fleece Sweatshirt Blanket",port-company-oversized-core-fleece-sweatshirt-blanket-bp79,2025-10-01 09:41
"Nike Ladies Gym Vintage Full Zip Hoodie",nike-ladies-gym-vintage-full-zip-hoodie-cn9402,2025-10-01 09:41
"Allmade Unisex Organic French Terry Pullover Hoodie",allmade-unisex-organic-french-terry-pullover-hoodie-al4000,2025-10-01 09:41
"Cornerstone Select Lightweight Snag Proof Long Sleeve Polo",cornerstone-select-lightweight-snag-proof-long-sleeve-polo-cs418ls,2025-10-01 09:41
"Eddie Bauer Ladies Woodland Shirt Jac",eddie-bauer-ladies-woodland-shirt-jac-eb229,2025-10-01 09:41
"Eddie Bauer Woodland Shirt Jac",eddie-bauer-woodland-shirt-jac-eb228,2025-10-01 09:41
"Cornerstone Enhanced Visibility Fleece Pullover Hoodie",cornerstone-enhanced-visibility-fleece-pullover-hoodie-csf01,2025-10-01 09:41
"Cornerstone A107 Class 3 Heavy Duty Fleece Full Zip Hoodie",cornerstone-a107-class-3-heavy-duty-fleece-full-zip-hoodie-csf300,2025-10-01 09:41
"Port Company Fleece Lined Knit Cap",port-company-fleece-lined-knit-cap-cp90l,2025-10-01 09:41
"Port Companybrushed Twill Cap",port-companybrushed-twill-cap-cp82,2025-10-01 09:41
"Cornerstone Ansi 107 Class 3 Mesh Long Sleeve Tee",cornerstone-ansi-107-class-3-mesh-long-sleeve-tee-cs203,2025-10-01 09:41
"Carhartt Midweight Hooded Zip Front Sweatshirt",carhartt-midweight-hooded-zip-front-sweatshirt-ctk122,2025-10-01 09:41
"Carhartt Midweight Hooded Sweatshirt",carhartt-midweight-hooded-sweatshirt-ctk121,2025-10-01 09:41
"Port Company Pigment Dyed Cap",port-company-pigment-dyed-cap-cp84,2025-10-01 09:41
"District Womens The Concert Tee V Neck",district-womens-the-concert-tee-v-neck-dt5002,2025-10-01 09:41
"District Womens Perfect Tri Tee",district-womens-perfect-tri-tee-dm130l,2025-10-01 09:41
"District Re Tee Long Sleeve",district-re-tee-long-sleeve-dt8003,2025-10-01 09:41
"Allmade Unisex Organic French Terry Crewneck Sweatshirt",allmade-unisex-organic-french-terry-crewneck-sweatshirt-al4004,2025-10-01 09:41
"Allmade Unisex Organic French Terry Full Zip Hoodie",allmade-unisex-organic-french-terry-full-zip-hoodie-al4002,2025-10-01 09:41
"District Youth Very Important Tee",district-youth-very-important-tee-dt6000y,2025-10-01 09:41
"District Re Fleece Jogger",district-re-fleece-jogger-dt8107,2025-10-01 09:41
"District Womens Re Fleece Hoodie",district-womens-re-fleece-hoodie-dt8101,2025-10-01 09:41
"District Womens V I T Fleece Sweatpant",district-womens-v-i-t-fleece-sweatpant-dt6110,2025-10-01 09:41
"District Womens V I T Fleece 1 2 Zip",district-womens-v-i-t-fleece-1-2-zip-dt6111,2025-10-01 09:41
"District Womens V I T Fleece Full Zip Hoodie",district-womens-v-i-t-fleece-full-zip-hoodie-dt6103,2025-10-01 09:41
"District Womens V I T Fleece Hoodie",district-womens-v-i-t-fleece-hoodie-dt6101,2025-10-01 09:41
"District Womens Perfect Tri Relaxed Tank",district-womens-perfect-tri-relaxed-tank-dt151,2025-10-01 09:41
"Allmade Unisex Recycled Blend Tee",allmade-unisex-recycled-blend-tee-al2300,2025-10-01 09:41
"Port Authority Upright Essential Tote",port-authority-upright-essential-tote-bg431,2025-10-01 09:41
"Jerzees Dri Power 100 Polyester Long Sleeve T Shirt",jerzees-dri-power-100-polyester-long-sleeve-t-shirt-21ls,2025-10-01 09:41
"Comfort Colors Color Blast Crewneck Sweatshirt",comfort-colors-color-blast-crewneck-sweatshirt-1545,2025-10-01 09:41
"Comfort Colors Heavyweight Color Blast Tee",comfort-colors-heavyweight-color-blast-tee-1745,2025-10-01 09:41
"Comfort Colors Ring Spun Hooded Sweatshirt",comfort-colors-ring-spun-hooded-sweatshirt-1567,2025-10-01 09:41
"District Youth Perfect Tri Tee",district-youth-perfect-tri-tee-dt130y,2025-10-01 09:41
"Allmade Unisex Tri Blend Tank",allmade-unisex-tri-blend-tank-al2019,2025-10-01 09:41
"Port Authority Cotton Canvas Two Tone Tote",port-authority-cotton-canvas-two-tone-tote-bg429,2025-10-01 09:42
"Port Authority Cotton Canvas Shopper Tote",port-authority-cotton-canvas-shopper-tote-bg428,2025-10-01 09:42
"Port Authority Cotton Canvas Jumbo Tote",port-authority-cotton-canvas-jumbo-tote-bg427,2025-10-01 09:42
"Port Authority Cotton Canvas Over The Shoulder Tote",port-authority-cotton-canvas-over-the-shoulder-tote-bg426,2025-10-01 09:42
"District Womens Perfect Tri Muscle Tank",district-womens-perfect-tri-muscle-tank-dt153,2025-10-01 09:42
"Allmade Unisex Long Sleeve Recycled Blend Tee",allmade-unisex-long-sleeve-recycled-blend-tee-al6204,2025-10-01 09:42
"Allmade Womens Recycled Blend V Neck Tee",allmade-womens-recycled-blend-v-neck-tee-al2303,2025-10-01 09:42
"District Perfect Tri Fleece Full Zip Hoodie",district-perfect-tri-fleece-full-zip-hoodie-dt1302,2025-10-01 09:42
"District Womens Perfect Tri Fleece 1 2 Zip Pullover",district-womens-perfect-tri-fleece-1-2-zip-pullover-dt1311,2025-10-01 09:42
"Ogio Utilitarian Carry On Spinner",ogio-utilitarian-carry-on-spinner-413011,2025-10-01 09:42
"Ogio Utilitarian Modular Pack",ogio-utilitarian-modular-pack-91018,2025-10-01 09:42
"Ogio Command Pack",ogio-command-pack-91019,2025-10-01 09:42
"Ogio Command Messenger",ogio-command-messenger-93000,2025-10-01 09:42
"District Perfect Tri Fleece Pullover Hoodie",district-perfect-tri-fleece-pullover-hoodie-dt1300,2025-10-01 09:42
"District Womens Perfect Tri Long Sleeve V Neck Tee",district-womens-perfect-tri-long-sleeve-v-neck-tee-dt135,2025-10-01 09:42
"District V I T Heavyweight Fleece Hoodie",district-v-i-t-heavyweight-fleece-hoodie-dt6600,2025-10-01 09:42
"District Womens Perfect Tri Fleece Jogger",district-womens-perfect-tri-fleece-jogger-dt1310,2025-10-01 09:42
"District Perfect Tri Fleece Jogger",district-perfect-tri-fleece-jogger-dt1307,2025-10-01 09:42
"District Womens Perfect Tri Fleece V Neck Sweatshirt",district-womens-perfect-tri-fleece-v-neck-sweatshirt-dt1312,2025-10-01 09:42
"District Perfect Tri Fleece Crewneck Sweatshirt",district-perfect-tri-fleece-crewneck-sweatshirt-dt1304,2025-10-01 09:42
"Carhartt Force Short Sleeve Pocket T Shirt",carhartt-force-short-sleeve-pocket-t-shirt-ct104616,2025-10-01 09:42
"Carhartt Midweight Thermal Lined Full Zip Sweatshirt",carhartt-midweight-thermal-lined-full-zip-sweatshirt-ct104078,2025-10-01 09:42
"Carhartt Midweight 1 4 Zip Mock Neck Sweatshirt",carhartt-midweight-1-4-zip-mock-neck-sweatshirt-ct105294,2025-10-01 09:42
"Limited Edition Nike Therma Fit 1 4 Zip Fleece",limited-edition-nike-therma-fit-1-4-zip-fleece-cn9492,2025-10-01 09:42
"District Perfect Tri Long Sleeve Tee",district-perfect-tri-long-sleeve-tee-dm132,2025-10-01 09:42
"District Womens Perfect Tri V Neck Tee",district-womens-perfect-tri-v-neck-tee-dm1350l,2025-10-01 09:42
"Bellacanvas Womens Relaxed Heather Cvc V Neck Tee",bellacanvas-womens-relaxed-heather-cvc-v-neck-tee-bc6405cvc,2025-10-01 09:42
"Bellacanvas Unisex Heather Cvc V Neck Tee",bellacanvas-unisex-heather-cvc-v-neck-tee-bc3005cvc,2025-10-01 09:42
"Bellacanvas Youth Heather Cvc Tee",bellacanvas-youth-heather-cvc-tee-bc3001ycvc,2025-10-01 09:42
"Carhartt Workwear Pocket Short Sleeve T Shirt",carhartt-workwear-pocket-short-sleeve-t-shirt-ctk87,2025-10-01 09:42
"Carhartt Tall Midweight Hooded Sweatshirt",carhartt-tall-midweight-hooded-sweatshirt-cttk121,2025-10-01 09:42
"Carhartt Force 1 4 Zip Long Sleeve T Shirt",carhartt-force-1-4-zip-long-sleeve-t-shirt-ct104255,2025-10-01 09:42
"Carhartt Force Long Sleeve Pocket T Shirt",carhartt-force-long-sleeve-pocket-t-shirt-ct104617,2025-10-01 09:42
"Port Authority Upright Crossbody Bag",port-authority-upright-crossbody-bag-bg918,2025-10-01 09:42
"Port Authority Crossbody Backpack",port-authority-crossbody-backpack-bg228,2025-10-01 09:42
"Allmade Womens Tri Blend V Neck Tee",allmade-womens-tri-blend-v-neck-tee-al2018,2025-10-01 09:42
"Allmade Unisex Tri Blend V Neck Tee",allmade-unisex-tri-blend-v-neck-tee-al2014,2025-10-01 09:42
"Allmade Womens Tri Blend Tee",allmade-womens-tri-blend-tee-al2008,2025-10-01 09:42
"Bellacanvas Womens Relaxed Triblend V Neck Tee",bellacanvas-womens-relaxed-triblend-v-neck-tee-bc6415,2025-10-01 09:42
"Bellacanvas Unisex Triblend Long Sleeve Tee",bellacanvas-unisex-triblend-long-sleeve-tee-bc3513,2025-10-01 09:42
"Bellacanvas Unisex Textured Jersey V Neck Tee",bellacanvas-unisex-textured-jersey-v-neck-tee-bc3655,2025-10-01 09:42
"District Perfect Tri Long Sleeve Henley",district-perfect-tri-long-sleeve-henley-dt145,2025-10-01 09:42
"Allmade Womens Relaxed Tri Blend Scoop Neck Tee",allmade-womens-relaxed-tri-blend-scoop-neck-tee-al2015,2025-10-01 09:42
"Jerzees Premium Blend Ring Spun Long Sleeve T Shirt",jerzees-premium-blend-ring-spun-long-sleeve-t-shirt-560ls,2025-10-01 09:42
"Hanes Essential T 100 Cotton Long Sleeve T Shirt",hanes-essential-t-100-cotton-long-sleeve-t-shirt-5286,2025-10-01 09:42
"Ogio Sprint 24 Pack Cooler",ogio-sprint-24-pack-cooler-96002,2025-10-01 09:42
"Ogio Sprint Lunch Cooler",ogio-sprint-lunch-cooler-96000,2025-10-01 09:42
"Ogio Sprint 12 Pack Cooler",ogio-sprint-12-pack-cooler-96001,2025-10-01 09:42
"Brooks Brothers Grant Dual Handle Backpack",brooks-brothers-grant-dual-handle-backpack-bb18821,2025-10-01 09:42
"Brooks Brothers Grant Backpack",brooks-brothers-grant-backpack-bb18820,2025-10-01 09:42
"Port Authority Clear Hip Pack",port-authority-clear-hip-pack-bg930,2025-10-01 09:42
"Port Authority Large Crossbody Hip Pack",port-authority-large-crossbody-hip-pack-bg919,2025-10-01 09:42
"Brooks Brothers Cotton Stretch V Neck Sweater",brooks-brothers-cotton-stretch-v-neck-sweater-bb18400,2025-10-01 09:42
"Brooks Brothers Womens Double Knit Full Zip",brooks-brothers-womens-double-knit-full-zip-bb18211,2025-10-01 09:42
"Brooks Brothers Double Knit Full Zip",brooks-brothers-double-knit-full-zip-bb18210,2025-10-01 09:42
"Brooks Brothers Double Knit Full Zip Hoodie",brooks-brothers-double-knit-full-zip-hoodie-bb18208,2025-10-01 09:42
"Brooks Brothers Double Knit 1 4 Zip",brooks-brothers-double-knit-1-4-zip-bb18206,2025-10-01 09:42
"Brooks Brothers Womens Mid Layer Stretch Button Jacket",brooks-brothers-womens-mid-layer-stretch-button-jacket-bb18205,2025-10-01 09:42
"Brooks Brothers Womens Mid Layer Stretch 1 2 Button",brooks-brothers-womens-mid-layer-stretch-1-2-button-bb18203,2025-10-01 09:42
"Brooks Brothers Mid Layer Stretch 1 2 Button",brooks-brothers-mid-layer-stretch-1-2-button-bb18202,2025-10-01 09:42
"Brooks Brothers Pima Cotton Pique Polo",brooks-brothers-pima-cotton-pique-polo-bb18200,2025-10-01 09:42
"District Youth Perfect Tri Long Sleeve Tee",district-youth-perfect-tri-long-sleeve-tee-dt132y,2025-10-01 09:42
"District Womens Featherweight French Terry Full Zip Hoodie",district-womens-featherweight-french-terry-full-zip-hoodie-dt673,2025-10-01 09:42
"District Featherweight French Terry Full Zip Hoodie",district-featherweight-french-terry-full-zip-hoodie-dt573,2025-10-01 09:42
"District Womens Featherweight French Terry Long Sleeve Crewneck",district-womens-featherweight-french-terry-long-sleeve-crewneck-dt672,2025-10-01 09:42
"District Featherweight French Terry Long Sleeve Crewneck",district-featherweight-french-terry-long-sleeve-crewneck-dt572,2025-10-01 09:42
"Brooks Brothers Cotton Stretch 1 4 Zip Sweater",brooks-brothers-cotton-stretch-1-4-zip-sweater-bb18402,2025-10-01 09:42
"Brooks Brothers Womens Cotton Stretch Cardigan Sweater",brooks-brothers-womens-cotton-stretch-cardigan-sweater-bb18405,2025-10-01 09:42
"District Womens Perfect Tri Midi Long Sleeve Hoodie",district-womens-perfect-tri-midi-long-sleeve-hoodie-dt1390l,2025-10-01 09:42
"District Womens Perfect Tri Midi Long Sleeve Tee",district-womens-perfect-tri-midi-long-sleeve-tee-dt141,2025-10-01 09:42
"Brooks Brothers Womens Cotton Stretch Long Cardigan Sweater",brooks-brothers-womens-cotton-stretch-long-cardigan-sweater-bb18403,2025-10-01 09:42
"Brooks Brothers Womens Cotton Stretch V Neck Sweater",brooks-brothers-womens-cotton-stretch-v-neck-sweater-bb18401,2025-10-01 09:42
"Bellacanvas Youth Jersey Short Sleeve Tee",bellacanvas-youth-jersey-short-sleeve-tee-bc3001y,2025-10-01 09:42
"Bellacanvas Unisex Heather Cvc Long Sleeve Tee",bellacanvas-unisex-heather-cvc-long-sleeve-tee-bc3501cvc,2025-10-01 09:42
"Bellacanvas Womens Relaxed Triblend Tee",bellacanvas-womens-relaxed-triblend-tee-bc6413,2025-10-01 09:42
"Bellacanvas Womens Relaxed Cvc Tee",bellacanvas-womens-relaxed-cvc-tee-bc6400cvc,2025-10-01 09:42
"Jerzees Nublend Fleece Jogger",jerzees-nublend-fleece-jogger-975mp,2025-10-01 09:42
"Jerzees Premium Blend Ring Spun T Shirt",jerzees-premium-blend-ring-spun-t-shirt-560m,2025-10-01 09:42
"District Featherweight French Terry Hoodie",district-featherweight-french-terry-hoodie-dt571,2025-10-01 09:42
"Nike Utility Speed Backpack",nike-utility-speed-backpack-ck2668,2025-10-01 09:42
"Comfort Colors Heavyweight Ring Spun Tee",comfort-colors-heavyweight-ring-spun-tee-1717,2025-10-01 09:42
"Comfort Colors Ring Spun Crewneck Sweatshirt",comfort-colors-ring-spun-crewneck-sweatshirt-1566,2025-10-01 09:42
"Limited Edition Allmade Unisex Mineral Dye Organic Cotton Tee",limited-edition-allmade-unisex-mineral-dye-organic-cotton-tee-al2400,2025-10-01 09:42
"Gildan Youth Softstyle T Shirt",gildan-youth-softstyle-t-shirt-64000b,2025-10-01 09:42
"District Womens Featherweight French Terry Hoodie",district-womens-featherweight-french-terry-hoodie-dt671,2025-10-01 09:42
"Brooks Brothers Wells Dopp Kit",brooks-brothers-wells-dopp-kit-bb18870,2025-10-01 09:42
"Brooks Brothers Wells Laptop Tote",brooks-brothers-wells-laptop-tote-bb18840,2025-10-01 09:42
"Brooks Brothers Wells Duffel",brooks-brothers-wells-duffel-bb18880,2025-10-01 09:42
"Brooks Brothers Wells Briefcase",brooks-brothers-wells-briefcase-bb18830,2025-10-01 09:42
"Gildan Heavy Cotton Toddler T Shirt",gildan-heavy-cotton-toddler-t-shirt-5100p,2025-10-01 09:42
"Gildan Softstyle Womens Cvc T Shirt",gildan-softstyle-womens-cvc-t-shirt-67000l,2025-10-01 09:42
"Gildan Tall 100 Us Cotton T Shirt",gildan-tall-100-us-cotton-t-shirt-2000t,2025-10-01 09:42
"Gildan Softstyle Tank Top",gildan-softstyle-tank-top-64200,2025-10-01 09:42
"American Apparel Fine Jersey Tank",american-apparel-fine-jersey-tank-2408w,2025-10-01 09:42
"Gildan Softstyle Cvc Tee",gildan-softstyle-cvc-tee-67000,2025-10-01 09:42
"Comfort Colors Heavyweight Ring Spun Pocket Tee",comfort-colors-heavyweight-ring-spun-pocket-tee-6030,2025-10-01 09:42
"Comfort Colors Heavyweight Ring Spun Long Sleeve Tee",comfort-colors-heavyweight-ring-spun-long-sleeve-tee-6014,2025-10-01 09:42
"Port Authority Ideal Twill Jumbo Tote",port-authority-ideal-twill-jumbo-tote-b300,2025-10-01 09:42
"Port Companywashed Twill Sandwich Bill Cap",port-companywashed-twill-sandwich-bill-cap-cp79,2025-10-01 09:42
"Port Companyknit Skull Cap",port-companyknit-skull-cap-cp94,2025-10-01 09:42
"Gildan Heavy Blend Sweatpant",gildan-heavy-blend-sweatpant-18200,2025-10-01 09:42
"Gildan Youth Heavy Blend Crewneck Sweatshirt",gildan-youth-heavy-blend-crewneck-sweatshirt-18000b,2025-10-01 09:42
"District Perfect Tri Long Sleeve Hoodie",district-perfect-tri-long-sleeve-hoodie-dm139,2025-10-01 09:42
"Jerzees Youth Nublend Full Zip Hooded Sweatshirt",jerzees-youth-nublend-full-zip-hooded-sweatshirt-993b,2025-10-01 09:42
"American Apparel Unisex Heavyweight Long Sleeve T Shirt",american-apparel-unisex-heavyweight-long-sleeve-t-shirt-1304w,2025-10-01 09:42
"Port Companysandwich Bill Cap",port-companysandwich-bill-cap-cp85,2025-10-01 09:42
"Ogio Motion Duffel",ogio-motion-duffel-411099,2025-10-01 09:42
"Ogio Motion X Over Pack",ogio-motion-x-over-pack-91020,2025-10-01 09:42
"Port Companyfive Panel Twill Cap",port-companyfive-panel-twill-cap-cp86,2025-10-01 09:42
"Ogio Pulley Cooler",ogio-pulley-cooler-611701,2025-10-01 09:42
"Ogio Carbon Pack",ogio-carbon-pack-711140,2025-10-01 09:42
"Ogio Doppler Kit",ogio-doppler-kit-611901,2025-10-01 09:42
"Ogio Pull Through Travel Bag",ogio-pull-through-travel-bag-611024,2025-10-01 09:42
"Ogio Jack Pack Messenger",ogio-jack-pack-messenger-711203,2025-10-01 09:42
"Ogio Corporate City Corp Messenger",ogio-corporate-city-corp-messenger-711207,2025-10-01 09:42
"Jerzees Youth Nublend Crewneck Sweatshirt",jerzees-youth-nublend-crewneck-sweatshirt-562b,2025-10-01 09:42
"Port Companysix Panel Twill Cap",port-companysix-panel-twill-cap-cp80,2025-10-01 09:42
"Nike Dri Fit Classic Polo",nike-dri-fit-classic-polo-267020,2025-10-01 09:42
"Jerzees Super Sweats Nublend Full Zip Hooded Sweatshirt",jerzees-super-sweats-nublend-full-zip-hooded-sweatshirt-4999m,2025-10-01 09:42
"Port Authority Urban Backpack",port-authority-urban-backpack-bg77,2025-10-01 09:42
"Port Authority Ideal Twill Convention Tote",port-authority-ideal-twill-convention-tote-b050,2025-10-01 09:42
"Hanes Authentic 100 Cotton Long Sleeve T Shirt",hanes-authentic-100-cotton-long-sleeve-t-shirt-5586,2025-10-01 09:42
"Ogio Half Dome Duffel",ogio-half-dome-duffel-711007,2025-10-01 09:42
"Ogio Fugitive Pack",ogio-fugitive-pack-711113,2025-10-01 09:42
"Port Authority Laundry Bag",port-authority-laundry-bag-b085,2025-10-01 09:42
"Ogio Big Dome Duffel",ogio-big-dome-duffel-108087,2025-10-01 09:42
"Cornerstone Heavyweight Full Zip Hooded Sweatshirt With Thermal Lining",cornerstone-heavyweight-full-zip-hooded-sweatshirt-with-thermal-lining-cs620,2025-10-01 09:42
"Ogio Bounty Hunter Pack",ogio-bounty-hunter-pack-108105,2025-10-01 09:42
"Port Authority Ideal Twill Grocery Tote",port-authority-ideal-twill-grocery-tote-b100,2025-10-01 09:42
"Port Companyfashion Visor",port-companyfashion-visor-cp45,2025-10-01 09:42
"Nike Ladies Dri Fit Classic Polo",nike-ladies-dri-fit-classic-polo-286772,2025-10-01 09:42
"Port Company Brushed Twill Low Profile Cap",port-company-brushed-twill-low-profile-cap-cp77,2025-10-01 09:42
"Port Authority Wheeled Backpack",port-authority-wheeled-backpack-bg76s,2025-10-01 09:42
"Cornerstone Ansi 107 Class 3 Short Sleeve Snag Resistant Reflective T Shirt",cornerstone-ansi-107-class-3-short-sleeve-snag-resistant-reflective-t-shirt-cs408,2025-10-01 09:42
"Port Authority Cinch Pack",port-authority-cinch-pack-bg85,2025-10-01 09:42
"Port Authority Colorblock Cinch Pack",port-authority-colorblock-cinch-pack-bg80,2025-10-01 09:42
"Port Authority Ideal Twill Over The Shoulder Grocery Tote",port-authority-ideal-twill-over-the-shoulder-grocery-tote-b110,2025-10-01 09:42
"Ogio Metro Pack",ogio-metro-pack-711105,2025-10-01 09:42
"Ogio All Terrain Duffel",ogio-all-terrain-duffel-711003,2025-10-01 09:42
"Ogio Transfer Duffel",ogio-transfer-duffel-108084,2025-10-01 09:42
"Ogio Mastermind Pack",ogio-mastermind-pack-108091,2025-10-01 09:42
"Ogio Epic Pack",ogio-epic-pack-108090,2025-10-01 09:42
"Ogio Rage Duffel",ogio-rage-duffel-108089,2025-10-01 09:42
"Ogio Crunch Duffel",ogio-crunch-duffel-108085,2025-10-01 09:42
"Hanes Authentic 100 Cotton T Shirt With Pocket",hanes-authentic-100-cotton-t-shirt-with-pocket-5590,2025-10-01 09:42
"Cornerstone Select Snag Proof Tactical Polo",cornerstone-select-snag-proof-tactical-polo-cs410,2025-10-01 09:42
"Gildan Dryblend 50 Cotton 50 Poly Long Sleeve T Shirt",gildan-dryblend-50-cotton-50-poly-long-sleeve-t-shirt-8400,2025-10-01 09:42
"Cornerstone Ladies Select Snag Proof Polo",cornerstone-ladies-select-snag-proof-polo-cs413,2025-10-01 09:42
"Port Company Soft Brushed Canvas Cap",port-company-soft-brushed-canvas-cap-cp96,2025-10-01 09:42
"Port Authority Packable Travel Duffel",port-authority-packable-travel-duffel-bg114,2025-10-01 09:42
"Port Authority Sling Pack",port-authority-sling-pack-bg112,2025-10-01 09:42
"Port Authority Allie Tote",port-authority-allie-tote-b118,2025-10-01 09:42
"Nike Sport Cover Up",nike-sport-cover-up-400099,2025-10-01 09:42
"Ogio Roamer Pack",ogio-roamer-pack-110172,2025-10-01 09:42
"Cornerstone Ansi 107 Class 3 Long Sleeve Snag Resistant Reflective T Shirt",cornerstone-ansi-107-class-3-long-sleeve-snag-resistant-reflective-t-shirt-cs409,2025-10-01 09:42
"Port Authority Hanging Toiletry Kit",port-authority-hanging-toiletry-kit-bg700,2025-10-01 09:42
"Jerzees Super Sweats Nublend 1 4 Zip Sweatshirt With Cadet Collar",jerzees-super-sweats-nublend-1-4-zip-sweatshirt-with-cadet-collar-4528m,2025-10-01 09:42
"Port Authority Rolling Cooler",port-authority-rolling-cooler-bg119,2025-10-01 09:42
"Ogio 9800 Travel Bag",ogio-9800-travel-bag-421001,2025-10-01 09:42
"Ogio Vault Messenger",ogio-vault-messenger-417012,2025-10-01 09:42
"Ogio Element Messenger",ogio-element-messenger-417003,2025-10-01 09:42
"Ogio Marshall Pack",ogio-marshall-pack-411053,2025-10-01 09:42
"Ogio Squadron Pack",ogio-squadron-pack-411047,2025-10-01 09:42
"Ogio Juggernaut Pack",ogio-juggernaut-pack-411043,2025-10-01 09:42
"Ogio Rogue Pack",ogio-rogue-pack-411042,2025-10-01 09:42
"Ogio Chill 18 24 Can Cooler",ogio-chill-18-24-can-cooler-408113,2025-10-01 09:42
"Ogio Chill 6 12 Can Cooler",ogio-chill-6-12-can-cooler-408112,2025-10-01 09:42
"Cornerstone Ladies Select Snag Proof Tactical Polo",cornerstone-ladies-select-snag-proof-tactical-polo-cs411,2025-10-01 09:42
"Ogio Lucin Wheeled Briefcase",ogio-lucin-wheeled-briefcase-417018,2025-10-01 09:42
"Ogio Upton Messenger",ogio-upton-messenger-417015,2025-10-01 09:42
"Ogio Mercur Pack",ogio-mercur-pack-411065,2025-10-01 09:42
"Ogio Bullion Pack",ogio-bullion-pack-411064,2025-10-01 09:42
"Ogio Colton Pack",ogio-colton-pack-411063,2025-10-01 09:42
"Ogio Ace Pack",ogio-ace-pack-411061,2025-10-01 09:42
"Eddie Bauer Ladies Fleece Vest",eddie-bauer-ladies-fleece-vest-eb205,2025-10-01 09:42
"Eddie Bauer Fleece Vest",eddie-bauer-fleece-vest-eb204,2025-10-01 09:42
"Eddie Bauer Full Zip Fleece Jacket",eddie-bauer-full-zip-fleece-jacket-eb200,2025-10-01 09:42
"Nike Ladies Tech Basic Dri Fit Polo",nike-ladies-tech-basic-dri-fit-polo-203697,2025-10-01 09:42
"Nike Tech Basic Dri Fit Polo",nike-tech-basic-dri-fit-polo-203690,2025-10-01 09:42
"Port Authority Ladies Laptop Tote",port-authority-ladies-laptop-tote-bg401,2025-10-01 09:42
"Port Authority Cyber Backpack",port-authority-cyber-backpack-bg200,2025-10-01 09:42
"Hanes Authentic 100 Cotton T Shirt",hanes-authentic-100-cotton-t-shirt-5250,2025-10-01 09:42
"Jerzees Nublend Sweatpant",jerzees-nublend-sweatpant-973m,2025-10-01 09:42
"Sport Tek Rival Cinch Pack",sport-tek-rival-cinch-pack-bst600,2025-10-01 09:42
"Hanes Perfect T Cotton T Shirt",hanes-perfect-t-cotton-t-shirt-4980,2025-10-01 09:42
"Gildan Ultra Cotton 100 Us Cotton T Shirt With Pocket",gildan-ultra-cotton-100-us-cotton-t-shirt-with-pocket-2300,2025-10-01 09:42
"Gildan Heavy Cotton 100 Cotton Long Sleeve T Shirt",gildan-heavy-cotton-100-cotton-long-sleeve-t-shirt-5400,2025-10-01 09:42
"Ogio Hamblin 22 Wheeled Duffel",ogio-hamblin-22-wheeled-duffel-413009,2025-10-01 09:42
"Ogio Kickstart 22 Travel Bag",ogio-kickstart-22-travel-bag-413007,2025-10-01 09:42
"District Womens Fitted Very Important Tee",district-womens-fitted-very-important-tee-dt6001,2025-10-01 09:42
"Hanes Essential T 100 Cotton T Shirt",hanes-essential-t-100-cotton-t-shirt-5280,2025-10-01 09:42
"Nike Ladies Dri Fit 1 2 Zip Cover Up",nike-ladies-dri-fit-1-2-zip-cover-up-578674,2025-10-01 09:42
"Nike Dri Fit 1 2 Zip Cover Up",nike-dri-fit-1-2-zip-cover-up-578673,2025-10-01 09:42
"Gildan Youth Dryblend 50 Cotton 50 Poly T Shirt",gildan-youth-dryblend-50-cotton-50-poly-t-shirt-8000b,2025-10-01 09:42
"District Womens Flannel Plaid Pant",district-womens-flannel-plaid-pant-dt2800,2025-10-01 09:42
"District Flannel Plaid Pant",district-flannel-plaid-pant-dt1800,2025-10-01 09:42
"Port Authority Small Two Tone Duffel",port-authority-small-two-tone-duffel-bg1040,2025-10-01 09:42
"Port Authority Contrast Honeycomb Backpack",port-authority-contrast-honeycomb-backpack-bg1020,2025-10-01 09:42
"Port Authority Honeycomb Sling Pack",port-authority-honeycomb-sling-pack-bg1010,2025-10-01 09:42
"Port Authority Cinch Pack With Mesh Trim",port-authority-cinch-pack-with-mesh-trim-bg810,2025-10-01 09:42
"Port Authority All Purpose Tote",port-authority-all-purpose-tote-b5000,2025-10-01 09:42
"Port Authority Panel Tote",port-authority-panel-tote-b5160,2025-10-01 09:42
"Port Authority Essential Tote",port-authority-essential-tote-b0750,2025-10-01 09:42
"Port Authority Ideal Twill Two Tone Shopping Tote",port-authority-ideal-twill-two-tone-shopping-tote-b400,2025-10-01 09:42
"District The Concert Fleece Hoodie",district-the-concert-fleece-hoodie-dt810,2025-10-01 09:42
"District The Concert Fleece Full Zip Hoodie",district-the-concert-fleece-full-zip-hoodie-dt800,2025-10-01 09:42
"District Very Important Tee",district-very-important-tee-dt6000,2025-10-01 09:42
"Gildan Dryblend Pullover Hooded Sweatshirt",gildan-dryblend-pullover-hooded-sweatshirt-12500,2025-10-01 09:42
"Gildan Gildan Performance T Shirt",gildan-gildan-performance-t-shirt-42000,2025-10-01 09:42
"Ogio Shadow Travel Kit",ogio-shadow-travel-kit-417028,2025-10-01 09:42
"Ogio Wheelie Pack",ogio-wheelie-pack-411066,2025-10-01 09:42
"Ogio Excelsior Pack",ogio-excelsior-pack-411069,2025-10-01 09:42
"Hanes Ecosmart 5 2 Ounce Jersey Knit Sport Shirt",hanes-ecosmart-5-2-ounce-jersey-knit-sport-shirt-054x,2025-10-01 09:42
"Hanes Beefy T 100 Cotton Long Sleeve T Shirt",hanes-beefy-t-100-cotton-long-sleeve-t-shirt-5186,2025-10-01 09:42
"Hanes Beefy T 100 Cotton T Shirt With Pocket",hanes-beefy-t-100-cotton-t-shirt-with-pocket-5190,2025-10-01 09:42
"Port Authority Small Colorblock Sport Duffel",port-authority-small-colorblock-sport-duffel-bg990s,2025-10-01 09:42
"Port Authority Basic Large Duffel",port-authority-basic-large-duffel-bg980,2025-10-01 09:42
"Port Authority Medium Contrast Duffel",port-authority-medium-contrast-duffel-bg1070,2025-10-01 09:42
"Port Authority Medium Two Tone Duffel",port-authority-medium-two-tone-duffel-bg1050,2025-10-01 09:42
"District Womens Perfect Weighttee",district-womens-perfect-weighttee-dm104l,2025-10-01 09:42
"District Perfect Weighttee",district-perfect-weighttee-dt104,2025-10-01 09:42
"Cornerstone Select Snag Proof Tipped Pocket Polo",cornerstone-select-snag-proof-tipped-pocket-polo-cs415,2025-10-01 09:42
"Cornerstone Select Snag Proof Pocket Polo",cornerstone-select-snag-proof-pocket-polo-cs412p,2025-10-01 09:42
"Gildan Dryblend 6 Ounce Jersey Knit Sport Shirt",gildan-dryblend-6-ounce-jersey-knit-sport-shirt-8800,2025-10-01 09:42
"Jerzees Spotshield 5 4 Ounce Jersey Knit Sport Shirt With Pocket",jerzees-spotshield-5-4-ounce-jersey-knit-sport-shirt-with-pocket-436mp,2025-10-01 09:42
"Port Authority Pocket Cinch Pack",port-authority-pocket-cinch-pack-bg611,2025-10-01 09:42
"Port Authority Transit Messenger",port-authority-transit-messenger-bg302,2025-10-01 09:42
"Port Authority Large Felt Tote",port-authority-large-felt-tote-bg402l,2025-10-01 09:42
"Port Authority Crossbody Messenger",port-authority-crossbody-messenger-bg303,2025-10-01 09:42
"Gildan Ultra Cotton 100 Us Cotton Long Sleeve T Shirt With Pocket",gildan-ultra-cotton-100-us-cotton-long-sleeve-t-shirt-with-pocket-2410,2025-10-01 09:42
"Cornerstone Select Long Sleeve Snag Proof Tactical Polo",cornerstone-select-long-sleeve-snag-proof-tactical-polo-cs410ls,2025-10-01 09:42
"Port Authority Voyager Sports Duffel",port-authority-voyager-sports-duffel-bg800,2025-10-01 09:42
"Port Authority Messenger Briefcase",port-authority-messenger-briefcase-bg304,2025-10-01 09:42
"Port Authority Value Computer Case",port-authority-value-computer-case-bg305,2025-10-01 09:42
"Port Authority Computer Messenger",port-authority-computer-messenger-bg306,2025-10-01 09:42
"Port Authority Gym Bag",port-authority-gym-bag-bg970,2025-10-01 09:42
"Port Authority Standard Colorblock Sport Duffel",port-authority-standard-colorblock-sport-duffel-bg99,2025-10-01 09:42
"District Womens Fitted Jersey Full Zip Hoodie",district-womens-fitted-jersey-full-zip-hoodie-dt2100,2025-10-01 09:42
"District Jersey Full Zip Hoodie",district-jersey-full-zip-hoodie-dt1100,2025-10-01 09:42
"District Womens Perfect Weight V Neck Tee",district-womens-perfect-weight-v-neck-tee-dm1170l,2025-10-01 09:42
"District Very Important Tee With Pocket",district-very-important-tee-with-pocket-dt6000p,2025-10-01 09:42
"District Womens Perfect Blendtee",district-womens-perfect-blendtee-dm108l,2025-10-01 09:42
"District Perfect Blendtee",district-perfect-blendtee-dm108,2025-10-01 09:42
"District Very Important Tee V Neck",district-very-important-tee-v-neck-dt6500,2025-10-01 09:42
"District Womens Fitted The Concert Tee",district-womens-fitted-the-concert-tee-dt5001,2025-10-01 09:42
"District The Concert Tee",district-the-concert-tee-dt5000,2025-10-01 09:42
"Port Company Two Tone Pigment Dyed Cap",port-company-two-tone-pigment-dyed-cap-cp83,2025-10-01 09:42
"Port Company Beanie Cap",port-company-beanie-cap-cp91,2025-10-01 09:42
"Port Companyknit Cap",port-companyknit-cap-cp90,2025-10-01 09:42
"Nike Tall Long Sleeve Dri Fit Stretch Tech Polo",nike-tall-long-sleeve-dri-fit-stretch-tech-polo-604940,2025-10-01 09:42
"Nike Long Sleeve Dri Fit Stretch Tech Polo",nike-long-sleeve-dri-fit-stretch-tech-polo-466364,2025-10-01 09:42
"Eddie Bauer Ladies Full Zip Microfleece Jacket",eddie-bauer-ladies-full-zip-microfleece-jacket-eb225,2025-10-01 09:42
"Eddie Bauer Full Zip Microfleece Jacket",eddie-bauer-full-zip-microfleece-jacket-eb224,2025-10-01 09:42
"Gildan Heavy Cotton 100 Cotton T Shirt",gildan-heavy-cotton-100-cotton-t-shirt-5000,2025-10-01 09:42
"Gildan Youth Ultra Cotton100 Us Cotton T Shirt",gildan-youth-ultra-cotton100-us-cotton-t-shirt-2000b,2025-10-01 09:42
"Gildan Ultra Cotton 100 Us Cotton T Shirt",gildan-ultra-cotton-100-us-cotton-t-shirt-2000,2025-10-01 09:42
"Gildan Heavy Blend Crewneck Sweatshirt",gildan-heavy-blend-crewneck-sweatshirt-18000,2025-10-01 09:42
"Gildan Dryblend 50 Cotton 50 Poly Pocket T Shirt",gildan-dryblend-50-cotton-50-poly-pocket-t-shirt-8300,2025-10-01 09:42
"Gildan Softstyle T Shirt",gildan-softstyle-t-shirt-64000,2025-10-01 09:42
"Gildan Ultra Cotton 100 Us Cotton Tank Top",gildan-ultra-cotton-100-us-cotton-tank-top-2200,2025-10-01 09:42
"Gildan Ladies Ultra Cotton 100 Us Cotton T Shirt",gildan-ladies-ultra-cotton-100-us-cotton-t-shirt-2000l,2025-10-01 09:42
"Gildan Ladies Heavy Cotton 100 Cotton T Shirt",gildan-ladies-heavy-cotton-100-cotton-t-shirt-5000l,2025-10-01 09:42
"Gildan Youth Gildan Performance T Shirt",gildan-youth-gildan-performance-t-shirt-42000b,2025-10-01 09:42
"District The Concert Tank",district-the-concert-tank-dt5300,2025-10-01 09:42
