Product Name,Product Slug,Last Modified
"Sport Tek Ladies Posicharge Competitor V Neck Tee Lst353 Copy",sport-tek-ladies-posicharge-competitor-v-neck-tee-lst353-copy-3,2024-01-05 22:07
"Sport Tek Ladies Posicharge Active Textured Polo Lst690 Copy",sport-tek-ladies-posicharge-active-textured-polo-lst690-copy-2,2024-01-24 04:55
"Sport Tek Ladies Posicharge Long Sleeve Tri Blend Wicking Scoop Neck Raglan Tee Lst400Ls",sport-tek-ladies-posicharge-long-sleeve-tri-blend-wicking-scoop-neck-raglan-tee-lst400ls-copy,2024-01-25 19:55
"Gildan Softstyle T Shirt 64000 Copy",gildan-softstyle-t-shirt-64000-copy-5,2024-01-31 08:02
"Port Company Core Blend Tee Pc55 Copy",port-company-core-blend-tee-pc55-copy-3,2024-02-13 02:39
"Port Company Core Cotton Tee Pc54 Copy",port-company-core-cotton-tee-pc54-copy-5,2024-02-14 21:13
"Port Company Youth Core Cotton Tee Pc54Y",port-company-youth-core-cotton-tee-pc54y-copy,2024-02-14 21:47
"Port Authority Sweater Fleece Vest F236",port-authority-sweater-fleece-vest-f236-copy,2024-02-15 19:21
"Ogio Element Messenger 417003",ogio-element-messenger-417003-copy,2024-02-15 19:34
"Mercermettle Quilted Full Zip Jacket Mm7200",mercermettle-quilted-full-zip-jacket-mm7200-copy,2024-02-16 04:10
"Port Company Core Cotton Tee Pc54 Copy",port-company-core-cotton-tee-pc54-copy-6,2024-02-17 16:41
"District Womens Scorecard Crop Tee Dt488",district-womens-scorecard-crop-tee-dt488-copy,2024-02-17 17:58
"District Re Tee Dt8000",district-re-tee-dt8000-copy,2024-02-17 18:14
"Imperial The Wrightson Cap 5054 Copy",imperial-the-wrightson-cap-5054-copy-8,2024-02-17 18:41
"Imperial The Wrightson Cap 5054 Copy",imperial-the-wrightson-cap-5054-copy-10,2024-02-17 18:52
"Bellacanvas Unisex Triblend Full Zip Lightweight Hoodie Bc3939",bellacanvas-unisex-triblend-full-zip-lightweight-hoodie-bc3939-copy,2024-02-17 19:03
"Carhartt Rain Defender Paxton Heavyweight Hooded Zip Mock Sweatshirt Ct100617",carhartt-rain-defender-paxton-heavyweight-hooded-zip-mock-sweatshirt-ct100617-copy,2024-02-17 19:09
"Port Authority Plaid Flannel Shirt W668",port-authority-plaid-flannel-shirt-w668-copy,2024-02-17 19:20
"Ogio Surplus Pack 91011",ogio-surplus-pack-91011-copy,2024-02-17 19:26
"District Perfect Weight Fleece Hoodie Dt1101",district-perfect-weight-fleece-hoodie-dt1101-copy,2024-02-17 19:30
"Sport Tek Ladies Lightweight French Terry Pullover Hoodie Lst272",sport-tek-ladies-lightweight-french-terry-pullover-hoodie-lst272-copy,2024-02-17 19:44
"Port Authority Ladies Plaid Flannel Tunic Lw668",port-authority-ladies-plaid-flannel-tunic-lw668-copy,2024-02-17 19:56
"District Flex Tee Dt7500",district-flex-tee-dt7500-copy,2024-02-17 20:01
"Richardson Snapback Trucker Cap 112",richardson-snapback-trucker-cap-112-copy,2024-02-17 20:12
"Next Level Apparel Unisex Santa Cruz Zip Hoodie Nl9602",next-level-apparel-unisex-santa-cruz-zip-hoodie-nl9602-copy,2024-02-17 20:22
"Red Kap Short Sleeve Ripstop Crew Shirt Sy20",red-kap-short-sleeve-ripstop-crew-shirt-sy20-copy,2024-02-17 20:28
"District Medal Tee Dt564",district-medal-tee-dt564-copy,2024-02-17 20:40
"Ogio Ladies Laser Tech Legging Loe402",ogio-ladies-laser-tech-legging-loe402-copy,2024-02-17 20:50
"District V I T Muscle Tank Dt6300",district-v-i-t-muscle-tank-dt6300-copy,2024-02-17 21:00
"Mercermettle Womens Boxy Quilted Jacket Mm7201",mercermettle-womens-boxy-quilted-jacket-mm7201-copy,2024-02-17 21:08
"District Very Important Tee 3 4 Sleeve Raglan Dt6210",district-very-important-tee-3-4-sleeve-raglan-dt6210-copy,2024-02-17 21:21
"District Womens Perfect Tri Racerback Tank Dm138L",district-womens-perfect-tri-racerback-tank-dm138l-copy,2024-02-17 21:32
"Cornerstone Duck Cloth Work Jacket J763",cornerstone-duck-cloth-work-jacket-j763-copy,2024-02-17 21:48
"Richardson Snapback Trucker Cap 112 Copy",richardson-snapback-trucker-cap-112-copy-5,2024-02-20 17:22
"Richardson Snapback Trucker Cap 112 Copy",richardson-snapback-trucker-cap-112-copy-6,2024-02-20 17:57
"Flexfit 110 Mesh Cap 2 Tone",flexfit-110-mesh-cap-2-tone-copy,2024-02-20 22:40
"Flexfit 110 Mesh Cap 2 Tone Copy",flexfit-110-mesh-cap-2-tone-copy-2,2024-02-20 23:01
"Flexfit 110 Mesh Cap 2 Tone Copy",flexfit-110-mesh-cap-2-tone-copy-3,2024-02-20 23:10
"Flexfit 110 Mesh Cap 2 Tone Copy",flexfit-110-mesh-cap-2-tone-copy-4,2024-02-20 23:11
"Port Company Core Blend Tee Pc55 Copy",port-company-core-blend-tee-pc55-copy-4,2024-02-22 17:43
"Flexfit 110 Mesh Cap Copy",flexfit-110-mesh-cap-copy-5,2024-02-22 18:23
"Port Authority Ladies Connection Fleece Jacket L110",port-authority-ladies-connection-fleece-jacket-l110-copy,2024-02-22 18:28
"Port Company Essential Pocket Tee Pc61P Copy",port-company-essential-pocket-tee-pc61p-copy-2,2024-02-28 15:50
"Port Authority Tall Heavyweight Cotton Pique Polo Tlk420",port-authority-tall-heavyweight-cotton-pique-polo-tlk420-copy,2024-03-19 10:49
"Flexfit 110 Mesh Cap Copy",flexfit-110-mesh-cap-copy-6,2024-03-19 14:40
"Yp Classics Retro Trucker Cap 6606",yp-classics-retro-trucker-cap-6606-copy,2024-03-20 20:12
"Flexfit V Flexfit Cotton Twill Cap 5001",flexfit-v-flexfit-cotton-twill-cap-5001-copy,2024-03-20 20:42
"Jerzees Dri Power 50 50 Cotton Poly T Shirt 29M",jerzees-dri-power-50-50-cotton-poly-t-shirt-29m-copy,2024-03-21 08:38
"Flexfit 110 Mesh Cap Copy",flexfit-110-mesh-cap-copy-4,2024-03-21 09:11
"Imperial The Wrightson Cap 5054 Copy",imperial-the-wrightson-cap-5054-copy-9,2024-03-21 09:14
"Imperial The Wrightson Cap 5054 Copy",imperial-the-wrightson-cap-5054-copy-12,2024-03-21 09:19
"Flexfit 110 Mesh Cap Copy",flexfit-110-mesh-cap-copy-7,2024-03-22 09:14
"Flexfit 110 Mesh Cap Copy",flexfit-110-mesh-cap-copy-8,2024-03-22 09:25
"Flexfit 110 Mesh Cap Copy",flexfit-110-mesh-cap-copy-10,2024-03-22 09:40
"Yp Classics Retro Trucker Cap 6606 Copy",yp-classics-retro-trucker-cap-6606-copy-2,2024-03-22 17:48
"Flexfit V Flexfit Cotton Twill Cap 5001 Copy",flexfit-v-flexfit-cotton-twill-cap-5001-copy-2,2024-03-22 18:47
"Flexfit V Flexfit Cotton Twill Cap 5001 Copy",flexfit-v-flexfit-cotton-twill-cap-5001-copy-3,2024-03-22 19:06
"Richardson Snapback Trucker Cap 112 Copy",richardson-snapback-trucker-cap-112-copy-2,2024-03-25 19:48
"Richardson Snapback Trucker Cap 112 Copy",richardson-snapback-trucker-cap-112-copy-7,2024-03-25 19:56
"Richardson Snapback Trucker Cap 112 Copy",richardson-snapback-trucker-cap-112-copy-8,2024-03-25 20:12
"Flexfit 110 Mesh Cap Copy",flexfit-110-mesh-cap-copy-11,2024-03-26 09:53
"Richardson Snapback Trucker Cap 112 Copy",richardson-snapback-trucker-cap-112-copy-9,2024-03-26 09:58
"Richardson Snapback Trucker Cap 112 Copy",richardson-snapback-trucker-cap-112-copy-10,2024-03-26 10:06
"Flexfit 110 Mesh Cap Copy",flexfit-110-mesh-cap-copy-13,2024-03-26 10:11
"Richardson Snapback Trucker Cap 112 Copy",richardson-snapback-trucker-cap-112-copy-11,2024-03-26 10:17
"Flexfit 110 Mesh Cap Copy",flexfit-110-mesh-cap-copy-9,2024-03-27 08:27
"Richardson Snapback Trucker Cap 112 Copy",richardson-snapback-trucker-cap-112-copy-12,2024-03-27 08:37
"Flexfit 110 Mesh Cap Copy",flexfit-110-mesh-cap-copy-14,2024-03-27 08:44
"Richardson Snapback Trucker Cap 112 Copy",richardson-snapback-trucker-cap-112-copy-13,2024-03-27 08:49
"Flexfit 110 Mesh Cap Copy",flexfit-110-mesh-cap-copy-15,2024-03-27 09:38
"Richardson Snapback Trucker Cap 112 Copy",richardson-snapback-trucker-cap-112-copy-14,2024-03-27 11:06
"Richardson Snapback Trucker Cap 112 Copy",richardson-snapback-trucker-cap-112-copy-15,2024-03-27 11:47
"Flexfit 110 Mesh Cap Copy",flexfit-110-mesh-cap-copy-3,2024-03-27 12:44
"Richardson Snapback Trucker Cap 112 Copy",richardson-snapback-trucker-cap-112-copy-16,2024-03-27 12:49
"American Apparel Fine Jersey T Shirt 2001W Copy",american-apparel-fine-jersey-t-shirt-2001w-copy-11,2024-03-27 15:22
"Imperial The Wrightson Cap 5054 Copy",imperial-the-wrightson-cap-5054-copy-13,2024-03-27 17:57
"Imperial The Wrightson Cap 5054 Copy",imperial-the-wrightson-cap-5054-copy-21,2024-03-27 21:59
"Flexfit 110 Mesh Cap Copy",flexfit-110-mesh-cap-copy-16,2024-03-28 07:37
"Flexfit 110 Mesh Cap Copy",flexfit-110-mesh-cap-copy-17,2024-03-28 07:40
"Flexfit 110 Mesh Cap Copy",flexfit-110-mesh-cap-copy-18,2024-03-28 07:44
"Flexfit 110 Mesh Cap Copy",flexfit-110-mesh-cap-copy-19,2024-03-28 07:54
"Richardson Snapback Trucker Cap 112 Copy",richardson-snapback-trucker-cap-112-copy-17,2024-03-28 08:08
"Imperial The Wrightson Cap 5054 Copy",imperial-the-wrightson-cap-5054-copy-22,2024-03-28 08:27
"Tg_Test Product",tg_test-product-copy,2024-03-28 13:49
"Richardson Snapback Trucker Cap 112 Copy",richardson-snapback-trucker-cap-112-copy-18,2024-03-29 05:57
"Richardson Snapback Trucker Cap 112 Copy",richardson-snapback-trucker-cap-112-copy-19,2024-04-01 12:13
"American Apparel Fine Jersey T Shirt 2001W Copy",american-apparel-fine-jersey-t-shirt-2001w-copy-12,2024-04-02 09:50
"Ogio All Elements Pack 423009",ogio-all-elements-pack-423009-copy,2024-04-02 09:50
"Port Authority Cozy Blanket Bp36",port-authority-cozy-blanket-bp36-copy,2024-04-03 10:56
"Sport Tek Posicharge Competitor Pocketed Short St355P",sport-tek-posicharge-competitor-pocketed-short-st355p-copy,2024-04-03 10:56
"Cornerstone Ansi 107 Class 2 Safety T Shirt Cs401 Copy",cornerstone-ansi-107-class-2-safety-t-shirt-cs401-copy-4,2024-04-03 10:56
"Port Authority Tall Silk Touch Long Sleeve Polo Tlk500Ls",port-authority-tall-silk-touch-long-sleeve-polo-tlk500ls-copy,2024-04-03 10:56
"Adidas Blend Polo",adidas-blend-polo-copy,2024-04-04 10:17
"Port Company Core Blend Tee Pc55 Copy",port-company-core-blend-tee-pc55-copy-7,2024-04-08 15:56
"Ogio Surge Polo Og137",ogio-surge-polo-og137-copy,2024-04-10 10:24
"Champion Heritage 5 2 Oz Jersey Long Sleeve Tee Cc8C Copy",champion-heritage-5-2-oz-jersey-long-sleeve-tee-cc8c-copy-17,2024-04-10 10:47
"Richardson Snapback Trucker Cap 112 Copy",richardson-snapback-trucker-cap-112-copy-20,2024-04-10 12:16
"Gildan Softstyle Midweight Hooded Sweatshirt Sf500",gildan-softstyle-midweight-hooded-sweatshirt-sf500-copy,2024-04-10 13:48
"District Distressed Cap Dt600",district-distressed-cap-dt600-copy,2024-04-10 13:48
"Imperial The Wrightson Cap 5054 Copy",imperial-the-wrightson-cap-5054-copy-20,2024-04-10 20:09
"Imperial The Wrightson Cap 5054 Copy",imperial-the-wrightson-cap-5054-copy-11,2024-04-10 20:09
"Imperial The Wrightson Cap 5054 Copy",imperial-the-wrightson-cap-5054-copy-18,2024-04-10 20:09
"Imperial The Wrightson Cap 5054 Copy",imperial-the-wrightson-cap-5054-copy-20,2024-04-10 20:09
"Imperial The Wrightson Cap 5054 Copy",imperial-the-wrightson-cap-5054-copy-17,2024-04-10 20:09
"Port Company Long Sleeve Fan Favorite Tee Pc450Ls Copy",port-company-long-sleeve-fan-favorite-tee-pc450ls-copy-4,2024-04-11 11:54
"Cotton Jersey Go To Tee",cotton-jersey-go-to-tee-copy,2024-04-11 12:00
"Gildan Softstyle Midweight Hooded Sweatshirt Sf500 Copy",gildan-softstyle-midweight-hooded-sweatshirt-sf500-copy-2,2024-04-11 12:22
"Cotton Jersey Go To Tee Copy",cotton-jersey-go-to-tee-copy-2,2024-04-11 12:33
"Jerzees Dri Power 50 50 Cotton Poly T Shirt 29M Copy",jerzees-dri-power-50-50-cotton-poly-t-shirt-29m-copy-2,2024-04-12 19:45
"Test Product 1504",test-product-1504-copy,2024-04-15 13:12
"Port Company Core Blend Tee Pc55 Copy",port-company-core-blend-tee-pc55-copy-5,2024-04-15 22:12
"Gildan Softstyle Midweight Hooded Sweatshirt Sf500 Copy",gildan-softstyle-midweight-hooded-sweatshirt-sf500-copy-3,2024-04-16 04:02
"Champion Heritage 5 2 Oz Jersey Long Sleeve Tee Cc8C Copy",champion-heritage-5-2-oz-jersey-long-sleeve-tee-cc8c-copy-15,2024-04-16 04:02
"Flexfit V Flexfit Cotton Twill Cap 5001 Copy",flexfit-v-flexfit-cotton-twill-cap-5001-copy-4,2024-04-16 12:47
"Champion Heritage 5 2 Oz Jersey Long Sleeve Tee Cc8C Copy",champion-heritage-5-2-oz-jersey-long-sleeve-tee-cc8c-copy-14,2024-04-16 12:47
"Flexfit 110 Mesh Cap Copy",flexfit-110-mesh-cap-copy-12,2024-04-16 12:49
"Next Level Apparel Unisex Tri Blend 3 4 Sleeve Raglan Tee Nl6051 Copy",next-level-apparel-unisex-tri-blend-3-4-sleeve-raglan-tee-nl6051-copy-3,2024-04-16 13:16
"Trucker Pacflex Cap",trucker-pacflex-cap-copy,2024-04-17 12:09
"Pacific Headwear Trucker Pacflex Cap 404",pacific-headwear-trucker-pacflex-cap-404-copy,2024-04-17 18:01
"Bellacanvas Unisex Heather Cvc Short Sleeve Tee Bc3001Cvc",bellacanvas-unisex-heather-cvc-short-sleeve-tee-bc3001cvc-copy,2024-04-17 18:32
"Bellacanvas Unisex Heather Cvc Short Sleeve Tee Bc3001Cvc Copy",bellacanvas-unisex-heather-cvc-short-sleeve-tee-bc3001cvc-copy-2,2024-04-17 18:40
"Rabbit Skins Infant Short Sleeve Baby Rib Bodysuit Rs4400",rabbit-skins-infant-short-sleeve-baby-rib-bodysuit-rs4400-copy,2024-04-17 19:09
"Pacific Headwear Trucker Pacflex Cap 404 Copy",pacific-headwear-trucker-pacflex-cap-404-copy-2,2024-04-18 03:45
"Bellacanvas Unisex Heather Cvc Short Sleeve Tee Bc3001Cvc Copy",bellacanvas-unisex-heather-cvc-short-sleeve-tee-bc3001cvc-copy-3,2024-04-18 18:27
"Allmade Womens Tri Blend Tee Al2008 Copy",allmade-womens-tri-blend-tee-al2008-copy-3,2024-04-18 18:43
"Comfort Colors Heavyweight Ring Spun Tee 1717 Copy",comfort-colors-heavyweight-ring-spun-tee-1717-copy-5,2024-04-18 21:07
"Comfort Colors Heavyweight Ring Spun Tee 1717 Copy",comfort-colors-heavyweight-ring-spun-tee-1717-copy-2,2024-04-18 21:09
"Comfort Colors Heavyweight Ring Spun Tee 1717 Copy",comfort-colors-heavyweight-ring-spun-tee-1717-copy-3,2024-04-18 21:10
"Comfort Colors Heavyweight Ring Spun Tee 1717 Copy",comfort-colors-heavyweight-ring-spun-tee-1717-copy-8,2024-04-18 21:11
"Multicam Trucker Snapback Cap",multicam-trucker-snapback-cap-copy,2024-04-19 10:54
"Max424",max424-copy,2024-04-19 12:36
"Port Company Core Blend Tee Pc55 Copy",port-company-core-blend-tee-pc55-copy-8,2024-04-19 13:05
"Allmade Womens Tri Blend Tee Al2008 Copy",allmade-womens-tri-blend-tee-al2008-copy-2,2024-04-19 13:33
"Trucker Pacflex Cap Copy",trucker-pacflex-cap-copy-2,2024-04-23 03:15
"Champion Heritage 5 2 Oz Jersey Long Sleeve Tee Cc8C Copy",champion-heritage-5-2-oz-jersey-long-sleeve-tee-cc8c-copy-18,2024-04-23 03:19
"Yp Classics Classic Dad Hat 6245Cm",yp-classics-classic-dad-hat-6245cm-copy,2024-04-23 16:01
"Yp Classics Classic Dad Hat 6245Cm Copy",yp-classics-classic-dad-hat-6245cm-copy-2,2024-04-23 16:01
"Midweight Full Zip Hooded Sweatshirt Ss4500Z",midweight-full-zip-hooded-sweatshirt-ss4500z-copy,2024-04-23 16:04
"Heavyweight Hooded Sweatshirt Ind4000",heavyweight-hooded-sweatshirt-ind4000-copy,2024-04-23 16:05
"Port Company Core Cotton Tee Pc54 Copy",port-company-core-cotton-tee-pc54-copy-7,2024-04-23 21:30
"Port Company Core Cotton Tee Pc54 Copy",port-company-core-cotton-tee-pc54-copy-10,2024-04-23 21:30
"Port Company Core Cotton Tee Pc54 Copy",port-company-core-cotton-tee-pc54-copy-15,2024-04-23 21:34
"Port Company Core Cotton Tee Pc54 Copy",port-company-core-cotton-tee-pc54-copy-17,2024-04-24 13:29
"Bellacanvas Youth Jersey Short Sleeve Tee Bc3001Y Copy",bellacanvas-youth-jersey-short-sleeve-tee-bc3001y-copy-4,2024-04-24 13:49
"Pacific Fusion Trucker Cap P401",pacific-fusion-trucker-cap-p401-2,2024-04-25 09:36
"Champion Heritage 5 2 Oz Jersey Long Sleeve Tee Cc8C Copy",champion-heritage-5-2-oz-jersey-long-sleeve-tee-cc8c-copy-19,2024-04-25 12:23
"Champion Heritage 5 2 Oz Jersey Long Sleeve Tee Cc8C Copy",champion-heritage-5-2-oz-jersey-long-sleeve-tee-cc8c-copy-20,2024-04-26 05:35
"Allmade Womens Tri Blend Tee Al2008 Copy",allmade-womens-tri-blend-tee-al2008-copy-4,2024-04-26 09:47
"Allmade Womens Tri Blend Tee Al2008 Copy",allmade-womens-tri-blend-tee-al2008-copy-5,2024-04-29 09:44
"Jerzees Nublend Pullover Hooded Sweatshirt 996M",jerzees-nublend-pullover-hooded-sweatshirt-996m-copy,2024-04-29 14:40
"Jerzees Nublend Pullover Hooded Sweatshirt 996M Copy",jerzees-nublend-pullover-hooded-sweatshirt-996m-copy-2,2024-04-29 15:13
"Jerzees Nublend Full Zip Hooded Sweatshirt 993M",jerzees-nublend-full-zip-hooded-sweatshirt-993m-copy,2024-04-29 15:35
"Champion Heritage 5 2 Oz Jersey Long Sleeve Tee Cc8C Copy",champion-heritage-5-2-oz-jersey-long-sleeve-tee-cc8c-copy-21,2024-04-30 06:35
"Jerzees Nublend Full Zip Hooded Sweatshirt 993M Copy",jerzees-nublend-full-zip-hooded-sweatshirt-993m-copy-2,2024-04-30 14:27
"Port Company Core Blend Jersey Knit Polo Kp55",port-company-core-blend-jersey-knit-polo-kp55-copy,2024-04-30 14:37
"Port Company Core Blend Jersey Knit Polo Kp55 Copy",port-company-core-blend-jersey-knit-polo-kp55-copy-2,2024-04-30 14:40
"Sport Tek Posicharge Competitor Tee St350",sport-tek-posicharge-competitor-tee-st350-copy,2024-05-01 13:38
"Port Company Core Cotton Tee Pc54 Copy",port-company-core-cotton-tee-pc54-copy-21,2024-05-01 14:23
"Allmade Womens Tri Blend Tee Al2008 Copy",allmade-womens-tri-blend-tee-al2008-copy-6,2024-05-02 05:58
"Port Company Core Cotton Tee Pc54 Copy",port-company-core-cotton-tee-pc54-copy-22,2024-05-02 06:30
"Champion Heritage 6 Oz Jersey Tee T425 Copy",champion-heritage-6-oz-jersey-tee-t425-copy-2,2024-05-02 09:18
"Cotton Jersey Go To Tee Copy",cotton-jersey-go-to-tee-copy-3,2024-05-02 09:25
"Adidas Blend Polo Copy",adidas-blend-polo-copy-2,2024-05-02 09:41
"Champion Heritage 6 Oz Jersey Tee T425 Copy",champion-heritage-6-oz-jersey-tee-t425-copy-3,2024-05-02 11:28
"Cotton Jersey Go To Tee Copy",cotton-jersey-go-to-tee-copy-4,2024-05-02 11:47
"Sport Tek Posicharge Competitor Tee St350 Copy",sport-tek-posicharge-competitor-tee-st350-copy-2,2024-05-02 12:30
"Port Company Core Cotton Tee Pc54 Copy",port-company-core-cotton-tee-pc54-copy-25,2024-05-02 16:35
"Port Company Core Fleece Crewneck Sweatshirt Pc78",port-company-core-fleece-crewneck-sweatshirt-pc78-copy,2024-05-02 16:37
"Port Company Core Fleece Crewneck Sweatshirt Pc78 Copy",port-company-core-fleece-crewneck-sweatshirt-pc78-copy-2,2024-05-02 16:40
"Port Company Core Fleece Pullover Hooded Sweatshirt Pc78H",port-company-core-fleece-pullover-hooded-sweatshirt-pc78h-copy,2024-05-02 16:45
"Port Company Core Fleece Pullover Hooded Sweatshirt Pc78H Copy",port-company-core-fleece-pullover-hooded-sweatshirt-pc78h-copy-2,2024-05-02 16:48
"Port Company Core Fleece Crewneck Sweatshirt Pc78 Copy",port-company-core-fleece-crewneck-sweatshirt-pc78-copy-4,2024-05-02 16:54
"Champion Heritage 5 2 Oz Jersey Long Sleeve Tee Cc8C Copy",champion-heritage-5-2-oz-jersey-long-sleeve-tee-cc8c-copy-22,2024-05-03 10:44
"Champion Heritage 5 2 Oz Jersey Long Sleeve Tee Cc8C Copy",champion-heritage-5-2-oz-jersey-long-sleeve-tee-cc8c-copy-23,2024-05-03 11:00
"Allmade Womens Tri Blend Tee Al2008 Copy",allmade-womens-tri-blend-tee-al2008-copy-7,2024-05-03 11:12
"Gildan Ultra Cotton 100 Us Cotton T Shirt 2000 Copy",gildan-ultra-cotton-100-us-cotton-t-shirt-2000-copy-7,2024-05-03 13:22
"Allmade Womens Tri Blend Tee Al2008 Copy",allmade-womens-tri-blend-tee-al2008-copy-8,2024-05-03 13:35
"Port Company Core Fleece Crewneck Sweatshirt Pc78 Copy",port-company-core-fleece-crewneck-sweatshirt-pc78-copy-5,2024-05-03 15:12
"Port Company Core Fleece Crewneck Sweatshirt Pc78 Copy",port-company-core-fleece-crewneck-sweatshirt-pc78-copy-6,2024-05-03 15:16
"Port Company Core Fleece Pullover Hooded Sweatshirt Pc78H Copy",port-company-core-fleece-pullover-hooded-sweatshirt-pc78h-copy-3,2024-05-03 15:20
"Port Company Core Fleece Pullover Hooded Sweatshirt Pc78H Copy",port-company-core-fleece-pullover-hooded-sweatshirt-pc78h-copy-4,2024-05-03 15:24
"Port Company Core Cotton Tee Pc54 Copy",port-company-core-cotton-tee-pc54-copy-20,2024-05-03 16:30
"Port Company Core Cotton Tee Pc54 Copy",port-company-core-cotton-tee-pc54-copy-23,2024-05-03 16:37
"Port Company Core Cotton Tee Pc54 Copy",port-company-core-cotton-tee-pc54-copy-26,2024-05-03 16:43
"Bellacanvas Youth Jersey Short Sleeve Tee Bc3001Y Copy",bellacanvas-youth-jersey-short-sleeve-tee-bc3001y-copy-5,2024-05-06 08:00
"Cornerstone Ansi 107 Class 2 Safety T Shirt Cs401 Copy",cornerstone-ansi-107-class-2-safety-t-shirt-cs401-copy-5,2024-05-06 08:14
"Allmade Womens Tri Blend Tee Al2008 Copy",allmade-womens-tri-blend-tee-al2008-copy-9,2024-05-06 08:21
"Allmade Womens Tri Blend Tee Al2008 Copy",allmade-womens-tri-blend-tee-al2008-copy-10,2024-05-06 08:27
"Champion Heritage 5 2 Oz Jersey Long Sleeve Tee Cc8C Copy",champion-heritage-5-2-oz-jersey-long-sleeve-tee-cc8c-copy-24,2024-05-06 10:17
"Champion Heritage 6 Oz Jersey Tee T425 Copy",champion-heritage-6-oz-jersey-tee-t425-copy-4,2024-05-06 10:25
"Champion Heritage 5 2 Oz Jersey Long Sleeve Tee Cc8C Copy",champion-heritage-5-2-oz-jersey-long-sleeve-tee-cc8c-copy-25,2024-05-06 10:29
"Champion Heritage 6 Oz Jersey Tee T425 Copy",champion-heritage-6-oz-jersey-tee-t425-copy-5,2024-05-06 10:32
"Cornerstone Ansi 107 Class 2 Safety T Shirt Cs401 Copy",cornerstone-ansi-107-class-2-safety-t-shirt-cs401-copy-6,2024-05-06 10:38
"Allmade Womens Tri Blend Tee Al2008 Copy",allmade-womens-tri-blend-tee-al2008-copy-11,2024-05-06 13:57
"Cornerstone Ansi 107 Class 2 Safety T Shirt Cs401 Copy",cornerstone-ansi-107-class-2-safety-t-shirt-cs401-copy-7,2024-05-06 13:59
"Bellacanvas Unisex Heather Cvc Short Sleeve Tee Bc3001Cvc Copy",bellacanvas-unisex-heather-cvc-short-sleeve-tee-bc3001cvc-copy-4,2024-05-06 14:08
"Comfort Colors Heavyweight Ring Spun Tee 1717 Copy",comfort-colors-heavyweight-ring-spun-tee-1717-copy-4,2024-05-06 16:10
"Comfort Colors Heavyweight Ring Spun Tee 1717",comfort-colors-heavyweight-ring-spun-tee-1717-copy,2024-05-06 16:21
"Comfort Colors Heavyweight Ring Spun Tee 1717 Copy",comfort-colors-heavyweight-ring-spun-tee-1717-copy-7,2024-05-06 16:36
"Comfort Colors Heavyweight Ring Spun Tee 1717 Copy",comfort-colors-heavyweight-ring-spun-tee-1717-copy-9,2024-05-06 16:48
"Comfort Colors Heavyweight Ring Spun Tee 1717 Copy",comfort-colors-heavyweight-ring-spun-tee-1717-copy-10,2024-05-06 19:36
"Comfort Colors Heavyweight Ring Spun Tee 1717 Copy",comfort-colors-heavyweight-ring-spun-tee-1717-copy-11,2024-05-06 20:19
"Midweight Fleece Pants Ind20Pnt",midweight-fleece-pants-ind20pnt-copy,2024-05-06 22:03
"Cornerstone Ansi 107 Class 2 Safety T Shirt Cs401 Copy",cornerstone-ansi-107-class-2-safety-t-shirt-cs401-copy-8,2024-05-07 05:39
"Bellacanvas Youth Jersey Short Sleeve Tee Bc3001Y Copy",bellacanvas-youth-jersey-short-sleeve-tee-bc3001y-copy-6,2024-05-07 05:43
"Gildan Ultra Cotton 100 Us Cotton T Shirt 2000 Copy",gildan-ultra-cotton-100-us-cotton-t-shirt-2000-copy-8,2024-05-07 06:24
"American Apparel Usa Collection Fine Jersey T Shirt 2001A Copy",american-apparel-usa-collection-fine-jersey-t-shirt-2001a-copy-8,2024-05-07 06:59
"Gildan Ultra Cotton 100 Us Cotton T Shirt 2000 Copy",gildan-ultra-cotton-100-us-cotton-t-shirt-2000-copy-9,2024-05-07 07:16
"Testing Product",testing-product-copy,2024-05-07 08:37
"Port Company Core Cotton Tee Pc54 Copy",port-company-core-cotton-tee-pc54-copy-28,2024-05-07 11:07
"Champion Heritage 5 2 Oz Jersey Long Sleeve Tee Cc8C Copy",champion-heritage-5-2-oz-jersey-long-sleeve-tee-cc8c-copy-26,2024-05-07 11:14
"Midweight Full Zip Hooded Sweatshirt Ss4500Z Copy",midweight-full-zip-hooded-sweatshirt-ss4500z-copy-2,2024-05-07 12:37
"Midweight Full Zip Hooded Sweatshirt Ss4500Z Copy",midweight-full-zip-hooded-sweatshirt-ss4500z-copy-3,2024-05-07 12:41
"Port Company Long Sleeve Core Cotton Tee Pc54Ls",port-company-long-sleeve-core-cotton-tee-pc54ls-copy,2024-05-07 14:25
"Port Company Long Sleeve Core Cotton Tee Pc54Ls Copy",port-company-long-sleeve-core-cotton-tee-pc54ls-copy-2,2024-05-07 14:57
"Port Company Core Cotton Tee Pc54 Copy",port-company-core-cotton-tee-pc54-copy-29,2024-05-07 15:24
"Allmade Womens Tri Blend Tee Al2008 Copy",allmade-womens-tri-blend-tee-al2008-copy-12,2024-05-09 09:07
"Cornerstone Ansi 107 Class 2 Safety T Shirt Cs401 Copy",cornerstone-ansi-107-class-2-safety-t-shirt-cs401-copy-9,2024-05-09 09:22
"Champion Heritage 5 2 Oz Jersey Long Sleeve Tee Cc8C Copy",champion-heritage-5-2-oz-jersey-long-sleeve-tee-cc8c-copy-27,2024-05-09 09:31
"Bellacanvas Youth Jersey Short Sleeve Tee Bc3001Y Copy",bellacanvas-youth-jersey-short-sleeve-tee-bc3001y-copy-7,2024-05-09 10:06
"Gildan Ultra Cotton 100 Us Cotton T Shirt 2000 Copy",gildan-ultra-cotton-100-us-cotton-t-shirt-2000-copy-10,2024-05-09 10:32
"Port Company Core Cotton Tee Pc54 Copy",port-company-core-cotton-tee-pc54-copy-9,2024-05-10 05:22
"Allmade Womens Tri Blend Tee Al2008 Copy",allmade-womens-tri-blend-tee-al2008-copy-13,2024-05-10 05:22
"Port Company Core Cotton Tee Pc54 Copy",port-company-core-cotton-tee-pc54-copy-24,2024-05-10 05:22
"Cornerstone Ansi 107 Class 2 Mesh Zippered Two Tone Vest Csv103",cornerstone-ansi-107-class-2-mesh-zippered-two-tone-vest-csv103-copy,2024-05-10 05:22
"Cornerstone Ansi 107 Class 2 Safety T Shirt Cs401 Copy",cornerstone-ansi-107-class-2-safety-t-shirt-cs401-copy-10,2024-05-10 11:22
"Port Authority Ladies Puffer Vest L853 Copy",port-authority-ladies-puffer-vest-l853-copy-2,2024-05-10 11:27
"Champion Heritage 5 2 Oz Jersey Long Sleeve Tee Cc8C Copy",champion-heritage-5-2-oz-jersey-long-sleeve-tee-cc8c-copy-28,2024-05-13 13:27
"Allmade Womens Tri Blend Tee Al2008 Copy",allmade-womens-tri-blend-tee-al2008-copy-14,2024-05-13 13:37
"Champion Heritage 5 2 Oz Jersey Long Sleeve Tee Cc8C Copy",champion-heritage-5-2-oz-jersey-long-sleeve-tee-cc8c-copy-29,2024-05-13 13:52
"Allmade Womens Tri Blend Tee Al2008 Copy",allmade-womens-tri-blend-tee-al2008-copy-15,2024-05-13 14:02
"Champion Heritage 5 2 Oz Jersey Long Sleeve Tee Cc8C Copy",champion-heritage-5-2-oz-jersey-long-sleeve-tee-cc8c-copy-30,2024-05-13 16:04
"Port Company Long Sleeve Core Cotton Tee Pc54Ls Copy",port-company-long-sleeve-core-cotton-tee-pc54ls-copy-3,2024-05-13 16:30
"Port Company Long Sleeve Core Cotton Tee Pc54Ls Copy",port-company-long-sleeve-core-cotton-tee-pc54ls-copy-4,2024-05-13 16:36
"Port Company Long Sleeve Core Cotton Tee Pc54Ls Copy",port-company-long-sleeve-core-cotton-tee-pc54ls-copy-5,2024-05-13 16:38
"Port Company Long Sleeve Core Cotton Tee Pc54Ls Copy",port-company-long-sleeve-core-cotton-tee-pc54ls-copy-6,2024-05-13 16:40
"Cornerstone Ansi 107 Class 2 Safety T Shirt Cs401 Copy",cornerstone-ansi-107-class-2-safety-t-shirt-cs401-copy-11,2024-05-14 06:29
"Bellacanvas Youth Jersey Short Sleeve Tee Bc3001Y Copy",bellacanvas-youth-jersey-short-sleeve-tee-bc3001y-copy-8,2024-05-14 06:50
"Champion Heritage 5 2 Oz Jersey Long Sleeve Tee Cc8C Copy",champion-heritage-5-2-oz-jersey-long-sleeve-tee-cc8c-copy-31,2024-05-14 07:05
"Cornerstone Ansi 107 Class 2 Safety T Shirt Cs401 Copy",cornerstone-ansi-107-class-2-safety-t-shirt-cs401-copy-12,2024-05-15 07:38
"Bellacanvas Youth Jersey Short Sleeve Tee Bc3001Y Copy",bellacanvas-youth-jersey-short-sleeve-tee-bc3001y-copy-9,2024-05-15 07:43
"Champion Heritage 5 2 Oz Jersey Long Sleeve Tee Cc8C Copy",champion-heritage-5-2-oz-jersey-long-sleeve-tee-cc8c-copy-32,2024-05-15 07:49
"American Apparel Usa Collection Fine Jersey T Shirt 2001A Copy",american-apparel-usa-collection-fine-jersey-t-shirt-2001a-copy-9,2024-05-15 11:09
"American Apparel Usa Collection Fine Jersey T Shirt 2001A Copy",american-apparel-usa-collection-fine-jersey-t-shirt-2001a-copy-10,2024-05-15 11:12
"American Apparel Usa Collection Fine Jersey T Shirt 2001A Copy",american-apparel-usa-collection-fine-jersey-t-shirt-2001a-copy-11,2024-05-15 11:16
"American Apparel Usa Collection Fine Jersey T Shirt 2001A Copy",american-apparel-usa-collection-fine-jersey-t-shirt-2001a-copy-12,2024-05-15 11:31
"American Apparel Usa Collection Fine Jersey T Shirt 2001A Copy",american-apparel-usa-collection-fine-jersey-t-shirt-2001a-copy-13,2024-05-15 11:35
"American Apparel Usa Collection Fine Jersey T Shirt 2001A Copy",american-apparel-usa-collection-fine-jersey-t-shirt-2001a-copy-14,2024-05-15 11:37
"American Apparel Usa Collection Fine Jersey T Shirt 2001A Copy",american-apparel-usa-collection-fine-jersey-t-shirt-2001a-copy-15,2024-05-15 12:40
"Cornerstone Ansi 107 Class 2 Safety T Shirt Cs401 Copy",cornerstone-ansi-107-class-2-safety-t-shirt-cs401-copy-13,2024-05-16 07:02
"Bellacanvas Youth Jersey Short Sleeve Tee Bc3001Y Copy",bellacanvas-youth-jersey-short-sleeve-tee-bc3001y-copy-10,2024-05-16 07:05
"Champion Heritage 5 2 Oz Jersey Long Sleeve Tee Cc8C Copy",champion-heritage-5-2-oz-jersey-long-sleeve-tee-cc8c-copy-33,2024-05-16 07:14
"Cornerstone Ansi 107 Class 2 Safety T Shirt Cs401 Copy",cornerstone-ansi-107-class-2-safety-t-shirt-cs401-copy-14,2024-05-17 06:43
"Bellacanvas Youth Jersey Short Sleeve Tee Bc3001Y Copy",bellacanvas-youth-jersey-short-sleeve-tee-bc3001y-copy-11,2024-05-17 06:48
"Champion Heritage 5 2 Oz Jersey Long Sleeve Tee Cc8C Copy",champion-heritage-5-2-oz-jersey-long-sleeve-tee-cc8c-copy-34,2024-05-17 07:05
"Cornerstone Ansi 107 Class 2 Safety T Shirt Cs401 Copy",cornerstone-ansi-107-class-2-safety-t-shirt-cs401-copy-15,2024-05-20 05:38
"Champion Heritage 5 2 Oz Jersey Long Sleeve Tee Cc8C Copy",champion-heritage-5-2-oz-jersey-long-sleeve-tee-cc8c-copy-35,2024-05-20 05:54
"Bellacanvas Youth Jersey Short Sleeve Tee Bc3001Y Copy",bellacanvas-youth-jersey-short-sleeve-tee-bc3001y-copy-13,2024-05-20 06:12
"Cornerstone Ansi 107 Class 2 Safety T Shirt Cs401 Copy",cornerstone-ansi-107-class-2-safety-t-shirt-cs401-copy-16,2024-05-21 05:21
"Bellacanvas Youth Jersey Short Sleeve Tee Bc3001Y Copy",bellacanvas-youth-jersey-short-sleeve-tee-bc3001y-copy-14,2024-05-21 05:30
"Champion Heritage 5 2 Oz Jersey Long Sleeve Tee Cc8C Copy",champion-heritage-5-2-oz-jersey-long-sleeve-tee-cc8c-copy-36,2024-05-21 05:38
"Cornerstone Ansi 107 Class 2 Safety T Shirt Cs401 Copy",cornerstone-ansi-107-class-2-safety-t-shirt-cs401-copy-18,2024-05-23 05:30
"Bellacanvas Youth Jersey Short Sleeve Tee Bc3001Y Copy",bellacanvas-youth-jersey-short-sleeve-tee-bc3001y-copy-15,2024-05-23 05:36
"Champion Heritage 5 2 Oz Jersey Long Sleeve Tee Cc8C Copy",champion-heritage-5-2-oz-jersey-long-sleeve-tee-cc8c-copy-37,2024-05-23 05:44
"Cornerstone Ansi 107 Class 2 Safety T Shirt Cs401 Copy",cornerstone-ansi-107-class-2-safety-t-shirt-cs401-copy-19,2024-05-24 04:43
"Bellacanvas Youth Jersey Short Sleeve Tee Bc3001Y Copy",bellacanvas-youth-jersey-short-sleeve-tee-bc3001y-copy-16,2024-05-24 04:49
"Champion Heritage 5 2 Oz Jersey Long Sleeve Tee Cc8C Copy",champion-heritage-5-2-oz-jersey-long-sleeve-tee-cc8c-copy-38,2024-05-24 05:04
"Bellacanvas Youth Jersey Short Sleeve Tee Bc3001Y Copy",bellacanvas-youth-jersey-short-sleeve-tee-bc3001y-copy-17,2024-05-24 10:29
"Pacific Headwear Trucker Pacflex Cap 404 Copy",pacific-headwear-trucker-pacflex-cap-404-copy-3,2024-05-24 13:03
"Cornerstone Ansi 107 Class 2 Safety T Shirt Cs401 Copy",cornerstone-ansi-107-class-2-safety-t-shirt-cs401-copy-20,2024-05-27 06:06
"Bellacanvas Youth Jersey Short Sleeve Tee Bc3001Y Copy",bellacanvas-youth-jersey-short-sleeve-tee-bc3001y-copy-18,2024-05-27 06:20
"Champion Heritage 5 2 Oz Jersey Long Sleeve Tee Cc8C Copy",champion-heritage-5-2-oz-jersey-long-sleeve-tee-cc8c-copy-39,2024-05-27 06:33
"Cornerstone Ansi 107 Class 2 Safety T Shirt Cs401 Copy",cornerstone-ansi-107-class-2-safety-t-shirt-cs401-copy-22,2024-05-27 13:39
"Cornerstone Ansi 107 Class 2 Safety T Shirt Cs401 Copy",cornerstone-ansi-107-class-2-safety-t-shirt-cs401-copy-23,2024-05-27 13:41
"Cornerstone Ansi 107 Class 2 Safety T Shirt Cs401 Copy",cornerstone-ansi-107-class-2-safety-t-shirt-cs401-copy-24,2024-05-27 13:42
"Cornerstone Ansi 107 Class 2 Safety T Shirt Cs401 Copy",cornerstone-ansi-107-class-2-safety-t-shirt-cs401-copy-25,2024-05-27 13:43
"Cornerstone Ansi 107 Class 2 Safety T Shirt Cs401 Copy",cornerstone-ansi-107-class-2-safety-t-shirt-cs401-copy-26,2024-05-27 13:44
"Cornerstone Ansi 107 Class 2 Safety T Shirt Cs401 Copy",cornerstone-ansi-107-class-2-safety-t-shirt-cs401-copy-28,2024-05-27 13:49
"Cornerstone Ansi 107 Class 2 Safety T Shirt Cs401 Copy",cornerstone-ansi-107-class-2-safety-t-shirt-cs401-copy-29,2024-05-27 13:52
"Cornerstone Ansi 107 Class 2 Safety T Shirt Cs401 Copy",cornerstone-ansi-107-class-2-safety-t-shirt-cs401-copy-30,2024-05-27 13:53
"Champion Heritage 5 2 Oz Jersey Long Sleeve Tee Cc8C Copy",champion-heritage-5-2-oz-jersey-long-sleeve-tee-cc8c-copy-40,2024-05-27 14:12
"Carhartt Force Long Sleeve Pocket T Shirt Ct104617",carhartt-force-long-sleeve-pocket-t-shirt-ct104617-copy,2024-05-27 14:16
"Wonderwink Womens Workflex Flare Leg Cargo Pant Ww4750",wonderwink-womens-workflex-flare-leg-cargo-pant-ww4750-copy,2024-05-27 14:22
"Cornerstone Ansi 107 Class 2 Mesh Tee Cs200 Copy",cornerstone-ansi-107-class-2-mesh-tee-cs200-copy-3,2024-05-27 14:23
"Richardson Twill Back Trucker Cap 312",richardson-twill-back-trucker-cap-312-copy,2024-05-27 14:37
"Ogio Transfer Pack 91013",ogio-transfer-pack-91013-copy,2024-05-27 14:37
"Cornerstone Ansi 107 Class 2 Safety T Shirt Cs401 Copy",cornerstone-ansi-107-class-2-safety-t-shirt-cs401-copy-17,2024-05-27 14:37
"Port Company Core Cotton Tee Pc54 Copy",port-company-core-cotton-tee-pc54-copy-31,2024-05-27 14:37
"Richardson Snapback Trucker Cap 112 Copy",richardson-snapback-trucker-cap-112-copy-21,2024-05-28 15:25
"District Womens Featherweight French Terry Hoodie Dt671",district-womens-featherweight-french-terry-hoodie-dt671-copy,2024-05-28 16:59
"District Womens Featherweight French Terry Hoodie Dt671 Copy",district-womens-featherweight-french-terry-hoodie-dt671-copy-2,2024-05-28 17:06
"Port Company Core Fleece Crewneck Sweatshirt Pc78 Copy",port-company-core-fleece-crewneck-sweatshirt-pc78-copy-7,2024-05-28 17:16
"District V I T Muscle Tank Dt6300 Copy",district-v-i-t-muscle-tank-dt6300-copy-2,2024-05-28 17:18
"District V I T Muscle Tank Dt6300 Copy",district-v-i-t-muscle-tank-dt6300-copy-3,2024-05-28 17:19
"Port Company Ladies Core Cotton Tank Top Lpc54Tt Copy",port-company-ladies-core-cotton-tank-top-lpc54tt-copy-2,2024-05-28 17:21
"Port Company Ladies Core Cotton Tank Top Lpc54Tt Copy",port-company-ladies-core-cotton-tank-top-lpc54tt-copy-3,2024-05-28 17:25
"Sport Tek Posicharge Competitor Cotton Touch Tee St450",sport-tek-posicharge-competitor-cotton-touch-tee-st450-copy,2024-05-28 17:27
"Sport Tek Ladies Posicharge Competitor Cotton Touch Scoop Neck Tee Lst450 Copy",sport-tek-ladies-posicharge-competitor-cotton-touch-scoop-neck-tee-lst450-copy-2,2024-05-28 17:32
"Port Company Core Cotton Tee Pc54 Copy",port-company-core-cotton-tee-pc54-copy-34,2024-05-28 17:45
"Richardson Snapback Trucker Cap 112 Copy",richardson-snapback-trucker-cap-112-copy-22,2024-05-28 17:49
"Port Company Core Fleece Pullover Hooded Sweatshirt Pc78H Copy",port-company-core-fleece-pullover-hooded-sweatshirt-pc78h-copy-6,2024-05-28 18:02
"Port Company Core Fleece Pullover Hooded Sweatshirt Pc78H Copy",port-company-core-fleece-pullover-hooded-sweatshirt-pc78h-copy-7,2024-05-28 18:03
"Port Company Core Cotton Tee Pc54 Copy",port-company-core-cotton-tee-pc54-copy-35,2024-05-28 18:06
"Sport Tek Ladies Posicharge Competitor Cotton Touch Scoop Neck Tee Lst450 Copy",sport-tek-ladies-posicharge-competitor-cotton-touch-scoop-neck-tee-lst450-copy-3,2024-05-28 18:08
"Port Authority Accord Microfleece Vest F152",port-authority-accord-microfleece-vest-f152-copy,2024-05-28 18:16
"Port Authority Ladies Value Fleece Vest L219",port-authority-ladies-value-fleece-vest-l219-copy,2024-05-28 18:17
"Port Authority Silk Touch Polo K500 Copy",port-authority-silk-touch-polo-k500-copy-2,2024-05-30 19:45
"Port Authority Silk Touch Polo K500",port-authority-silk-touch-polo-k500-copy,2024-05-30 19:45
"Port Company Tall Core Blend Tee Pc55T Copy",port-company-tall-core-blend-tee-pc55t-copy-4,2024-05-30 19:46
"Port Company Tall Core Blend Tee Pc55T Copy",port-company-tall-core-blend-tee-pc55t-copy-3,2024-05-30 19:46
"Port Company Core Blend Tee Pc55 Copy",port-company-core-blend-tee-pc55-copy-10,2024-05-30 19:46
"Port Company Fan Favorite Fleece Crewneck Sweatshirt Pc850 Copy",port-company-fan-favorite-fleece-crewneck-sweatshirt-pc850-copy-3,2024-05-30 19:58
"Port Company Fan Favorite Fleece Crewneck Sweatshirt Pc850",port-company-fan-favorite-fleece-crewneck-sweatshirt-pc850-copy,2024-05-30 19:59
"Port Company Fan Favorite Fleece Crewneck Sweatshirt Pc850 Copy",port-company-fan-favorite-fleece-crewneck-sweatshirt-pc850-copy-2,2024-05-30 19:59
"Port Company Fan Favorite Fleece Crewneck Sweatshirt Pc850 Copy",port-company-fan-favorite-fleece-crewneck-sweatshirt-pc850-copy-4,2024-05-30 20:00
"Ogio Limit Polo Og138 Copy",ogio-limit-polo-og138-copy-3,2024-05-30 20:34
"Ogio Limit Polo Og138 Copy",ogio-limit-polo-og138-copy-2,2024-05-30 20:34
"Port Authority Tall Silk Touch Polo Tlk500 Copy",port-authority-tall-silk-touch-polo-tlk500-copy-2,2024-05-31 20:40
"Port Authority Tall Silk Touch Polo Tlk500",port-authority-tall-silk-touch-polo-tlk500-copy,2024-05-31 20:41
"Port Company Soft Brushed Canvas Cap Cp96",port-company-soft-brushed-canvas-cap-cp96-copy,2024-05-31 20:52
"Port Company Soft Brushed Canvas Cap Cp96 Copy",port-company-soft-brushed-canvas-cap-cp96-copy-2,2024-05-31 20:54
"Port Company Ladies Core Cotton Tank Top Lpc54Tt Copy",port-company-ladies-core-cotton-tank-top-lpc54tt-copy-4,2024-06-05 14:19
"Bellacanvas Youth Jersey Short Sleeve Tee Bc3001Y Copy",bellacanvas-youth-jersey-short-sleeve-tee-bc3001y-copy-19,2024-06-06 10:16
"Champion Heritage 5 2 Oz Jersey Long Sleeve Tee Cc8C Copy",champion-heritage-5-2-oz-jersey-long-sleeve-tee-cc8c-copy-16,2024-06-06 10:22
"Port Company Soft Brushed Canvas Cap Cp96 Copy",port-company-soft-brushed-canvas-cap-cp96-copy-3,2024-06-20 12:44
"Pacific Headwear Trucker Pacflex Cap 404 Copy",pacific-headwear-trucker-pacflex-cap-404-copy-4,2024-06-21 06:10
"Ogio Orbit Polo Og133",ogio-orbit-polo-og133-copy,2024-06-21 08:51
"Cornerstone Ansi 107 Class 2 Safety T Shirt Cs401 Copy",cornerstone-ansi-107-class-2-safety-t-shirt-cs401-copy-32,2024-06-21 09:36
"Port Authority Outback Hat Hcf",port-authority-outback-hat-hcf-copy,2024-06-21 09:47
"Richardson R Flextrucker Cap 110",richardson-r-flextrucker-cap-110-copy,2024-06-21 09:54
"Cuffed Hi Viz Beanies With 3M Flex Thinsulate Lining Max139",cuffed-hi-viz-beanies-with-3m-flex-thinsulate-lining-max139-copy,2024-06-21 10:06
"Gildan Ultra Cotton 100 Us Cotton T Shirt 2000 Copy",gildan-ultra-cotton-100-us-cotton-t-shirt-2000-copy-11,2024-06-21 10:06
"Port Company Core Cotton Tee Pc54 Copy",port-company-core-cotton-tee-pc54-copy-30,2024-06-21 10:06
"Next Level Apparel Unisex Tri Blend 3 4 Sleeve Raglan Tee Nl6051 Copy",next-level-apparel-unisex-tri-blend-3-4-sleeve-raglan-tee-nl6051-copy-12,2024-06-21 11:24
"Port Company Core Cotton Tee Pc54 Copy",port-company-core-cotton-tee-pc54-copy-32,2024-06-21 11:48
"Port Company Core Cotton Tee Pc54 Copy",port-company-core-cotton-tee-pc54-copy-36,2024-06-21 12:18
"Legacy Old Favorite Trucker Cap 6606",legacy-old-favorite-trucker-cap-6606-copy,2024-06-27 11:04
"Trucker Pacflex Cap 404M Copy",trucker-pacflex-cap-404m-copy-2,2024-06-27 11:10
"Ogio Ladies Brink Soft Shell Loe722",ogio-ladies-brink-soft-shell-loe722-copy,2024-06-27 11:10
"Port Company Core Blend Tee Pc55 Copy",port-company-core-blend-tee-pc55-copy-9,2024-08-16 20:51
"Port Authority Accord Microfleece Jacket F151",port-authority-accord-microfleece-jacket-f151-copy,2024-08-23 13:50
"Port Authority Value Fleece Vest F219",port-authority-value-fleece-vest-f219-copy,2024-08-23 13:51
"Port Company Core Fleece Pullover Hooded Sweatshirt Pc78H Copy",port-company-core-fleece-pullover-hooded-sweatshirt-pc78h-copy-5,2024-08-23 14:38
"Ansi Class 3 Quilted Lined Chore Coat Max601",ansi-class-3-quilted-lined-chore-coat-max601-copy,2024-08-23 15:04
"Port Company Long Sleeve Core Blend Tee Pc55Ls Copy",port-company-long-sleeve-core-blend-tee-pc55ls-copy-3,2024-08-23 15:08
"Port Company Core Blend Tee Pc55 Copy",port-company-core-blend-tee-pc55-copy-11,2024-08-23 15:10
"Tt11M Team 365 Mens Zone Performance Muscle T Shirt",tt11m-team-365-mens-zone-performance-muscle-t-shirt-copy,2024-08-23 15:13
"Trucker Pacflex Cap 404M Copy",trucker-pacflex-cap-404m-copy-3,2024-08-23 15:28
"Richardson Snapback Trucker Cap 112 Copy",richardson-snapback-trucker-cap-112-copy-23,2024-08-23 15:36
"Port Company Core Blend Tee Pc55 Copy",port-company-core-blend-tee-pc55-copy-12,2024-08-26 18:21
"Richardson Snapback Trucker Cap 112 Copy",richardson-snapback-trucker-cap-112-copy-24,2024-08-26 18:25
"Champion Heritage 5 2 Oz Jersey Long Sleeve Tee Cc8C Copy",champion-heritage-5-2-oz-jersey-long-sleeve-tee-cc8c-copy-12,2024-08-30 18:14
"Port Company Core Cotton Tee Pc54 Copy",port-company-core-cotton-tee-pc54-copy-38,2024-08-30 18:41
"Ansi Class 3 Quilted Lined Chore Coat Max601 Copy",ansi-class-3-quilted-lined-chore-coat-max601-copy-2,2024-09-11 19:25
"Max424 Class 2 Mesh Vest Safety Green",max424-class-2-mesh-vest-safety-green-copy,2024-09-12 13:22
"Ogio Limit Polo Og138 Copy",ogio-limit-polo-og138-copy-4,2024-09-12 16:11
"Ogio Limit Polo Og138 Copy",ogio-limit-polo-og138-copy-5,2024-09-12 16:15
"Port Authority Tall Silk Touch Polo Tlk500 Copy",port-authority-tall-silk-touch-polo-tlk500-copy-3,2024-09-12 16:54
"Port Authority Silk Touch Polo K500 Copy",port-authority-silk-touch-polo-k500-copy-3,2024-09-12 16:59
"Port Authority Tall Silk Touch Polo Tlk500 Copy",port-authority-tall-silk-touch-polo-tlk500-copy-4,2024-09-12 17:42
"Port Company Core Blend Tee Pc55 Copy",port-company-core-blend-tee-pc55-copy-14,2024-09-12 18:01
"Port Company Core Blend Tee Pc55 Copy",port-company-core-blend-tee-pc55-copy-15,2024-09-12 18:06
"Richardson Snapback Trucker Cap 112 Copy",richardson-snapback-trucker-cap-112-copy-25,2024-09-12 18:27
"American Apparel Fine Jersey V Neck T Shirt 2456W",american-apparel-fine-jersey-v-neck-t-shirt-2456w-copy,2024-09-13 21:38
"Next Level Apparel Unisex Cvc Tee Nl6210 Copy",next-level-apparel-unisex-cvc-tee-nl6210-copy-12,2024-09-14 15:42
"Next Level Apparel Unisex Cvc Tee Nl6210 Copy",next-level-apparel-unisex-cvc-tee-nl6210-copy-13,2024-09-16 01:50
"Sport Tek Sport Wick Stretch 1 4 Zip Pullover St850",sport-tek-sport-wick-stretch-1-4-zip-pullover-st850-copy,2024-09-16 17:42
"Port Company Core Cotton Tee Pc54 Copy",port-company-core-cotton-tee-pc54-copy-3,2024-09-17 02:01
"Imperial The Wrightson Cap 5054 Copy",imperial-the-wrightson-cap-5054-copy-15,2024-09-19 03:46
"Port Company Core Cotton Tee Pc54 Copy",port-company-core-cotton-tee-pc54-copy-16,2024-09-20 03:10
"Richardson Snapback Trucker Cap 112 Copy",richardson-snapback-trucker-cap-112-copy-26,2024-09-20 03:15
"Sport Tek Sport Wick Stretch 1 4 Zip Pullover St850 Copy",sport-tek-sport-wick-stretch-1-4-zip-pullover-st850-copy-2,2024-09-20 03:30
"Independent Trading Co Heavyweight Full Zip Hooded Sweatshirt Ind4000Z",independent-trading-co-heavyweight-full-zip-hooded-sweatshirt-ind4000z-copy,2024-09-20 14:23
"Sportsman 12 Solid Cuffed Beanie Sp12",sportsman-12-solid-cuffed-beanie-sp12-copy,2024-09-20 14:26
"Port Company Core Blend Tee Pc55 Copy",port-company-core-blend-tee-pc55-copy-16,2024-09-20 15:12
"Port Company Fan Favorite Fleece Crewneck Sweatshirt Pc850 Copy",port-company-fan-favorite-fleece-crewneck-sweatshirt-pc850-copy-20,2024-09-20 16:12
"Port Company Fan Favorite Fleece Crewneck Sweatshirt Pc850 Copy",port-company-fan-favorite-fleece-crewneck-sweatshirt-pc850-copy-21,2024-09-20 18:07
"Port Authority Silk Touch Polo K500 Copy",port-authority-silk-touch-polo-k500-copy-5,2024-09-20 18:23
"Badger B Core Hooded Long Sleeve T Shirt 4105",badger-b-core-hooded-long-sleeve-t-shirt-4105-copy,2024-09-26 19:47
"Tt11M Team 365 Mens Zone Performance Muscle T Shirt Copy",tt11m-team-365-mens-zone-performance-muscle-t-shirt-copy-2,2024-09-26 19:51
"Port Company Core Fleece Pullover Hooded Sweatshirt Pc78H Copy",port-company-core-fleece-pullover-hooded-sweatshirt-pc78h-copy-8,2024-09-26 19:54
"Max630 Ansi Class 3 Pullover Heavyweight Hoodie",max630-ansi-class-3-pullover-heavyweight-hoodie-copy,2024-09-26 20:00
"Port Company Core Blend Tee Pc55 Copy",port-company-core-blend-tee-pc55-copy-17,2024-09-26 20:02
"Ind5000P Legend Mens Premium 450Gm Heavyweight Cross Grain Hoodie",ind5000p-legend-mens-premium-450gm-heavyweight-cross-grain-hoodie-copy,2024-09-27 13:02
"Port Authority Value Fleece Vest F219 Copy",port-authority-value-fleece-vest-f219-copy-2,2024-09-27 13:04
"Port Authority Accord Microfleece Jacket F151 Copy",port-authority-accord-microfleece-jacket-f151-copy-2,2024-09-27 13:06
"Sport Tek Posicharge Tri Blend Wicking Short Sleeve Hoodie St404",sport-tek-posicharge-tri-blend-wicking-short-sleeve-hoodie-st404-copy,2024-09-27 15:08
"District Perfect Tri Long Sleeve Hoodie Dm139",district-perfect-tri-long-sleeve-hoodie-dm139-copy,2024-09-27 15:17
"Trucker Pacflex Cap 404M Copy",trucker-pacflex-cap-404m-copy-4,2024-09-27 16:15
"Ha15 Hi Vis Ranger Hat",ha15-hi-vis-ranger-hat-copy,2024-09-27 16:35
"Jerzees Dri Power 50 50 Cotton Poly T Shirt 29M Copy",jerzees-dri-power-50-50-cotton-poly-t-shirt-29m-copy-3,2024-09-27 18:07
"Port Authority Camouflage Fleece Beanie C901",port-authority-camouflage-fleece-beanie-c901-copy,2024-09-27 18:11
"Jerzees Nublend Sweatpant 973M",jerzees-nublend-sweatpant-973m-copy,2024-09-27 18:55
"Cornerstone 1 2 Zip Job Shirt Cs626",cornerstone-1-2-zip-job-shirt-cs626-copy,2024-09-27 19:00
"Cornerstone Select Snag Proof Pocket Polo Cs412P",cornerstone-select-snag-proof-pocket-polo-cs412p-copy,2024-09-27 19:03
"Carhartt Vertical 12 Can Cooler Ct89032822",carhartt-vertical-12-can-cooler-ct89032822-copy,2024-09-27 19:06
"Travismathew Rad Flexback Cap Tm1Mu426",travismathew-rad-flexback-cap-tm1mu426-copy,2024-10-01 17:33
"Travismathew Cruz Trucker Cap Tm1Mu423",travismathew-cruz-trucker-cap-tm1mu423-copy,2024-10-01 17:37
"Port Company Core Cotton Tee Pc54 Copy",port-company-core-cotton-tee-pc54-copy-40,2024-10-02 12:41
"Red Kap Short Sleeve Solid Ripstop Shirt Sy60 Copy",red-kap-short-sleeve-solid-ripstop-shirt-sy60-copy-2,2024-10-02 12:46
"Red Kap Short Sleeve Solid Ripstop Shirt Sy60 Copy",red-kap-short-sleeve-solid-ripstop-shirt-sy60-copy-3,2024-10-02 12:49
"Cornerstone Select Snag Proof Pocket Polo Cs412P Copy",cornerstone-select-snag-proof-pocket-polo-cs412p-copy-2,2024-10-02 12:53
"Gildan Heavy Blend Hooded Sweatshirt 18500",gildan-heavy-blend-hooded-sweatshirt-18500-copy,2024-10-02 12:58
"Cornerstone Ansi 107 Class 3 Mesh Long Sleeve Tee Cs203 Copy",cornerstone-ansi-107-class-3-mesh-long-sleeve-tee-cs203-copy-2,2024-10-02 14:13
"Port Authority Camouflage Colorblock Soft Shell J318C",port-authority-camouflage-colorblock-soft-shell-j318c-copy,2024-10-02 14:52
"Port Authority Core Soft Shell Vest J325",port-authority-core-soft-shell-vest-j325-copy,2024-10-02 14:54
"Ogio Stealth Full Zip Jacket Oe728",ogio-stealth-full-zip-jacket-oe728-copy,2024-10-02 14:58
"Port Authority Ladies Core Soft Shell Jacket L317",port-authority-ladies-core-soft-shell-jacket-l317-copy,2024-10-02 15:00
"Port Authority Back Block Soft Shell Jacket J336",port-authority-back-block-soft-shell-jacket-j336-copy,2024-10-02 15:02
"The North Face Ladies Ridgewall Soft Shell Vest Nf0A3Lh1",the-north-face-ladies-ridgewall-soft-shell-vest-nf0a3lh1-copy,2024-10-02 15:04
"Cornerstone Ansi 107 Class 3 Soft Shell Jacket Csj503",cornerstone-ansi-107-class-3-soft-shell-jacket-csj503-copy,2024-10-02 15:07
"Carhartt Super Dux Soft Shell Jacket Ct105534",carhartt-super-dux-soft-shell-jacket-ct105534-copy,2024-10-02 15:08
"Ogio Fulcrum Full Zip Oe700",ogio-fulcrum-full-zip-oe700-copy,2024-10-02 15:12
"Sport Tek Flexfit Air Mesh Back Cap Stc40",sport-tek-flexfit-air-mesh-back-cap-stc40-copy,2024-10-02 16:02
"Ogio Fulcrum Full Zip Oe700 Copy",ogio-fulcrum-full-zip-oe700-copy-2,2024-10-02 16:02
"District Distressed Military Hat Dt605",district-distressed-military-hat-dt605-copy,2024-10-02 16:04
"Port Company Pigment Dyed Cap Cp84",port-company-pigment-dyed-cap-cp84-copy,2024-10-02 16:06
"Port Authority Core Soft Shell Vest J325 Copy",port-authority-core-soft-shell-vest-j325-copy-2,2024-10-02 16:06
"Port Authority Pro Camouflage Series Garment Washed Cap C871",port-authority-pro-camouflage-series-garment-washed-cap-c871-copy,2024-10-02 16:11
"New Era Colorblock Cuffed Beanie Ne904",new-era-colorblock-cuffed-beanie-ne904-copy,2024-10-02 16:15
"Carhartt Watch Cap 2 0 Ct104597",carhartt-watch-cap-2-0-ct104597-copy,2024-10-02 16:18
"Port Company Fleece Lined Knit Cap Cp90L",port-company-fleece-lined-knit-cap-cp90l-copy,2024-10-02 16:23
"Gildan Dryblend 50 Cotton 50 Poly Long Sleeve T Shirt 8400",gildan-dryblend-50-cotton-50-poly-long-sleeve-t-shirt-8400-copy,2024-10-02 16:33
"Gildan Softstyle Long Sleeve T Shirt 64400",gildan-softstyle-long-sleeve-t-shirt-64400-copy,2024-10-02 16:35
"Gildan Heavy Cotton 100 Cotton Long Sleeve T Shirt 5400",gildan-heavy-cotton-100-cotton-long-sleeve-t-shirt-5400-copy,2024-10-02 16:43
"Red Kap Short Sleeve Solid Ripstop Shirt Sy60",red-kap-short-sleeve-solid-ripstop-shirt-sy60-copy,2024-10-02 16:48
"Port Authority R Tek Stretch Fleece Beanie C900",port-authority-r-tek-stretch-fleece-beanie-c900-copy,2024-10-02 16:54
"Port Authority R Tek Stretch Fleece Beanie C900 Copy",port-authority-r-tek-stretch-fleece-beanie-c900-copy-2,2024-10-02 17:00
"Port Authority Heather Microfleece Full Zip Jacket F235",port-authority-heather-microfleece-full-zip-jacket-f235-copy,2024-10-08 18:25
"Port Authority Value Fleece Vest F219 Copy",port-authority-value-fleece-vest-f219-copy-3,2024-10-08 18:27
"Port Authority Flexfit 110 Performance Snapback Cap C301 Copy",port-authority-flexfit-110-performance-snapback-cap-c301-copy-3,2024-10-08 18:29
"Port Company Long Sleeve Core Blend Tee Pc55Ls Copy",port-company-long-sleeve-core-blend-tee-pc55ls-copy-4,2024-10-08 18:34
"Max630 Ansi Class 3 Pullover Heavyweight Hoodie Copy",max630-ansi-class-3-pullover-heavyweight-hoodie-copy-2,2024-10-08 18:40
"Ansi Class 3 Quilted Lined Chore Coat Max601 Copy",ansi-class-3-quilted-lined-chore-coat-max601-copy-4,2024-10-08 18:46
"Badger B Core Hooded Long Sleeve T Shirt 4105 Copy",badger-b-core-hooded-long-sleeve-t-shirt-4105-copy-3,2024-10-08 18:50
"Ind5000P Legend Mens Premium 450Gm Heavyweight Cross Grain Hoodie Copy",ind5000p-legend-mens-premium-450gm-heavyweight-cross-grain-hoodie-copy-3,2024-10-08 18:52
"Independent Trading Co Heavyweight Full Zip Hooded Sweatshirt Ind4000Z Copy",independent-trading-co-heavyweight-full-zip-hooded-sweatshirt-ind4000z-copy-2,2024-10-08 18:54
"Ha15 Hi Vis Ranger Hat Copy",ha15-hi-vis-ranger-hat-copy-3,2024-10-08 18:58
"Port Authority Active Hooded Soft Shell Jacket J719",port-authority-active-hooded-soft-shell-jacket-j719-copy,2024-10-10 15:12
"Port Authority Waterproof Soft Shell Jacket J798",port-authority-waterproof-soft-shell-jacket-j798-copy,2024-10-10 15:16
"Port Authority Challenger Ii Jacket J354",port-authority-challenger-ii-jacket-j354-copy,2024-10-10 15:24
"Cornerstone Tall Select Lightweight Snag Proof Polo Tlcs418",cornerstone-tall-select-lightweight-snag-proof-polo-tlcs418-copy,2024-10-10 15:32
"Port Authority Dry Zone Uv Micro Mesh Pocket Polo K110P",port-authority-dry-zone-uv-micro-mesh-pocket-polo-k110p-copy,2024-10-10 18:44
"Imperial The Wrightson Cap 5054 Copy",imperial-the-wrightson-cap-5054-copy-23,2024-10-10 19:53
"Sportsman 12 Solid Cuffed Beanie Sp12 Copy",sportsman-12-solid-cuffed-beanie-sp12-copy-6,2024-10-11 17:16
"New Era Speckled Beanie Ne905",new-era-speckled-beanie-ne905-copy,2024-10-11 17:20
"Sport Tek Heather Pom Pom Beanie Stc41",sport-tek-heather-pom-pom-beanie-stc41-copy,2024-10-11 17:23
"Sport Tek Pom Pom Team Beanie Stc21",sport-tek-pom-pom-team-beanie-stc21-copy,2024-10-11 17:36
"Port Authority Two Color Fleece Headband C916",port-authority-two-color-fleece-headband-c916-copy,2024-10-11 17:40
"Cornerstone Select Lightweight Snag Proof Polo Cs418 Copy",cornerstone-select-lightweight-snag-proof-polo-cs418-copy-4,2024-10-11 17:43
"Sportsman 12 Solid Cuffed Beanie Sp12 Copy",sportsman-12-solid-cuffed-beanie-sp12-copy-5,2024-10-14 15:13
"Sportsman 12 Solid Cuffed Beanie Sp12 Copy",sportsman-12-solid-cuffed-beanie-sp12-copy-3,2024-10-14 15:14
"Sportsman 12 Solid Cuffed Beanie Sp12 Copy",sportsman-12-solid-cuffed-beanie-sp12-copy-4,2024-10-14 15:19
"Sportsman 12 Solid Cuffed Beanie Sp12 Copy",sportsman-12-solid-cuffed-beanie-sp12-copy-2,2024-10-21 13:36
"Port Company Core Cotton Tee Pc54 Copy",port-company-core-cotton-tee-pc54-copy-46,2024-11-17 17:48
"Port Company Essential Fleece Crewneck Sweatshirt Pc90",port-company-essential-fleece-crewneck-sweatshirt-pc90-copy,2024-12-04 17:27
"Port Company Essential Fleece Crewneck Sweatshirt Pc90 Copy",port-company-essential-fleece-crewneck-sweatshirt-pc90-copy-2,2024-12-04 17:30
"Port Company Essential Fleece Pullover Hooded Sweatshirt Pc90H",port-company-essential-fleece-pullover-hooded-sweatshirt-pc90h-copy,2024-12-04 17:33
"Port Company Essential Fleece Pullover Hooded Sweatshirt Pc90H Copy",port-company-essential-fleece-pullover-hooded-sweatshirt-pc90h-copy-2,2024-12-04 17:35
"Port Company Essential Fleece Full Zip Hooded Sweatshirt Pc90Zh",port-company-essential-fleece-full-zip-hooded-sweatshirt-pc90zh-copy,2024-12-04 17:37
"Port Company Essential Fleece Full Zip Hooded Sweatshirt Pc90Zh Copy",port-company-essential-fleece-full-zip-hooded-sweatshirt-pc90zh-copy-2,2024-12-04 17:38
"Sport Tek Sport Wick Textured Colorblock 1 4 Zip Pullover St861",sport-tek-sport-wick-textured-colorblock-1-4-zip-pullover-st861-copy,2024-12-04 17:44
"Sport Tek Sport Wick Textured Colorblock 1 4 Zip Pullover St861 Copy",sport-tek-sport-wick-textured-colorblock-1-4-zip-pullover-st861-copy-2,2024-12-04 17:45
"Sport Tek Sport Wick Stretch 1 4 Zip Pullover St850 Copy",sport-tek-sport-wick-stretch-1-4-zip-pullover-st850-copy-6,2024-12-04 17:48
"Sport Tek Sport Wick Stretch 1 4 Zip Pullover St850 Copy",sport-tek-sport-wick-stretch-1-4-zip-pullover-st850-copy-7,2024-12-04 17:49
"Sport Tek Posicharge Electric Heather Colorblock 1 4 Zip Pullover St397",sport-tek-posicharge-electric-heather-colorblock-1-4-zip-pullover-st397-copy,2024-12-04 17:52
"Sportsman 12 Solid Cuffed Beanie Sp12 Copy",sportsman-12-solid-cuffed-beanie-sp12-copy-7,2024-12-04 17:54
"Carhartt Midweight Crewneck Sweatshirt Ctk124",carhartt-midweight-crewneck-sweatshirt-ctk124-copy,2024-12-19 17:04
"Carhartt Midweight Crewneck Sweatshirt Ctk124 Copy",carhartt-midweight-crewneck-sweatshirt-ctk124-copy-2,2024-12-19 17:07
"Sport Tek Super Heavyweight Crewneck Sweatshirt F280",sport-tek-super-heavyweight-crewneck-sweatshirt-f280-copy,2024-12-19 17:15
"Sport Tek Super Heavyweight Crewneck Sweatshirt F280 Copy",sport-tek-super-heavyweight-crewneck-sweatshirt-f280-copy-2,2024-12-19 17:17
"Ansi Class 3 Parka Max628",ansi-class-3-parka-max628-copy,2024-12-19 17:24
"Ansi Class 3 Hiviz Softshell Jacket Max622",ansi-class-3-hiviz-softshell-jacket-max622-copy,2024-12-19 17:27
"Max424 Class 2 Mesh Vest Safety Green Copy",max424-class-2-mesh-vest-safety-green-copy-2,2024-12-19 17:36
"Carhartt Rain Defender Paxton Heavyweight Hooded Sweatshirt Ct100615",carhartt-rain-defender-paxton-heavyweight-hooded-sweatshirt-ct100615-copy,2024-12-19 17:41
"Port Authority Slub Fleece 1 4 Zip Pullover F295",port-authority-slub-fleece-1-4-zip-pullover-f295-copy,2024-12-19 17:45
"Sport Tek Tech Fleece 1 4 Zip Pullover F247",sport-tek-tech-fleece-1-4-zip-pullover-f247-copy,2024-12-19 17:49
"Port Company Long Sleeve Core Blend Tee Pc55Ls Copy",port-company-long-sleeve-core-blend-tee-pc55ls-copy-5,2024-12-19 17:54
"Port Company Long Sleeve Core Blend Tee Pc55Ls Copy",port-company-long-sleeve-core-blend-tee-pc55ls-copy-6,2024-12-19 17:56
"Ogio Radius 1 4 Zip Oe550",ogio-radius-1-4-zip-oe550-copy,2024-12-19 18:03
"Ogio Limit 1 4 Zip Og139",ogio-limit-1-4-zip-og139-copy,2024-12-19 18:07
"Sportsman 12 Solid Cuffed Beanie Sp12 Copy",sportsman-12-solid-cuffed-beanie-sp12-copy-8,2024-12-19 18:10
"Sportsman 12 Solid Cuffed Beanie Sp12 Copy",sportsman-12-solid-cuffed-beanie-sp12-copy-9,2024-12-19 18:11
"Port Company Essential Fleece Pullover Hooded Sweatshirt Pc90H Copy",port-company-essential-fleece-pullover-hooded-sweatshirt-pc90h-copy-3,2024-12-19 18:16
"Sport Tek Flexfit Air Mesh Back Cap Stc40 Copy",sport-tek-flexfit-air-mesh-back-cap-stc40-copy-2,2024-12-23 13:31
"Port Authority Snapback Trucker Cap C112",port-authority-snapback-trucker-cap-c112-copy,2024-12-23 15:19
"Port Authority Snapback Trucker Cap C112 Copy",port-authority-snapback-trucker-cap-c112-copy-2,2024-12-23 15:21
"J America Vintage Zen Fleece Hooded Sweatshirt 8915 Copy",j-america-vintage-zen-fleece-hooded-sweatshirt-8915-copy-2,2024-12-27 03:17
"Max424 Class 2 Mesh Vest Safety Green Copy",max424-class-2-mesh-vest-safety-green-copy-5,2025-01-29 14:24
"Ansi Class 3 Hiviz Softshell Jacket Max622 Copy",ansi-class-3-hiviz-softshell-jacket-max622-copy-2,2025-01-29 14:27
"Ansi Class 3 Parka Max628 Copy",ansi-class-3-parka-max628-copy-2,2025-01-29 14:28
"Carhartt Midweight Crewneck Sweatshirt Ctk124 Copy",carhartt-midweight-crewneck-sweatshirt-ctk124-copy-3,2025-01-29 14:31
"Carhartt Midweight Crewneck Sweatshirt Ctk124 Copy",carhartt-midweight-crewneck-sweatshirt-ctk124-copy-4,2025-01-29 14:33
"Carhartt Rain Defender Paxton Heavyweight Hooded Sweatshirt Ct100615 Copy",carhartt-rain-defender-paxton-heavyweight-hooded-sweatshirt-ct100615-copy-2,2025-01-29 14:35
"Ogio Limit 1 4 Zip Og139 Copy",ogio-limit-1-4-zip-og139-copy-2,2025-01-29 14:53
"Ogio Radius 1 4 Zip Oe550 Copy",ogio-radius-1-4-zip-oe550-copy-2,2025-01-29 14:54
"Ogio Radius 1 4 Zip Oe550 Copy",ogio-radius-1-4-zip-oe550-copy-3,2025-01-29 14:56
"Ogio Radius 1 4 Zip Oe550 Copy",ogio-radius-1-4-zip-oe550-copy-4,2025-01-29 14:58
"Port Company Essential Fleece Pullover Hooded Sweatshirt Pc90H Copy",port-company-essential-fleece-pullover-hooded-sweatshirt-pc90h-copy-4,2025-01-29 15:00
"Port Company Long Sleeve Core Blend Tee Pc55Ls Copy",port-company-long-sleeve-core-blend-tee-pc55ls-copy-7,2025-01-29 15:05
"Port Company Long Sleeve Core Blend Tee Pc55Ls Copy",port-company-long-sleeve-core-blend-tee-pc55ls-copy-8,2025-01-29 15:07
"Port Authority Slub Fleece 1 4 Zip Pullover F295 Copy",port-authority-slub-fleece-1-4-zip-pullover-f295-copy-2,2025-01-29 16:16
"Sport Tek Super Heavyweight Crewneck Sweatshirt F280 Copy",sport-tek-super-heavyweight-crewneck-sweatshirt-f280-copy-3,2025-01-29 16:19
"Sport Tek Super Heavyweight Crewneck Sweatshirt F280 Copy",sport-tek-super-heavyweight-crewneck-sweatshirt-f280-copy-4,2025-01-29 16:21
"Sport Tek Tech Fleece 1 4 Zip Pullover F247 Copy",sport-tek-tech-fleece-1-4-zip-pullover-f247-copy-2,2025-01-29 16:24
"Sportsman 12 Solid Cuffed Beanie Sp12 Copy",sportsman-12-solid-cuffed-beanie-sp12-copy-10,2025-01-29 16:26
"Sportsman 12 Solid Cuffed Beanie Sp12 Copy",sportsman-12-solid-cuffed-beanie-sp12-copy-11,2025-01-29 16:27
"Sport Tek Flexfit Air Mesh Back Cap Stc40 Copy",sport-tek-flexfit-air-mesh-back-cap-stc40-copy-3,2025-01-29 16:32
"Port Authority Snapback Trucker Cap C112 Copy",port-authority-snapback-trucker-cap-c112-copy-3,2025-01-29 16:35
"Port Company Core Cotton Tee Pc54 Copy",port-company-core-cotton-tee-pc54-copy-44,2025-02-21 19:21
"Port Company Core Cotton Tee Pc54",port-company-core-cotton-tee-pc54-copy,2025-02-26 20:28
"The North Face Everyday Insulated Vest Nf0A529A",the-north-face-everyday-insulated-vest-nf0a529a-copy,2025-02-28 03:22
"The North Face Everyday Insulated Vest Nf0A529A Copy",the-north-face-everyday-insulated-vest-nf0a529a-copy-2,2025-02-28 03:30
"Port Company Core Cotton Tee Pc54 Copy",port-company-core-cotton-tee-pc54-copy-47,2025-03-12 15:07
"Port Authority Ladies Performance Fine Jacquard Polo L528",port-authority-ladies-performance-fine-jacquard-polo-l528-copy,2025-03-26 19:27
"Port Authority Ladies 3 4 Sleeve Tunic Blouse Lw701",port-authority-ladies-3-4-sleeve-tunic-blouse-lw701-copy,2025-03-26 19:29
"Port Company Ladies Core Fleece Pullover Hooded Sweatshirt Lpc78H",port-company-ladies-core-fleece-pullover-hooded-sweatshirt-lpc78h-copy,2025-03-26 19:34
"District Medal Full Zip Hoodie Dt565",district-medal-full-zip-hoodie-dt565-copy,2025-03-26 19:36
"District Womens Perfect Tri Hooded Cardigan Dt156",district-womens-perfect-tri-hooded-cardigan-dt156-copy,2025-03-26 19:40
"District Womens Perfect Tri Hooded Cardigan Dt156 Copy",district-womens-perfect-tri-hooded-cardigan-dt156-copy-2,2025-03-26 19:41
"Port Authority Ladies Microterry Cardigan Lk825",port-authority-ladies-microterry-cardigan-lk825-copy,2025-03-26 19:44
"Port Authority Ladies Everyday Plaid Shirt Lw670",port-authority-ladies-everyday-plaid-shirt-lw670-copy,2025-03-26 19:49
"District Womens Perfect Tri 3 4 Sleeve Raglan Dm136L",district-womens-perfect-tri-3-4-sleeve-raglan-dm136l-copy,2025-03-26 19:50
"Port Authority Interlock 1 4 Zip K807",port-authority-interlock-1-4-zip-k807-copy,2025-03-26 19:53
"Sport Tek Posicharge Electric Heather Polo St590",sport-tek-posicharge-electric-heather-polo-st590-copy,2025-03-26 19:56
"Hanes Ecosmart 5 2 Ounce Jersey Knit Sport Shirt 054X",hanes-ecosmart-5-2-ounce-jersey-knit-sport-shirt-054x-copy,2025-03-26 19:57
"Port Authority Ladies All Conditions Jacket L331",port-authority-ladies-all-conditions-jacket-l331-copy,2025-03-26 20:08
"Port Company Performance Fleece Pullover Hooded Sweatshirt Pc590H",port-company-performance-fleece-pullover-hooded-sweatshirt-pc590h-copy,2025-03-26 20:09
"Sport Tek Echo Tee St760",sport-tek-echo-tee-st760-copy,2025-03-26 20:11
"Sport Tek Ladies Posicharge Micro Mesh Polo Lst680",sport-tek-ladies-posicharge-micro-mesh-polo-lst680-copy,2025-03-26 20:16
"Port Authority Ladies Short Sleeve Easy Care Shirt L508",port-authority-ladies-short-sleeve-easy-care-shirt-l508-copy,2025-03-26 20:36
"Sport Tek Ladies Ultimate Performance V Neck Lst700",sport-tek-ladies-ultimate-performance-v-neck-lst700-copy,2025-03-26 20:52
"Port Authority Ladies Uv Choice Pique Henley Lk750",port-authority-ladies-uv-choice-pique-henley-lk750-copy,2025-03-26 20:54
"Port Authority Ladies C Free Cotton Blend Pique Polo Lk867",port-authority-ladies-c-free-cotton-blend-pique-polo-lk867-copy,2025-03-26 21:10
"Port Authority Ladies Silk Touch Performance Polo L540",port-authority-ladies-silk-touch-performance-polo-l540-copy,2025-03-26 21:13
"Sport Tek Ladies Posicharge Competitor 1 4 Zip Pullover Lst357",sport-tek-ladies-posicharge-competitor-1-4-zip-pullover-lst357-copy,2025-03-26 21:14
"Port Authority Ladies All Conditions Jacket L331 Copy",port-authority-ladies-all-conditions-jacket-l331-copy-2,2025-03-26 21:18
"Port Authority Microterry 1 4 Zip Pullover K825",port-authority-microterry-1-4-zip-pullover-k825-copy,2025-03-26 21:22
"Port Authority Tall Dry Zone Ottoman Polo Tlk525",port-authority-tall-dry-zone-ottoman-polo-tlk525-copy,2025-03-26 21:23
"Port Authority Collective Soft Shell Jacket J901",port-authority-collective-soft-shell-jacket-j901-copy,2025-03-26 21:26
"Cornerstone Select Snag Proof Polo Cs412",cornerstone-select-snag-proof-polo-cs412-copy,2025-03-26 21:27
"New Era Ladies Sueded Cotton Blend Cowl Tee Lnea123 Copy",new-era-ladies-sueded-cotton-blend-cowl-tee-lnea123-copy-2,2025-03-26 21:29
"Sport Tek Ladies Posicharge Electric Heather Colorblock 1 4 Zip Pullover Lst397",sport-tek-ladies-posicharge-electric-heather-colorblock-1-4-zip-pullover-lst397-copy,2025-03-26 21:30
"Port Authority Ladies Active Hooded Soft Shell Jacket L719",port-authority-ladies-active-hooded-soft-shell-jacket-l719-copy,2025-03-26 21:32
"Sport Tek Triumph 1 4 Zip Pullover St281",sport-tek-triumph-1-4-zip-pullover-st281-copy,2025-03-26 21:33
"Hanes Ecosmart 50 50 Cotton Poly T Shirt 5170",hanes-ecosmart-50-50-cotton-poly-t-shirt-5170-copy,2025-03-26 21:34
"Hanes Ecosmart 50 50 Cotton Poly T Shirt 5170 Copy",hanes-ecosmart-50-50-cotton-poly-t-shirt-5170-copy-2,2025-03-26 21:36
"Ogio Onyx Polo Og126 Copy",ogio-onyx-polo-og126-copy-3,2025-03-26 21:37
"Mercermettle Long Sleeve Stretch Woven Shirt Mm2000",mercermettle-long-sleeve-stretch-woven-shirt-mm2000-copy,2025-03-26 21:38
"Bellacanvas Womens Relaxed Heather Cvc V Neck Tee Bc6405Cvc Copy",bellacanvas-womens-relaxed-heather-cvc-v-neck-tee-bc6405cvc-copy-3,2025-03-26 21:40
"Bellacanvas Womens Relaxed Triblend Tee Bc6413",bellacanvas-womens-relaxed-triblend-tee-bc6413-copy,2025-03-26 21:41
"Brooks Brothers Cotton Stretch V Neck Sweater Bb18400",brooks-brothers-cotton-stretch-v-neck-sweater-bb18400-copy,2025-03-26 21:41
"Carhartt Midweight Hooded Sweatshirt Ctk121",carhartt-midweight-hooded-sweatshirt-ctk121-copy,2025-03-26 21:42
"Cornerstone Ladies Select Lightweight Snag Proof Polo Cs419",cornerstone-ladies-select-lightweight-snag-proof-polo-cs419-copy,2025-03-26 21:45
"District Womens Featherweight French Terry Hoodie Dt671 Copy",district-womens-featherweight-french-terry-hoodie-dt671-copy-3,2025-03-27 16:18
"Port Authority Ladies Performance Fine Jacquard Polo L528 Copy",port-authority-ladies-performance-fine-jacquard-polo-l528-copy-2,2025-03-31 16:11
"Richardson Snapback Trucker Cap 112 Copy",richardson-snapback-trucker-cap-112-copy-34,2025-04-03 20:49
"Richardson Snapback Trucker Cap 112 Copy",richardson-snapback-trucker-cap-112-copy-35,2025-04-03 20:52
"Port Authority Snapback Trucker Cap C112 Copy",port-authority-snapback-trucker-cap-c112-copy-4,2025-04-03 20:59
"Port Companyknit Cap Cp90 Copy",port-companyknit-cap-cp90-copy-4,2025-04-03 21:06
"Richardson Snapback Trucker Cap 112 Copy",richardson-snapback-trucker-cap-112-copy-33,2025-04-08 14:52
"The North Face Everyday Insulated Vest Nf0A529A Copy",the-north-face-everyday-insulated-vest-nf0a529a-copy-3,2025-04-11 15:24
"New Era Venue Fleece Pullover Hoodie Nea520",new-era-venue-fleece-pullover-hoodie-nea520-copy,2025-04-11 19:52
"Port Authority Ladies Active Soft Shell Jacket L717",port-authority-ladies-active-soft-shell-jacket-l717-copy,2025-04-11 19:55
"Port Company Ladies Core Fleece Pullover Hooded Sweatshirt Lpc78H Copy",port-company-ladies-core-fleece-pullover-hooded-sweatshirt-lpc78h-copy-2,2025-04-11 20:02
"Port Authority Ladies Collective Tech Outer Shell Jacket L920",port-authority-ladies-collective-tech-outer-shell-jacket-l920-copy,2025-04-11 20:07
"Port Authority Matte Hip Pack Bg936",port-authority-matte-hip-pack-bg936-copy,2025-04-21 19:10
"Port Company Core Fleece Pullover Hooded Sweatshirt Pc78H Copy",port-company-core-fleece-pullover-hooded-sweatshirt-pc78h-copy-9,2025-04-21 20:19
"Sport Tek Solid Pom Pom Beanie Stc37",sport-tek-solid-pom-pom-beanie-stc37-copy,2025-04-21 20:30
"Port Company Core Blend Tee Pc55 Copy",port-company-core-blend-tee-pc55-copy-18,2025-04-21 20:32
"Sport Tek Posicharge Competitor Headband Sta35",sport-tek-posicharge-competitor-headband-sta35-copy,2025-04-21 20:36
"Ogio Command Pack 91019",ogio-command-pack-91019-copy,2025-04-21 21:04
"New Era Ladies Performance Terry Short Sleeve Hoodie Lnea533",new-era-ladies-performance-terry-short-sleeve-hoodie-lnea533-copy,2025-04-21 21:09
"Sport Tek Ladies Posicharge Competitor Racerback Tank Lst356 Copy",sport-tek-ladies-posicharge-competitor-racerback-tank-lst356-copy-2,2025-04-21 21:11
"Sport Tek Posicharge Competitor Tee St350 Copy",sport-tek-posicharge-competitor-tee-st350-copy-3,2025-05-01 18:14
"Sport Tek Ladies Posicharge Competitor Tee Lst350",sport-tek-ladies-posicharge-competitor-tee-lst350-copy,2025-05-01 18:24
"Sport Tek Posicharge Competitor Tank St356",sport-tek-posicharge-competitor-tank-st356-copy,2025-05-01 18:26
"Sport Tek Posicharge Competitor Tank St356 Copy",sport-tek-posicharge-competitor-tank-st356-copy-2,2025-05-01 18:55
"Sport Tek Ladies Posicharge Competitor Tee Lst350 Copy",sport-tek-ladies-posicharge-competitor-tee-lst350-copy-2,2025-05-05 13:08
"Sport Tek Posicharge Competitor Tee St350 Copy",sport-tek-posicharge-competitor-tee-st350-copy-5,2025-05-05 13:10
"Sport Tek Ladies Posicharge Competitor Racerback Tank Lst356 Copy",sport-tek-ladies-posicharge-competitor-racerback-tank-lst356-copy-6,2025-05-05 13:13
"Sport Tek Ladies Posicharge Competitor Racerback Tank Lst356 Copy",sport-tek-ladies-posicharge-competitor-racerback-tank-lst356-copy-8,2025-05-05 13:15
"Sport Tek Ladies Sleeveless Posicharge Competitor V Neck Tee Lst352",sport-tek-ladies-sleeveless-posicharge-competitor-v-neck-tee-lst352-copy,2025-05-05 13:17
"Sport Tek Ladies Sleeveless Posicharge Competitor V Neck Tee Lst352 Copy",sport-tek-ladies-sleeveless-posicharge-competitor-v-neck-tee-lst352-copy-2,2025-05-05 13:18
"Port Company Ladies Core Cotton Tank Top Lpc54Tt Copy",port-company-ladies-core-cotton-tank-top-lpc54tt-copy-6,2025-05-05 13:22
"Port Company Ladies Core Cotton Tank Top Lpc54Tt Copy",port-company-ladies-core-cotton-tank-top-lpc54tt-copy-7,2025-05-05 13:23
"Port Company Core Cotton Tank Top Pc54Tt",port-company-core-cotton-tank-top-pc54tt-copy,2025-05-05 13:26
"Port Company Core Cotton Tank Top Pc54Tt Copy",port-company-core-cotton-tank-top-pc54tt-copy-2,2025-05-05 13:27
"Gildan Softstyle T Shirt 64000 Copy",gildan-softstyle-t-shirt-64000-copy-9,2025-05-06 18:45
"Gildan Softstyle T Shirt 64000 Copy",gildan-softstyle-t-shirt-64000-copy-10,2025-05-06 18:47
"Gildan Softstyle T Shirt 64000 Copy",gildan-softstyle-t-shirt-64000-copy-11,2025-05-06 18:49
"Gildan Heavy Blend Hooded Sweatshirt 18500 Copy",gildan-heavy-blend-hooded-sweatshirt-18500-copy-2,2025-05-06 18:55
"Gildan Heavy Blend Hooded Sweatshirt 18500 Copy",gildan-heavy-blend-hooded-sweatshirt-18500-copy-3,2025-05-06 18:57
"Gildan Heavy Blend Hooded Sweatshirt 18500 Copy",gildan-heavy-blend-hooded-sweatshirt-18500-copy-4,2025-05-06 18:59
"Brooks Brothers Womens Cotton Stretch Long Cardigan Sweater Bb18403",brooks-brothers-womens-cotton-stretch-long-cardigan-sweater-bb18403-copy,2025-05-06 19:01
"Brooks Brothers Womens Cotton Stretch Long Cardigan Sweater Bb18403 Copy",brooks-brothers-womens-cotton-stretch-long-cardigan-sweater-bb18403-copy-2,2025-05-06 19:02
"District Womens Perfect Tri Tee Dm130L",district-womens-perfect-tri-tee-dm130l-copy,2025-05-06 19:04
"District Womens Perfect Tri Tee Dm130L Copy",district-womens-perfect-tri-tee-dm130l-copy-2,2025-05-06 19:06
"District Womens Perfect Tri Tee Dm130L Copy",district-womens-perfect-tri-tee-dm130l-copy-3,2025-05-06 19:07
"Ogio Ladies Limit Polo Log138",ogio-ladies-limit-polo-log138-copy,2025-05-06 19:09
"Ogio Ladies Limit Polo Log138 Copy",ogio-ladies-limit-polo-log138-copy-2,2025-05-06 19:11
"Ogio Ladies Limit Polo Log138 Copy",ogio-ladies-limit-polo-log138-copy-3,2025-05-06 19:12
"Ogio Limit Polo Og138 Copy",ogio-limit-polo-og138-copy-6,2025-05-06 19:14
"Ogio Limit Polo Og138 Copy",ogio-limit-polo-og138-copy-7,2025-05-06 19:15
"Ogio Limit Polo Og138 Copy",ogio-limit-polo-og138-copy-8,2025-05-06 19:16
"Gildan Heavy Blend Full Zip Hooded Sweatshirt 18600",gildan-heavy-blend-full-zip-hooded-sweatshirt-18600-copy,2025-05-06 19:18
"Gildan Heavy Blend Full Zip Hooded Sweatshirt 18600 Copy",gildan-heavy-blend-full-zip-hooded-sweatshirt-18600-copy-2,2025-05-06 19:19
"Gildan Heavy Blend Full Zip Hooded Sweatshirt 18600 Copy",gildan-heavy-blend-full-zip-hooded-sweatshirt-18600-copy-3,2025-05-06 19:20
"Sport Tek Repeat Visor Stc57",sport-tek-repeat-visor-stc57-copy,2025-05-12 14:30
"The North Face Everyday Insulated Vest Nf0A529A Copy",the-north-face-everyday-insulated-vest-nf0a529a-copy-4,2025-05-13 05:35
"J America Vintage Zen Fleece Hooded Sweatshirt 8915",j-america-vintage-zen-fleece-hooded-sweatshirt-8915-copy,2025-05-14 13:44
"Ogio Limit Polo Og138 Copy",ogio-limit-polo-og138-copy-12,2025-05-14 13:47
"Ogio Limit Polo Og138 Copy",ogio-limit-polo-og138-copy-13,2025-05-14 13:48
"Pacific Headwear Trucker Snapback Cap 104C",pacific-headwear-trucker-snapback-cap-104c-copy,2025-05-14 14:01
"Port Authority Flexfit 110 Dry Mini Pique Cap C934",port-authority-flexfit-110-dry-mini-pique-cap-c934-copy,2025-05-14 20:41
"Port Authority Flexfit 110 Dry Mini Pique Cap C934 Copy",port-authority-flexfit-110-dry-mini-pique-cap-c934-copy-2,2025-05-14 20:42
"Port Authority Short Sleeve Superpro Twill Shirt S664",port-authority-short-sleeve-superpro-twill-shirt-s664-copy,2025-05-14 20:48
"Port Authority Short Sleeve Superpro Twill Shirt S664 Copy",port-authority-short-sleeve-superpro-twill-shirt-s664-copy-2,2025-05-14 20:50
"The North Face Everyday Insulated Vest Nf0A529A Copy",the-north-face-everyday-insulated-vest-nf0a529a-copy-5,2025-05-15 13:57
"Ogio Limit Polo Og138 Copy",ogio-limit-polo-og138-copy-14,2025-06-04 21:02
"Port Authority Stain Release Polo K510",port-authority-stain-release-polo-k510-copy,2025-06-04 21:11
"Port Authority Collective Insulated Vest J903",port-authority-collective-insulated-vest-j903-copy,2025-06-05 13:44
"Port Authority Collective Insulated Vest J903 Copy",port-authority-collective-insulated-vest-j903-copy-2,2025-06-05 13:47
"Ogio Limit Polo Og138 Copy",ogio-limit-polo-og138-copy-15,2025-06-05 13:50
"New Era French Terry Pullover Hoodie Nea500",new-era-french-terry-pullover-hoodie-nea500-copy,2025-06-05 13:54
"District Lightweight Fleece Hoodie Dm391",district-lightweight-fleece-hoodie-dm391-copy,2025-06-05 14:07
"Richardson Snapback Trucker Cap 112 Copy",richardson-snapback-trucker-cap-112-copy-37,2025-06-06 16:48
"Ind5000P Legend Mens Premium 450Gm Heavyweight Cross Grain Hoodie Copy",ind5000p-legend-mens-premium-450gm-heavyweight-cross-grain-hoodie-copy-4,2025-06-10 19:27
"Pacific Headwear Trucker Snapback Cap 104C Copy",pacific-headwear-trucker-snapback-cap-104c-copy-3,2025-06-10 19:29
"Travismathew Oceanside Heather Polo Tm1Mu412",travismathew-oceanside-heather-polo-tm1mu412-copy,2025-06-12 19:20
"Travismathew Oceanside Heather Polo Tm1Mu412 Copy",travismathew-oceanside-heather-polo-tm1mu412-copy-3,2025-06-13 18:11
"Ogio Limit Polo Og138 Copy",ogio-limit-polo-og138-copy-18,2025-06-13 18:35
"District Perfect Tri Fleece Pullover Hoodie Dt1300",district-perfect-tri-fleece-pullover-hoodie-dt1300-copy,2025-06-13 19:14
"District Perfect Tri Fleece Pullover Hoodie Dt1300 Copy",district-perfect-tri-fleece-pullover-hoodie-dt1300-copy-2,2025-06-13 19:17
"District V I T Fleece Hoodie Dt6100",district-v-i-t-fleece-hoodie-dt6100-copy,2025-06-13 19:22
"Travismathew Ladies Oceanside Heather Polo Tm1Ww002",travismathew-ladies-oceanside-heather-polo-tm1ww002-copy,2025-06-16 14:54
"Travismathew Ladies Oceanside Heather Polo Tm1Ww002 Copy",travismathew-ladies-oceanside-heather-polo-tm1ww002-copy-2,2025-06-16 14:56
"The North Face Double Knit 1 2 Zip Fleece Nf0A8C5G",the-north-face-double-knit-1-2-zip-fleece-nf0a8c5g-copy,2025-06-16 15:51
"The North Face Womens Double Knit 1 2 Zip Fleece Nf0A8C5H",the-north-face-womens-double-knit-1-2-zip-fleece-nf0a8c5h-copy,2025-06-16 19:00
"Nike Dry 1 2 Zip Cover Up Nkbv6044",nike-dry-1-2-zip-cover-up-nkbv6044-copy,2025-06-16 19:03
"The North Face Sleeve Logo Pullover Hoodie Nf0A8Au0",the-north-face-sleeve-logo-pullover-hoodie-nf0a8au0-copy,2025-06-16 19:09
"Ctk288 Carhartt Midweight Hooded Logo Sweatshirt",ctk288-carhartt-midweight-hooded-logo-sweatshirt-copy,2025-06-16 19:20
"Ctk288 Carhartt Midweight Hooded Logo Sweatshirt Copy",ctk288-carhartt-midweight-hooded-logo-sweatshirt-copy-2,2025-06-16 19:26
"The North Face Thermoball Trekker Vest Nf0A3Lhd",the-north-face-thermoball-trekker-vest-nf0a3lhd-copy,2025-06-16 19:49
"The North Face Thermoball Trekker Vest Nf0A3Lhd Copy",the-north-face-thermoball-trekker-vest-nf0a3lhd-copy-2,2025-06-16 19:51
"Travismathew Coveside 1 4 Zip Tm1Mz339",travismathew-coveside-1-4-zip-tm1mz339-copy,2025-06-17 15:44
"Travismathew Coveside 1 4 Zip Tm1Mz339 Copy",travismathew-coveside-1-4-zip-tm1mz339-copy-2,2025-06-17 15:46
"Travismathew Womens Coveside 1 2 Zip Tm1Ld007",travismathew-womens-coveside-1-2-zip-tm1ld007-copy,2025-06-17 16:06
"Travismathew Womens Coveside 1 2 Zip Tm1Ld007 Copy",travismathew-womens-coveside-1-2-zip-tm1ld007-copy-2,2025-06-17 16:12
"Travismathew Crestview 1 4 Zip Tm1Mw452",travismathew-crestview-1-4-zip-tm1mw452-copy,2025-06-17 17:30
"Travismathew Crestview 1 4 Zip Tm1Mw452 Copy",travismathew-crestview-1-4-zip-tm1mw452-copy-2,2025-06-17 17:41
"Travismathew Ladies Crestview 1 4 Zip Tm1Ww003",travismathew-ladies-crestview-1-4-zip-tm1ww003-copy,2025-06-17 17:48
"Travismathew Ladies Crestview 1 4 Zip Tm1Ww003 Copy",travismathew-ladies-crestview-1-4-zip-tm1ww003-copy-2,2025-06-17 17:49
"Travismathew Oceanside Blocked Polo Tm1Mu414",travismathew-oceanside-blocked-polo-tm1mu414-copy,2025-06-17 18:01
"Travismathew Oceanside Blocked Polo Tm1Mu414 Copy",travismathew-oceanside-blocked-polo-tm1mu414-copy-2,2025-06-17 18:02
"Richardson Snapback Trucker Cap 112 Copy",richardson-snapback-trucker-cap-112-copy-36,2025-06-17 18:34
"District Perfect Tritee Dm130",district-perfect-tritee-dm130-copy,2025-06-17 18:56
"Richardson Snapback Trucker Cap 112 Copy",richardson-snapback-trucker-cap-112-copy-39,2025-06-17 19:11
"New Era Stretch Mesh Cap Ne1020",new-era-stretch-mesh-cap-ne1020-copy,2025-06-17 19:15
"New Era Tech Mesh Cap Ne1090",new-era-tech-mesh-cap-ne1090-copy,2025-06-17 19:17
"Port Authority Youth Snapback Trucker Cap Yc112",port-authority-youth-snapback-trucker-cap-yc112-copy,2025-06-17 19:19
"District Re Beanie Dt815",district-re-beanie-dt815-copy,2025-06-17 19:20
"Richardson Snapback Trucker Cap 112 Copy",richardson-snapback-trucker-cap-112-copy-40,2025-06-17 20:59
"Richardson Snapback Trucker Cap 112 Copy",richardson-snapback-trucker-cap-112-copy-41,2025-06-17 21:01
"Richardson Snapback Trucker Cap 112 Copy",richardson-snapback-trucker-cap-112-copy-42,2025-06-17 21:03
"Richardson Snapback Trucker Cap 112 Copy",richardson-snapback-trucker-cap-112-copy-43,2025-06-17 21:04
"Port Company Fan Favorite Tee Pc450 Copy",port-company-fan-favorite-tee-pc450-copy-2,2025-06-18 15:21
"Port Company Long Sleeve Core Blend Tee Pc55Ls Copy",port-company-long-sleeve-core-blend-tee-pc55ls-copy-10,2025-06-18 15:56
"Port Company Ladies Core Cotton Tank Top Lpc54Tt Copy",port-company-ladies-core-cotton-tank-top-lpc54tt-copy-8,2025-06-18 16:43
"Port Company Ladies Fan Favorite Tee Lpc450 Copy",port-company-ladies-fan-favorite-tee-lpc450-copy-2,2025-06-18 16:46
"Port Company Ladies Long Sleeve Core Cotton Tee Lpc54Ls Copy",port-company-ladies-long-sleeve-core-cotton-tee-lpc54ls-copy-2,2025-06-18 16:48
"Port Authority Eclipse Stretch Polo K587",port-authority-eclipse-stretch-polo-k587-copy,2025-06-18 16:54
"Port Authority Snapback Trucker Cap C112 Copy",port-authority-snapback-trucker-cap-c112-copy-5,2025-06-18 19:01
"Port Authority Snapback Trucker Cap C112 Copy",port-authority-snapback-trucker-cap-c112-copy-6,2025-06-18 20:00
"Mercermettle Short Sleeve Uv Capital Tech Shirt Mm2006",mercermettle-short-sleeve-uv-capital-tech-shirt-mm2006-copy,2025-06-20 18:27
"Mercermettle Long Sleeve Modern Oxford Shirt Mm2002",mercermettle-long-sleeve-modern-oxford-shirt-mm2002-copy,2025-06-20 18:30
"Mercermettle Womens Stretch Crepe Long Sleeve Camp Mm2013",mercermettle-womens-stretch-crepe-long-sleeve-camp-mm2013-copy,2025-06-20 18:32
"Mercermettle Womens Stretch Crepe Long Sleeve Camp Mm2013 Copy",mercermettle-womens-stretch-crepe-long-sleeve-camp-mm2013-copy-2,2025-06-20 18:34
"Mercermettle Womens Stretch Crepe Crew Mm2015",mercermettle-womens-stretch-crepe-crew-mm2015-copy,2025-06-20 18:39
"Mercermettle Womens Stretch Crepe Crew Mm2015 Copy",mercermettle-womens-stretch-crepe-crew-mm2015-copy-2,2025-06-20 18:41
"The North Face Womens Double Knit Full Zip Hoodie Nf0A8But",the-north-face-womens-double-knit-full-zip-hoodie-nf0a8but-copy,2025-06-20 18:54
"Brooks Brothers Womens Cotton Stretch Cardigan Sweater Bb18405",brooks-brothers-womens-cotton-stretch-cardigan-sweater-bb18405-copy,2025-06-20 18:57
"Brooks Brothers Womens Cotton Stretch Cardigan Sweater Bb18405 Copy",brooks-brothers-womens-cotton-stretch-cardigan-sweater-bb18405-copy-2,2025-06-20 18:59
"Richardson Snapback Trucker Cap 112 Copy",richardson-snapback-trucker-cap-112-copy-38,2025-07-01 18:32
"Sport Tek Posicharge Active Textured Polo St690 Copy",sport-tek-posicharge-active-textured-polo-st690-copy-3,2025-07-01 18:32
"Richardson Snapback Trucker Cap 112 Copy",richardson-snapback-trucker-cap-112-copy-46,2025-07-29 14:24
"Richardson Snapback Trucker Cap 112 Copy",richardson-snapback-trucker-cap-112-copy-47,2025-07-29 14:26
"Richardson Snapback Trucker Cap 112 Copy",richardson-snapback-trucker-cap-112-copy-48,2025-07-29 14:34
"Ogio Fusion Trucker Cap Og603",ogio-fusion-trucker-cap-og603-copy,2025-08-06 19:01
"Sport Tek Sport Wick Stretch 1 4 Zip Pullover St850 Copy",sport-tek-sport-wick-stretch-1-4-zip-pullover-st850-copy-8,2025-08-13 19:01
"Sport Tek Posicharge Competitor Tee St350 Copy",sport-tek-posicharge-competitor-tee-st350-copy-4,2025-08-14 16:35
"Port Company Essential Fleece Full Zip Hooded Sweatshirt Pc90Zh Copy",port-company-essential-fleece-full-zip-hooded-sweatshirt-pc90zh-copy-3,2025-08-22 19:04
"Port Company Essential Fleece Full Zip Hooded Sweatshirt Pc90Zh Copy",port-company-essential-fleece-full-zip-hooded-sweatshirt-pc90zh-copy-4,2025-08-22 19:07
"Port Company Essential Fleece Crewneck Sweatshirt Pc90 Copy",port-company-essential-fleece-crewneck-sweatshirt-pc90-copy-3,2025-08-22 19:16
"Port Company Essential Fleece Crewneck Sweatshirt Pc90 Copy",port-company-essential-fleece-crewneck-sweatshirt-pc90-copy-4,2025-08-22 19:18
"Sport Tek Posicharge Electric Heather Colorblock 1 4 Zip Pullover St397 Copy",sport-tek-posicharge-electric-heather-colorblock-1-4-zip-pullover-st397-copy-2,2025-08-22 19:19
"Sport Tek Sport Wick Stretch 1 4 Zip Pullover St850 Copy",sport-tek-sport-wick-stretch-1-4-zip-pullover-st850-copy-9,2025-08-22 19:23
"Sport Tek Sport Wick Stretch 1 4 Zip Pullover St850 Copy",sport-tek-sport-wick-stretch-1-4-zip-pullover-st850-copy-10,2025-08-22 19:26
"Port Company Essential Fleece Pullover Hooded Sweatshirt Pc90H Copy",port-company-essential-fleece-pullover-hooded-sweatshirt-pc90h-copy-7,2025-08-22 20:52
"Sportsman 12 Solid Cuffed Beanie Sp12 Copy",sportsman-12-solid-cuffed-beanie-sp12-copy-13,2025-08-22 20:53
"Port Company Essential Fleece Pullover Hooded Sweatshirt Pc90H Copy",port-company-essential-fleece-pullover-hooded-sweatshirt-pc90h-copy-5,2025-08-22 20:57
"Bellacanvas Womens Relaxed Heather Cvc V Neck Tee Bc6405Cvc Copy",bellacanvas-womens-relaxed-heather-cvc-v-neck-tee-bc6405cvc-copy-2,2025-09-08 13:22
"Allmade Womens Tri Blend Long Sleeve Tee Al6008 Copy",allmade-womens-tri-blend-long-sleeve-tee-al6008-copy-4,2025-09-08 13:22
"Port Company Core Blend Tee Pc55 Copy",port-company-core-blend-tee-pc55-copy-19,2025-09-15 18:43
"Port Company Core Blend Tee Pc55 Copy",port-company-core-blend-tee-pc55-copy-20,2025-09-15 18:48
"Port Company Core Blend Tee Pc55 Copy",port-company-core-blend-tee-pc55-copy-21,2025-09-15 18:57
"Port Company Core Fleece Pullover Hooded Sweatshirt Pc78H Copy",port-company-core-fleece-pullover-hooded-sweatshirt-pc78h-copy-10,2025-09-15 19:01
"Port Company Core Fleece Pullover Hooded Sweatshirt Pc78H Copy",port-company-core-fleece-pullover-hooded-sweatshirt-pc78h-copy-11,2025-09-15 19:06
"Port Company Core Fleece Pullover Hooded Sweatshirt Pc78H Copy",port-company-core-fleece-pullover-hooded-sweatshirt-pc78h-copy-12,2025-09-15 19:09
"Port Company Core Cotton Tee Pc54 Copy",port-company-core-cotton-tee-pc54-copy-45,2025-09-15 20:28
"Red Kap Mens Cooling Work Shirt",red-kap-mens-cooling-work-shirt-tsm2,2025-10-01 09:37
"Red Kap Womens Performance Plus Short Sleeve Shop Shirt With Oilblok Technology",red-kap-womens-performance-plus-short-sleeve-shop-shirt-with-oilblok-technology-sy41,2025-10-01 09:37
"Red Kap Womens Cooling Work Shirt",red-kap-womens-cooling-work-shirt-tsw1,2025-10-01 09:37
"Red Kap Mens Short Sleeve Pro Airflow Work Shirt",red-kap-mens-short-sleeve-pro-airflow-work-shirt-sp4a,2025-10-01 09:37
"The North Face Chest Logo Pullover Hoodie",the-north-face-chest-logo-pullover-hoodie-nf0a7v9b,2025-10-01 09:37
"Nike Victory Solid Polo",nike-victory-solid-polo-nkdx6684,2025-10-01 09:37
"Mercermettle Short Sleeve Uv Capital Tech Shirt",mercermettle-short-sleeve-uv-capital-tech-shirt-mm2006,2025-10-01 09:37
"The North Face Womens Double Knit Full Zip Hoodie",the-north-face-womens-double-knit-full-zip-hoodie-nf0a8but,2025-10-01 09:37
"Red Kap Mens Performance Plus Short Sleeve Shirt With Oilblok Technology",red-kap-mens-performance-plus-short-sleeve-shirt-with-oilblok-technology-sy42,2025-10-01 09:37
"Mercermettle Long Sleeve Modern Oxford Shirt",mercermettle-long-sleeve-modern-oxford-shirt-mm2002,2025-10-01 09:37
"Mercermettle Womens Stretch Crepe Crew",mercermettle-womens-stretch-crepe-crew-mm2015,2025-10-01 09:37
"Port Authority Flexfit 110 Mesh Cap C110",port-authority-flexfit-110-mesh-cap-c110-copy,2025-10-01 09:37
"Port Authority Flexfit 110 Mesh Cap C110 Copy",port-authority-flexfit-110-mesh-cap-c110-copy-2,2025-10-01 09:37
"Port Authority Flexfit 110 Mesh Cap C110 Copy",port-authority-flexfit-110-mesh-cap-c110-copy-3,2025-10-01 09:37
"Travismathew Womens Coveside 1 2 Zip",travismathew-womens-coveside-1-2-zip-tm1ld007,2025-10-01 09:37
"The North Face Womens Double Knit 1 2 Zip Fleece",the-north-face-womens-double-knit-1-2-zip-fleece-nf0a8c5h,2025-10-01 09:37
"The North Face Double Knit 1 2 Zip Fleece",the-north-face-double-knit-1-2-zip-fleece-nf0a8c5g,2025-10-01 09:37
"The North Face Sleeve Logo Pullover Hoodie",the-north-face-sleeve-logo-pullover-hoodie-nf0a8au0,2025-10-01 09:37
"Travismathew Coveside 1 4 Zip",travismathew-coveside-1-4-zip-tm1mz339,2025-10-01 09:37
"Gildan Softstyle Ladies Fit V Neck T Shirt 64V00L",gildan-softstyle-ladies-fit-v-neck-t-shirt-64v00l-copy,2025-10-01 09:37
"Port Company Core Cotton Ringer Tee Pc54R",port-company-core-cotton-ringer-tee-pc54r-copy,2025-10-01 09:37
"Ogio Extend Short Sleeve Button Up",ogio-extend-short-sleeve-button-up-og160,2025-10-01 09:37
"Port Company Core Cotton Ringer Tee Pc54R Copy",port-company-core-cotton-ringer-tee-pc54r-copy-2,2025-10-01 09:37
"Port Authority Flexfit 110 Mesh Cap",port-authority-flexfit-110-mesh-cap-c110,2025-10-01 09:37
"Sport Tek Repeat Visor",sport-tek-repeat-visor-stc57,2025-10-01 09:37
"Allmade Youth Tri Blend Tee",allmade-youth-tri-blend-tee-al207,2025-10-01 09:37
"Pacific Headwear Trucker Snapback Cap",pacific-headwear-trucker-snapback-cap-104c,2025-10-01 09:37
"Gildan Softstyle Ladies T Shirt 64000L",gildan-softstyle-ladies-t-shirt-64000l-copy,2025-10-01 09:37
"Gildan Softstyle Ladies T Shirt 64000L Copy",gildan-softstyle-ladies-t-shirt-64000l-copy-2,2025-10-01 09:37
"Gildan Softstyle T Shirt 64000 Copy",gildan-softstyle-t-shirt-64000-copy-15,2025-10-01 09:37
"Gildan Softstyle T Shirt 64000 Copy",gildan-softstyle-t-shirt-64000-copy-14,2025-10-01 09:37
"Ogio Ladies Limit Polo Log138 Copy",ogio-ladies-limit-polo-log138-copy-6,2025-10-01 09:37
"Gildan Softstyle T Shirt 64000 Copy",gildan-softstyle-t-shirt-64000-copy-12,2025-10-01 09:37
"Ogio Ladies Limit Polo Log138 Copy",ogio-ladies-limit-polo-log138-copy-5,2025-10-01 09:37
"Ogio Ladies Limit Polo Log138 Copy",ogio-ladies-limit-polo-log138-copy-4,2025-10-01 09:37
"Gildan Softstyle T Shirt 64000 Copy",gildan-softstyle-t-shirt-64000-copy-13,2025-10-01 09:37
"Ogio Limit Polo Og138 Copy",ogio-limit-polo-og138-copy-9,2025-10-01 09:37
"Gildan Heavy Blend Full Zip Hooded Sweatshirt 18600 Copy",gildan-heavy-blend-full-zip-hooded-sweatshirt-18600-copy-8,2025-10-01 09:37
"Ogio Limit Polo Og138 Copy",ogio-limit-polo-og138-copy-11,2025-10-01 09:37
"Gildan Heavy Blend Full Zip Hooded Sweatshirt 18600 Copy",gildan-heavy-blend-full-zip-hooded-sweatshirt-18600-copy-7,2025-10-01 09:37
"Ogio Limit Polo Og138 Copy",ogio-limit-polo-og138-copy-10,2025-10-01 09:37
"Gildan Heavy Blend Full Zip Hooded Sweatshirt 18600 Copy",gildan-heavy-blend-full-zip-hooded-sweatshirt-18600-copy-4,2025-10-01 09:37
"Gildan Heavy Blend Full Zip Hooded Sweatshirt 18600 Copy",gildan-heavy-blend-full-zip-hooded-sweatshirt-18600-copy-5,2025-10-01 09:37
"Gildan Heavy Blend Full Zip Hooded Sweatshirt 18600 Copy",gildan-heavy-blend-full-zip-hooded-sweatshirt-18600-copy-6,2025-10-01 09:37
"Gildan Heavy Blend Hooded Sweatshirt 18500 Copy",gildan-heavy-blend-hooded-sweatshirt-18500-copy-8,2025-10-01 09:37
"Gildan Heavy Blend Hooded Sweatshirt 18500 Copy",gildan-heavy-blend-hooded-sweatshirt-18500-copy-9,2025-10-01 09:37
"Gildan Heavy Blend Hooded Sweatshirt 18500 Copy",gildan-heavy-blend-hooded-sweatshirt-18500-copy-10,2025-10-01 09:37
"Gildan Heavy Blend Hooded Sweatshirt 18500 Copy",gildan-heavy-blend-hooded-sweatshirt-18500-copy-7,2025-10-01 09:37
"Sport Tek Ladies Posicharge Competitor Racerback Tank Lst356 Copy",sport-tek-ladies-posicharge-competitor-racerback-tank-lst356-copy-9,2025-10-01 09:37
"Sport Tek Ladies Posicharge Competitor Racerback Tank Lst356 Copy",sport-tek-ladies-posicharge-competitor-racerback-tank-lst356-copy-11,2025-10-01 09:37
"Gildan Heavy Blend Hooded Sweatshirt 18500 Copy",gildan-heavy-blend-hooded-sweatshirt-18500-copy-6,2025-10-01 09:37
"Sport Tek Ladies Posicharge Competitor Racerback Tank Lst356 Copy",sport-tek-ladies-posicharge-competitor-racerback-tank-lst356-copy-3,2025-10-01 09:37
"Sport Tek Ladies Posicharge Competitor Racerback Tank Lst356 Copy",sport-tek-ladies-posicharge-competitor-racerback-tank-lst356-copy-4,2025-10-01 09:37
"Sport Tek Ladies Posicharge Competitor Racerback Tank Lst356 Copy",sport-tek-ladies-posicharge-competitor-racerback-tank-lst356-copy-5,2025-10-01 09:37
"Sport Tek Ladies Posicharge Competitor Racerback Tank Lst356 Copy",sport-tek-ladies-posicharge-competitor-racerback-tank-lst356-copy-7,2025-10-01 09:37
"Port Authority Matte Hip Pack",port-authority-matte-hip-pack-bg936,2025-10-01 09:37
"Sport Tek Ladies Posicharge Competitor Racerback Tank Lst356",sport-tek-ladies-posicharge-competitor-racerback-tank-lst356-copy,2025-10-01 09:37
"Ogio Motion 1 4 Zip",ogio-motion-1-4-zip-og153,2025-10-01 09:37
"Port Authority Womens Dry Zone Uv Micro Mesh Sleeveless Polo",port-authority-womens-dry-zone-uv-micro-mesh-sleeveless-polo-lk110sv,2025-10-01 09:37
"Sport Tek Womens Sport Wick Fleece Full Zip Jacket",sport-tek-womens-sport-wick-fleece-full-zip-jacket-lst241,2025-10-01 09:37
"Sport Tek Uv Micropique Colorblock Polo",sport-tek-uv-micropique-colorblock-polo-st741,2025-10-01 09:37
"Stanley Stella Unisex Creator 2 0 Tee",stanley-stella-unisex-creator-2-0-tee-sxu001,2025-10-01 09:37
"District Perfect Weight Long Sleeve Tee",district-perfect-weight-long-sleeve-tee-dt105,2025-10-01 09:37
"Sport Tek Versa Polo",sport-tek-versa-polo-st490,2025-10-01 09:37
"Gildan Hammer Pique Polo",gildan-hammer-pique-polo-85800,2025-10-01 09:37
"Port Authority Womens Fairway Stretch 1 4 Zip",port-authority-womens-fairway-stretch-1-4-zip-lk829,2025-10-01 09:37
"Port Authority Womens Luxe Knit Button Tunic",port-authority-womens-luxe-knit-button-tunic-lk5602,2025-10-01 09:37
"Richardson Five Panel Trucker With Rope Cap",richardson-five-panel-trucker-with-rope-cap-112fpr,2025-10-01 09:37
"Port Authority 5 Panel Poly Rope Cap",port-authority-5-panel-poly-rope-cap-c981,2025-10-01 09:37
"Imperial The Rabble Rouser Cap",imperial-the-rabble-rouser-cap-5055,2025-10-01 09:37
"Port Authority Snapback Five Panel Rope Cap",port-authority-snapback-five-panel-rope-cap-c962,2025-10-01 09:37
"Boxercraft Womens Haley Flannel Pants",boxercraft-womens-haley-flannel-pants-bw6620,2025-10-01 09:37
"Richardson Five Panel Trucker Cap",richardson-five-panel-trucker-cap-112fp,2025-10-01 09:37
"Port Company Beach Wash Garment Dyed Pullover Hooded Tee",port-company-beach-wash-garment-dyed-pullover-hooded-tee-pc099h,2025-10-01 09:37
"The North Face Ambition Polo",the-north-face-ambition-polo-nf0a8enm,2025-10-01 09:37
"Burnside Yarn Dyed Long Sleeve Flannel Shirt",burnside-yarn-dyed-long-sleeve-flannel-shirt-8210,2025-10-01 09:37
"Boxercraft Harley Flannel Pants",boxercraft-harley-flannel-pants-bm6624,2025-10-01 09:37
"Burnside Womens Yarn Dyed Long Sleeve Flannel Shirt",burnside-womens-yarn-dyed-long-sleeve-flannel-shirt-5210,2025-10-01 09:37
"Cornerstone Ansi 107 Class 3 Soft Shell Jacket Csj503 Copy",cornerstone-ansi-107-class-3-soft-shell-jacket-csj503-copy-2,2025-10-01 09:37
"Ogio Commuter Full Zip Soft Shell Og755",ogio-commuter-full-zip-soft-shell-og755-copy,2025-10-01 09:37
"Richardson R Flextrucker Cap 110 Copy",richardson-r-flextrucker-cap-110-copy-2,2025-10-01 09:37
"Ogio Commuter Full Zip Soft Shell Og755 Copy",ogio-commuter-full-zip-soft-shell-og755-copy-2,2025-10-01 09:37
"Ogio Nexus 1 4 Zip Pullover Oe335 Copy",ogio-nexus-1-4-zip-pullover-oe335-copy-2,2025-10-01 09:37
"Ogio Fulcrum 1 4 Zip Oe701",ogio-fulcrum-1-4-zip-oe701-copy,2025-10-01 09:37
"Ogio Fulcrum 1 4 Zip Oe701 Copy",ogio-fulcrum-1-4-zip-oe701-copy-2,2025-10-01 09:37
"Ogio Nexus 1 4 Zip Pullover Oe335",ogio-nexus-1-4-zip-pullover-oe335-copy,2025-10-01 09:37
"Travismathew Rad Flexback Cap Tm1Mu426 Copy",travismathew-rad-flexback-cap-tm1mu426-copy-3,2025-10-01 09:37
"Travismathew Rad Flexback Cap Tm1Mu426 Copy",travismathew-rad-flexback-cap-tm1mu426-copy-2,2025-10-01 09:37
"Carhartt Rain Defender Paxton Heavyweight Hooded Zip Mock Sweatshirt Ct100617 Copy",carhartt-rain-defender-paxton-heavyweight-hooded-zip-mock-sweatshirt-ct100617-copy-2,2025-10-01 09:37
"Eddie Bauer Stretch Soft Shell Vest Eb546",eddie-bauer-stretch-soft-shell-vest-eb546-copy,2025-10-01 09:37
"Carhartt Rain Defender Paxton Heavyweight Hooded Zip Mock Sweatshirt Ct100617 Copy",carhartt-rain-defender-paxton-heavyweight-hooded-zip-mock-sweatshirt-ct100617-copy-2,2025-10-01 09:37
"Carhartt Tall Midweight Hooded Sweatshirt Cttk121",carhartt-tall-midweight-hooded-sweatshirt-cttk121-copy,2025-10-01 09:37
"Carhartt Tall Midweight Hooded Sweatshirt Cttk121 Copy",carhartt-tall-midweight-hooded-sweatshirt-cttk121-copy-2,2025-10-01 09:37
"New Era Tri Blend Fleece Pullover Hoodie Nea510 Copy",new-era-tri-blend-fleece-pullover-hoodie-nea510-copy-2,2025-10-01 09:37
"New Era Tri Blend Fleece Pullover Hoodie Nea510",new-era-tri-blend-fleece-pullover-hoodie-nea510-copy,2025-10-01 09:37
"New Era Tri Blend Tee Nea135",new-era-tri-blend-tee-nea135-copy,2025-10-01 09:37
"Richardson Snapback Trucker Cap 112 Copy",richardson-snapback-trucker-cap-112-copy-28,2025-10-01 09:37
"Nike Dri Fit Classic Fit Players Polo With Flat Knit Collar 838956 Copy",nike-dri-fit-classic-fit-players-polo-with-flat-knit-collar-838956-copy-3,2025-10-01 09:37
"Nike Dri Fit Classic Fit Players Polo With Flat Knit Collar 838956 Copy",nike-dri-fit-classic-fit-players-polo-with-flat-knit-collar-838956-copy-2,2025-10-01 09:37
"Nike Tech Sport Dri Fit Polo 266998",nike-tech-sport-dri-fit-polo-266998-copy,2025-10-01 09:37
"Richardson Snapback Trucker Cap 112 Copy",richardson-snapback-trucker-cap-112-copy-29,2025-10-01 09:37
"Nike Tech Sport Dri Fit Polo 266998 Copy",nike-tech-sport-dri-fit-polo-266998-copy-2,2025-10-01 09:37
"Ogio Onyx Polo Og126",ogio-onyx-polo-og126-copy,2025-10-01 09:37
"Port Company Core Cotton Tee Pc54 Copy",port-company-core-cotton-tee-pc54-copy-33,2025-10-01 09:37
"Port Company Core Cotton Tee Pc54 Copy",port-company-core-cotton-tee-pc54-copy-42,2025-10-01 09:37
"Port Company Core Cotton Tee Pc54 Copy",port-company-core-cotton-tee-pc54-copy-43,2025-10-01 09:37
"White Bear Clothing Co Microfiber Windshirt",white-bear-clothing-co-microfiber-windshirt-5150,2025-10-01 09:37
"Bg0850 Port Authority Core Cotton Laundry",bg0850-port-authority-core-cotton-laundry-bag,2025-10-01 09:37
"Port Company Core Cotton Tee Pc54 Copy",port-company-core-cotton-tee-pc54-copy-18,2025-10-01 09:37
"Cornerstone Select Lightweight Snag Proof Polo Cs418",cornerstone-select-lightweight-snag-proof-polo-cs418-copy,2025-10-01 09:37
"Cornerstone Select Lightweight Snag Proof Polo Cs418 Copy",cornerstone-select-lightweight-snag-proof-polo-cs418-copy-2,2025-10-01 09:37
"Cornerstone Select Lightweight Snag Proof Polo Cs418 Copy",cornerstone-select-lightweight-snag-proof-polo-cs418-copy-3,2025-10-01 09:37
"Port Company Core Cotton Tee Pc54 Copy",port-company-core-cotton-tee-pc54-copy-41,2025-10-01 09:37
"White Bear Clothing Co Heavyweight Hoody Style",white-bear-clothing-co-heavyweight-hoody-style-1000,2025-10-01 09:37
"Tm1My393 Travismathew Striped Cuffed",tm1my393-travismathew-striped-cuffed-beanie,2025-10-01 09:37
"Ct106688 Carhartt Rugged Professional Series Short Sleeve",ct106688-carhartt-rugged-professional-series-short-sleeve-shirt,2025-10-01 09:37
"Ct106689 Carhartt Rugged Professional Series Long Sleeve",ct106689-carhartt-rugged-professional-series-long-sleeve-shirt,2025-10-01 09:37
"Tm1My390 Travismathew Cruz Colorblock Trucker",tm1my390-travismathew-cruz-colorblock-trucker-cap,2025-10-01 09:37
"Ctk288 Carhartt Midweight Hooded Logo",ctk288-carhartt-midweight-hooded-logo-sweatshirt,2025-10-01 09:37
"Tm1Mz335 Travismathew Front Icon",tm1mz335-travismathew-front-icon-cap,2025-10-01 09:37
"Tm1Mz334 Travismathew On Ice Patch",tm1mz334-travismathew-on-ice-patch-cap,2025-10-01 09:37
"Ct106652 Carhartt Force Short Sleeve Pocket T",ct106652-carhartt-force-short-sleeve-pocket-t-shirt,2025-10-01 09:37
"Tm1My394 Travismathew Solid Cuffed",tm1my394-travismathew-solid-cuffed-beanie,2025-10-01 09:37
"J919 Port Authority Collective Outer Soft Shell",j919-port-authority-collective-outer-soft-shell-parka,2025-10-01 09:37
"Port Authority R Tek Stretch Fleece Beanie",port-authority-r-tek-stretch-fleece-beanie-c900,2025-10-01 09:37
"Ct106677 Carhartt Quilted Flannel Lined Duck Active",ct106677-carhartt-quilted-flannel-lined-duck-active-jac,2025-10-01 09:37
"Nkfn6310 Nike Terra",nkfn6310-nike-terra-beanie,2025-10-01 09:37
"Ct106880 Carhartt Force Snag Resistant Pocket",ct106880-carhartt-force-snag-resistant-pocket-polo,2025-10-01 09:37
"Ct106678 Carhartt Thermal Lined Duck Active",ct106678-carhartt-thermal-lined-duck-active-jac,2025-10-01 09:37
"Port Company Essential Fleece Sweatpant With Pockets",port-company-essential-fleece-sweatpant-with-pockets-pc90p,2025-10-01 09:37
"Ct106674 Carhartt Duck Traditional",ct106674-carhartt-duck-traditional-coat,2025-10-01 09:37
"Carhartt Tall Washed Duck Active Jac Ctt104050",carhartt-tall-washed-duck-active-jac-ctt104050-copy,2025-10-01 09:37
"Or322264 Outdoor Research Grid Soft Shell",or322264-outdoor-research-grid-soft-shell-jacket,2025-10-01 09:37
"Ru603 Russell Outdoors Realtree Atlas Soft Shell",ru603-russell-outdoors-realtree-atlas-soft-shell-vest,2025-10-01 09:37
"Ru604 Russell Outdoors Realtree Atlas Colorblock Soft Shell",ru604-russell-outdoors-realtree-atlas-colorblock-soft-shell-vest,2025-10-01 09:37
"Ru601 Russell Outdoors Realtree Atlas Colorblock Soft",ru601-russell-outdoors-realtree-atlas-colorblock-soft-shell,2025-10-01 09:37
"Richardson Snapback Trucker Cap 112 Copy",richardson-snapback-trucker-cap-112-copy-27,2025-10-01 09:37
"Port Company Core Cotton Tee Pc54 Copy",port-company-core-cotton-tee-pc54-copy-39,2025-10-01 09:37
"Port Company Core Cotton Tee Pc54 Copy",port-company-core-cotton-tee-pc54-copy-19,2025-10-01 09:37
"Next Level Apparel Unisex Cvc Tee Nl6210 Copy",next-level-apparel-unisex-cvc-tee-nl6210-copy-7,2025-10-01 09:37
"Next Level Apparel Unisex Cvc Tee Nl6210 Copy",next-level-apparel-unisex-cvc-tee-nl6210-copy-8,2025-10-01 09:37
"Next Level Apparel Unisex Cvc Tee Nl6210 Copy",next-level-apparel-unisex-cvc-tee-nl6210-copy-9,2025-10-01 09:37
"Next Level Apparel Unisex Cvc Tee Nl6210 Copy",next-level-apparel-unisex-cvc-tee-nl6210-copy-10,2025-10-01 09:37
"Port Company Core Cotton Tee Pc54 Copy",port-company-core-cotton-tee-pc54-copy-8,2025-10-01 09:37
"Next Level Apparel Unisex Cvc Tee Nl6210 Copy",next-level-apparel-unisex-cvc-tee-nl6210-copy-2,2025-10-01 09:37
"Next Level Apparel Unisex Cvc Tee Nl6210 Copy",next-level-apparel-unisex-cvc-tee-nl6210-copy-3,2025-10-01 09:37
"Next Level Apparel Unisex Cvc Tee Nl6210 Copy",next-level-apparel-unisex-cvc-tee-nl6210-copy-4,2025-10-01 09:37
"Next Level Apparel Unisex Cvc Tee Nl6210 Copy",next-level-apparel-unisex-cvc-tee-nl6210-copy-5,2025-10-01 09:37
"Next Level Apparel Unisex Cvc Tee Nl6210 Copy",next-level-apparel-unisex-cvc-tee-nl6210-copy-6,2025-10-01 09:37
"Port Company Fan Favorite Fleece Crewneck Sweatshirt Pc850 Copy",port-company-fan-favorite-fleece-crewneck-sweatshirt-pc850-copy-14,2025-10-01 09:37
"Port Company Fan Favorite Fleece Crewneck Sweatshirt Pc850 Copy",port-company-fan-favorite-fleece-crewneck-sweatshirt-pc850-copy-15,2025-10-01 09:37
"Port Company Fan Favorite Fleece Crewneck Sweatshirt Pc850 Copy",port-company-fan-favorite-fleece-crewneck-sweatshirt-pc850-copy-16,2025-10-01 09:37
"Next Level Apparel Unisex Cvc Tee Nl6210",next-level-apparel-unisex-cvc-tee-nl6210-copy,2025-10-01 09:37
"Sportsman 12 Solid Cuffed Beanie",sportsman-12-solid-cuffed-beanie-sp12,2025-10-01 09:37
"Independent Trading Co Heavyweight Full Zip Hooded Sweatshirt",independent-trading-co-heavyweight-full-zip-hooded-sweatshirt-ind4000z,2025-10-01 09:37
"Port Company Fan Favorite Fleece Crewneck Sweatshirt Pc850 Copy",port-company-fan-favorite-fleece-crewneck-sweatshirt-pc850-copy-8,2025-10-01 09:37
"Port Company Fan Favorite Fleece Crewneck Sweatshirt Pc850 Copy",port-company-fan-favorite-fleece-crewneck-sweatshirt-pc850-copy-9,2025-10-01 09:37
"Port Company Fan Favorite Fleece Crewneck Sweatshirt Pc850 Copy",port-company-fan-favorite-fleece-crewneck-sweatshirt-pc850-copy-10,2025-10-01 09:37
"Port Company Fan Favorite Fleece Crewneck Sweatshirt Pc850 Copy",port-company-fan-favorite-fleece-crewneck-sweatshirt-pc850-copy-11,2025-10-01 09:37
"Port Company Fan Favorite Fleece Crewneck Sweatshirt Pc850 Copy",port-company-fan-favorite-fleece-crewneck-sweatshirt-pc850-copy-12,2025-10-01 09:37
"Port Company Fan Favorite Fleece Crewneck Sweatshirt Pc850 Copy",port-company-fan-favorite-fleece-crewneck-sweatshirt-pc850-copy-13,2025-10-01 09:37
"Port Company Fan Favorite Fleece Crewneck Sweatshirt Pc850 Copy",port-company-fan-favorite-fleece-crewneck-sweatshirt-pc850-copy-5,2025-10-01 09:37
"Port Company Fan Favorite Fleece Crewneck Sweatshirt Pc850 Copy",port-company-fan-favorite-fleece-crewneck-sweatshirt-pc850-copy-6,2025-10-01 09:37
"Port Company Fan Favorite Fleece Crewneck Sweatshirt Pc850 Copy",port-company-fan-favorite-fleece-crewneck-sweatshirt-pc850-copy-7,2025-10-01 09:37
"Straight Hi Viz Beanies With 3M Flex Thinsulate Lining",straight-hi-viz-beanies-with-3m-flex-thinsulate-lining-max135,2025-10-01 09:37
"The North Face Stalwart Backpack",the-north-face-stalwart-backpack-nf0a52s6,2025-10-01 09:37
"Port Company Core Blend Tee Pc55 Copy",port-company-core-blend-tee-pc55-copy-13,2025-10-01 09:37
"Allmade Unisex Tri Blend Tee Al2004 Copy",allmade-unisex-tri-blend-tee-al2004-copy-82,2025-10-01 09:37
"Max630 Ansi Class 3 Pullover Heavyweight",max630-ansi-class-3-pullover-heavyweight-hoodie,2025-10-01 09:38
"Badger B Core Hooded Long Sleeve T Shirt",badger-b-core-hooded-long-sleeve-t-shirt-4105,2025-10-01 09:38
"Cornerstone Ansi 107 Class 2 Safety T Shirt",cornerstone-ansi-107-class-2-safety-t-shirt-cs401,2025-10-01 09:38
"Ha15 Hi Vis Ranger",ha15-hi-vis-ranger-hat,2025-10-01 09:38
"Ind5000P Legend Mens Premium 450Gm Heavyweight Cross Grain",ind5000p-legend-mens-premium-450gm-heavyweight-cross-grain-hoodie,2025-10-01 09:38
"New Era Recycled Snapback Cap",new-era-recycled-snapback-cap-ne208,2025-10-01 09:38
"Port Authority Flexfit 110 Performance Snapback Cap C301",port-authority-flexfit-110-performance-snapback-cap-c301-copy,2025-10-01 09:38
"Port Authority Flexfit 110 Performance Snapback Cap C301 Copy",port-authority-flexfit-110-performance-snapback-cap-c301-copy-2,2025-10-01 09:38
"Port Company Six Panel Unstructured Twill Cap C914",port-company-six-panel-unstructured-twill-cap-c914-copy,2025-10-01 09:38
"Port Authority Thermal Knit Cuffed Beanie C955",port-authority-thermal-knit-cuffed-beanie-c955-copy,2025-10-01 09:38
"Port Authority Cold Weather Core Soft Shell Cap C945",port-authority-cold-weather-core-soft-shell-cap-c945-copy,2025-10-01 09:38
"Max424 Class 2 Mesh Vest Safety",max424-class-2-mesh-vest-safety-green,2025-10-01 09:38
"Port Company Long Sleeve Performance Tee Pc380Ls",port-company-long-sleeve-performance-tee-pc380ls-copy,2025-10-01 09:38
"Allmade Unisex Tri Blend Tee Al2004 Copy",allmade-unisex-tri-blend-tee-al2004-copy-80,2025-10-01 09:38
"J America Vintage Zen Fleece Hooded Sweatshirt",j-america-vintage-zen-fleece-hooded-sweatshirt-8915,2025-10-01 09:38
"Alleson Two Button Henley Jersey",alleson-two-button-henley-jersey-522mm,2025-10-01 09:38
"Legacy Old Favorite Trucker Cap",legacy-old-favorite-trucker-cap-57295160,2025-10-01 09:38
"Sport Tek Ladies Posicharge Racermesh V Neck Tee Lst340",sport-tek-ladies-posicharge-racermesh-v-neck-tee-lst340-copy,2025-10-01 09:38
"Sy70 Hv Toc1 Class 1 Long Sleeve Ripstop Work",sy70-hv-toc1-class-1-long-sleeve-ripstop-work-shirt,2025-10-01 09:38
"Max412 Class 2 Safety Green Cotton Rich T",max412-class-2-safety-green-cotton-rich-t-shirt,2025-10-01 09:38
"Tt11M Team 365 Mens Zone Performance Muscle T",tt11m-team-365-mens-zone-performance-muscle-t-shirt,2025-10-01 09:38
"Sy80 Hv Toc1 Class 1 Short Sleeve Ripstop Work",sy80-hv-toc1-class-1-short-sleeve-ripstop-work-shirt,2025-10-01 09:38
"Flexfit V Flexfit Cotton Twill Cap 5001 Copy",flexfit-v-flexfit-cotton-twill-cap-5001-copy-6,2025-10-01 09:38
"Flexfit V Flexfit Cotton Twill Cap 5001 Copy",flexfit-v-flexfit-cotton-twill-cap-5001-copy-7,2025-10-01 09:38
"Next Level Apparel Unisex Tri Blend 3 4 Sleeve Raglan Tee Nl6051 Copy",next-level-apparel-unisex-tri-blend-3-4-sleeve-raglan-tee-nl6051-copy-8,2025-10-01 09:38
"Next Level Apparel Unisex Tri Blend 3 4 Sleeve Raglan Tee Nl6051 Copy",next-level-apparel-unisex-tri-blend-3-4-sleeve-raglan-tee-nl6051-copy-7,2025-10-01 09:38
"Next Level Apparel Unisex Tri Blend 3 4 Sleeve Raglan Tee Nl6051 Copy",next-level-apparel-unisex-tri-blend-3-4-sleeve-raglan-tee-nl6051-copy-9,2025-10-01 09:38
"Max410 Ansi Class 2 Moisture Wicking Polo",max410-ansi-class-2-moisture-wicking-polo-shirt,2025-10-01 09:38
"Max403 Class 2 Moisture Wicking Sleeveless Pocket",max403-class-2-moisture-wicking-sleeveless-pocket-shirt,2025-10-01 09:38
"Cornerstone Ansi 107 Class 2 Safety T Shirt Cs401 Copy",cornerstone-ansi-107-class-2-safety-t-shirt-cs401-copy-27,2025-10-01 09:38
"Next Level Apparel Unisex Tri Blend 3 4 Sleeve Raglan Tee Nl6051 Copy",next-level-apparel-unisex-tri-blend-3-4-sleeve-raglan-tee-nl6051-copy-4,2025-10-01 09:38
"Flexfit V Flexfit Cotton Twill Cap 5001 Copy",flexfit-v-flexfit-cotton-twill-cap-5001-copy-5,2025-10-01 09:38
"Pacific Headwear Trucker Pacflex Cap 404 Copy",pacific-headwear-trucker-pacflex-cap-404-copy-5,2025-10-01 09:38
"Next Level Apparel Unisex Tri Blend 3 4 Sleeve Raglan Tee Nl6051 Copy",next-level-apparel-unisex-tri-blend-3-4-sleeve-raglan-tee-nl6051-copy-5,2025-10-01 09:38
"Next Level Apparel Unisex Tri Blend 3 4 Sleeve Raglan Tee Nl6051 Copy",next-level-apparel-unisex-tri-blend-3-4-sleeve-raglan-tee-nl6051-copy-6,2025-10-01 09:38
"Cornerstone Ansi 107 Class 2 Safety T Shirt Cs401 Copy",cornerstone-ansi-107-class-2-safety-t-shirt-cs401-copy-31,2025-10-01 09:38
"J America Zen Jersey T Shirt",j-america-zen-jersey-t-shirt-8115,2025-10-01 09:38
"Legacy Old Favorite Trucker Cap",legacy-old-favorite-trucker-cap-6606,2025-10-01 09:38
"Cornerstone Ansi 107 Class 2 Safety T Shirt Cs401 Copy",cornerstone-ansi-107-class-2-safety-t-shirt-cs401-copy-21,2025-10-01 09:38
"Trucker Pacflex Cap 404M",trucker-pacflex-cap-404m-copy,2025-10-01 09:38
"Port Company Core Blend Tee Pc55 Copy",port-company-core-blend-tee-pc55-copy-6,2025-10-01 09:38
"Port Authority Lifestyle Brim Hat C921",port-authority-lifestyle-brim-hat-c921-copy,2025-10-01 09:38
"Port Company Youth Six Panel Unstructured Twill Cap Yc914",port-company-youth-six-panel-unstructured-twill-cap-yc914-copy,2025-10-01 09:38
"Richardson Twill Back Trucker Cap",richardson-twill-back-trucker-cap-312,2025-10-01 09:38
"Ansi Class 3 Hiviz Softshell Jacket",ansi-class-3-hiviz-softshell-jacket-max622,2025-10-01 09:38
"Cuffed Hi Viz Beanies With 3M Flex Thinsulate Lining",cuffed-hi-viz-beanies-with-3m-flex-thinsulate-lining-max139,2025-10-01 09:38
"Imperial Pom Cuffed Beanie",imperial-pom-cuffed-beanie-6014,2025-10-01 09:38
"Dickie Industrial Colorblocked Long Sleeve Shirt",dickie-industrial-colorblocked-long-sleeve-shirt-5524,2025-10-01 09:38
"Richardson R Flextrucker Cap",richardson-r-flextrucker-cap-110,2025-10-01 09:38
"Ansi Class 3 Parka",ansi-class-3-parka-max628,2025-10-01 09:38
"Dickie Industrial Colorblocked Short Sleeve Shirt",dickie-industrial-colorblocked-short-sleeve-shirt-ls5524,2025-10-01 09:38
"Holloway Ladies Recruiter Polo",holloway-ladies-recruiter-polo-222769,2025-10-01 09:38
"Holloway Prism Polo",holloway-prism-polo-222568,2025-10-01 09:38
"Holloway Heritage Jacket",holloway-heritage-jacket-229140,2025-10-01 09:38
"Class 2 Deluxe 6 Pocket Vest Safety Green",class-2-deluxe-6-pocket-vest-safety-green-max431,2025-10-01 09:38
"Ansi Class 3 Quilted Lined Chore Coat",ansi-class-3-quilted-lined-chore-coat-max601,2025-10-01 09:38
"9 Inch Modiified Mesh Short",9-inch-modiified-mesh-short-1844,2025-10-01 09:38
"Class 2 Safety Green Short Sleeve T Shirt",class-2-safety-green-short-sleeve-t-shirt-max401,2025-10-01 09:38
"Ansi Class 3 2 In 1 Black Bottom Bomber Jacket W Removable Fleece Liner",ansi-class-3-2-in-1-black-bottom-bomber-jacket-w-removable-fleece-liner-max605,2025-10-01 09:38
"Port Company Core Blend Jersey Knit Polo",port-company-core-blend-jersey-knit-polo-kp55,2025-10-01 09:38
"Pacific Fusion Trucker Cap P401",pacific-fusion-trucker-cap-p401-3,2025-10-01 09:38
"Augusta Baseball 3 4 Sleeve Tee 2 0",augusta-baseball-3-4-sleeve-tee-2-0-4420,2025-10-01 09:38
"Winning Streak Polo",winning-streak-polo-5091,2025-10-01 09:38
"Russell Legend Tech Fleece Hoodie",russell-legend-tech-fleece-hoodie-r23tfm,2025-10-01 09:38
"Holloway Recruiter Polo",holloway-recruiter-polo-222569,2025-10-01 09:38
"Nylon Coachs Jacket Lined",nylon-coachs-jacket-lined-3100,2025-10-01 09:38
"Sheffield Jersey",sheffield-jersey-322970,2025-10-01 09:38
"Cornerstone Tall Select Lightweight Snag Proof Polo",cornerstone-tall-select-lightweight-snag-proof-polo-tlcs418,2025-10-01 09:38
"Sport Tek Colorblock Raglan Jersey",sport-tek-colorblock-raglan-jersey-t200,2025-10-01 09:38
"Sport Tek Posicharge Active Textured Polo",sport-tek-posicharge-active-textured-polo-st690,2025-10-01 09:38
"American Apparel Fine Jersey T Shirt",american-apparel-fine-jersey-t-shirt-2001w,2025-10-01 09:38
"Sport Tek Ladies Posicharge Active Textured Polo",sport-tek-ladies-posicharge-active-textured-polo-lst690,2025-10-01 09:38
"Port Authority Xcape Computer Backpack",port-authority-xcape-computer-backpack-bg100,2025-10-01 09:38
"American Apparel Unisex Heavyweight T Shirt",american-apparel-unisex-heavyweight-t-shirt-1301w,2025-10-01 09:38
"Midweight Full Zip Hooded Sweatshirt",midweight-full-zip-hooded-sweatshirt-ss4500z,2025-10-01 09:38
"Midweight Fleece Pants",midweight-fleece-pants-ind20pnt,2025-10-01 09:38
"Garment Dyed Heavyweight T Shirt",garment-dyed-heavyweight-t-shirt-1717,2025-10-01 09:38
"Heavyweight Hooded Sweatshirt",heavyweight-hooded-sweatshirt-1nd4000,2025-10-01 09:38
"Sport Tek Youth Long Sleeve Rashguard Tee",sport-tek-youth-long-sleeve-rashguard-tee-yst470ls,2025-10-01 09:38
"Port Company Youth Fan Favorite Blend Tee",port-company-youth-fan-favorite-blend-tee-pc455y,2025-10-01 09:38
"Multicam Trucker Snapback",multicam-trucker-snapback-cap,2025-10-01 09:38
"Champion Heritage 5 2 Oz Jersey Long Sleeve Tee",champion-heritage-5-2-oz-jersey-long-sleeve-tee-cc8c,2025-10-01 09:38
"Trucker Pacflex Cap",trucker-pacflex-cap-3,2025-10-01 09:38
"Yp Classics Classic Dad Hat",yp-classics-classic-dad-hat-6245cm,2025-10-01 09:38
"Multicam Ripstop Cordura Snapback Cap",multicam-ripstop-cordura-snapback-cap-m35,2025-10-01 09:38
"Jerzees Dri Power 50 50 Cotton Poly Pocket T Shirt",jerzees-dri-power-50-50-cotton-poly-pocket-t-shirt-29mp,2025-10-01 09:38
"Allmade Unisex Tri Blend Tee",allmade-unisex-tri-blend-tee-al2004,2025-10-01 09:38
"Jerzees Dri Power 50 50 Cotton Poly T Shirt",jerzees-dri-power-50-50-cotton-poly-t-shirt-29m,2025-10-01 09:38
"Bellacanvas Unisex Jersey Long Sleeve Tee",bellacanvas-unisex-jersey-long-sleeve-tee-bc3501,2025-10-01 09:38
"Port Company Long Sleeve Fan Favorite Tee",port-company-long-sleeve-fan-favorite-tee-pc450ls,2025-10-01 09:38
"Port Company Fan Favorite Tee",port-company-fan-favorite-tee-pc450,2025-10-01 09:38
"Champion Heritage 6 Oz Jersey Tee",champion-heritage-6-oz-jersey-tee-t425,2025-10-01 09:38
"Limitless Quarter Zip Hooded Pullover",limitless-quarter-zip-hooded-pullover-222584,2025-10-01 09:38
"Basic Polo A130",basic-polo-a130-t,2025-10-01 09:38
"Adidas Blend",adidas-blend-polo,2025-10-01 09:38
"Basic Polo A130",basic-polo-a130-t2,2025-10-01 09:38
"Adidas Womens 3 Stripes French Terry Full Zip Jacket A191",adidas-womens-3-stripes-french-terry-full-zip-jacket-a191-t,2025-10-01 09:38
"Bellacanvas Unisex 3 4 Sleeve Baseball Tee",bellacanvas-unisex-3-4-sleeve-baseball-tee-bc3200,2025-10-01 09:38
"Cotton Jersey Go To",cotton-jersey-go-to-tee,2025-10-01 09:38
"Cornerstone Ansi 107 Class 3 Safety Windbreaker Csj25",cornerstone-ansi-107-class-3-safety-windbreaker-csj25-copy,2025-10-01 09:38
"Cornerstone Heavyweight Full Zip Hooded Sweatshirt With Thermal Lining Cs620",cornerstone-heavyweight-full-zip-hooded-sweatshirt-with-thermal-lining-cs620-copy,2025-10-01 09:38
"Cornerstone Lined Enhanced Visibility With Reflective Stripes Beanie Cs804",cornerstone-lined-enhanced-visibility-with-reflective-stripes-beanie-cs804-copy,2025-10-01 09:38
"Gildan Ultra Cotton 100 Us Cotton T Shirt 2000 Copy",gildan-ultra-cotton-100-us-cotton-t-shirt-2000-copy-5,2025-10-01 09:38
"Richardson Snapback Trucker Cap 112 Copy",richardson-snapback-trucker-cap-112-copy-3,2025-10-01 09:38
"Cornerstone Industrial Snag Proof Pique Pocket Polo Cs4020P",cornerstone-industrial-snag-proof-pique-pocket-polo-cs4020p-copy,2025-10-01 09:38
"Richardson Snapback Trucker Cap 112 Copy",richardson-snapback-trucker-cap-112-copy-4,2025-10-01 09:38
"Cornerstone Ansi 107 Class 2 Safety T Shirt Cs401 Copy",cornerstone-ansi-107-class-2-safety-t-shirt-cs401-copy-3,2025-10-01 09:38
"Cornerstone Ansi 107 Class 2 Mesh Tee Cs200",cornerstone-ansi-107-class-2-mesh-tee-cs200-copy,2025-10-01 09:38
"Cornerstone Ansi 107 Class 2 Mesh Six Pocket Zippered Vest Csv104",cornerstone-ansi-107-class-2-mesh-six-pocket-zippered-vest-csv104-copy,2025-10-01 09:38
"Cornerstone Ansi 107 Class 2 Mesh Tee Cs200 Copy",cornerstone-ansi-107-class-2-mesh-tee-cs200-copy-2,2025-10-01 09:38
"Cornerstone Enhanced Visibility Fleece Pullover Hoodie Csf01",cornerstone-enhanced-visibility-fleece-pullover-hoodie-csf01-copy,2025-10-01 09:38
"Cornerstone Ansi 107 Class 2 Mesh Long Sleeve Tee Cs201",cornerstone-ansi-107-class-2-mesh-long-sleeve-tee-cs201-copy,2025-10-01 09:38
"Ogio Commuter Utility Case",ogio-commuter-utility-case-97001,2025-10-01 09:38
"Ogio Resistant Rolltop Pack",ogio-resistant-rolltop-pack-91014,2025-10-01 09:38
"Ogio Surplus Pack",ogio-surplus-pack-91011,2025-10-01 09:38
"Imperial The Wrightson Cap",imperial-the-wrightson-cap-5054,2025-10-01 09:38
"Ogio Transfer Pack",ogio-transfer-pack-91013,2025-10-01 09:38
"Champion Heritage 5 2 Oz Jersey Long Sleeve Tee Cc8C Copy",champion-heritage-5-2-oz-jersey-long-sleeve-tee-cc8c-copy-13,2025-10-01 09:38
"Port Company Core Cotton Tee Pc54 Copy",port-company-core-cotton-tee-pc54-copy-4,2025-10-01 09:38
"Port Authority Eco Snapback Trucker Cap C112Eco Copy",port-authority-eco-snapback-trucker-cap-c112eco-copy-2,2025-10-01 09:38
"Ogio Resistant Crossbody",ogio-resistant-crossbody-97002,2025-10-01 09:38
"Ogio Shuttle Pack",ogio-shuttle-pack-411094,2025-10-01 09:38
